timestamp,time_delta,packet_size,direction,Type
1522954003.507035,12.0795,1412,0,4
1522868693.650025,8.69218,1412,0,1
1522940261.65677,6.66231,74,1,4
1522943073.228233,26.8003,1412,0,4
1522918702.410562,2.04855,1412,0,4
1522964039.258242,0.313871,1412,0,4
1522768773.057832,22.2265,94,0,1
1522888894.400689,11.909,1412,0,1
1522853102.147158,3.09056,1412,0,1
1522888894.764892,12.2732,122,1,1
1522865359.446981,12.4768,124,1,1
1522853104.062608,5.00601,116,1,1
1529634881.958981,1.55002,1412,0,2
1522886700.453445,11.65,1412,0,1
1522768764.46984,13.6385,1412,1,1
1522918702.37101,2.009,1412,0,4
1522763859.199598,14.1761,1412,1,1
1529644963.648824,0.88692,1412,0,2
1522861277.252689,8.5438,1412,0,1
1522964099.351104,60.4067,1412,0,4
1527993526.549076,30.8962,148,0,0
1522928731.699353,26.2577,1294,0,4
1522763853.353633,8.33015,94,0,1
1527851052.596607,91.0328,148,0,0
1522763864.99618,19.9727,1412,1,1
1522853102.134838,3.07824,1412,0,1
1522940304.100879,49.1064,74,1,4
1522956025.985226,6.2848,1412,0,4
1522853102.766524,3.70993,1412,0,1
1527791943.881935,22.41,100,1,0
1522928729.262022,23.8204,74,1,4
1522953992.624205,1.19668,1412,0,4
1522886702.896822,14.0934,1412,0,1
1529634880.910473,0.50151,622,1,2
1522940303.526188,48.5317,1294,0,4
1522964042.982381,4.03801,1412,0,4
1529515408.564043,1.08328,1412,0,2
1522922692.324778,48.9392,1392,0,4
1522842699.147768,15.3567,1412,0,1
1522940280.556422,25.562,1294,0,4
1522964051.295883,12.3515,1412,0,4
1522715510.078442,6.06278,74,0,3
1522888894.008248,11.5165,1412,0,1
1522922683.066807,39.6813,1392,0,4
1522954026.771371,35.3438,1412,0,4
1529541636.112939,0.595229,1412,0,2
1528083087.209549,30.1344,107,1,0
1522853105.063421,6.00683,1412,0,1
1522853103.476371,4.41978,1412,0,1
1527993556.182916,60.53,222,1,0
1522842710.275769,26.4847,1412,0,1
1522940255.119086,0.124623,1294,0,4
1527924754.342495,103.808,270,1,0
1529634882.026644,1.61768,1412,0,2
1529478747.65001,1.0264,1412,0,2
1522943078.546515,32.1186,126,1,4
1522861278.3346,9.62572,1412,0,1
1522917966.412916,0.097255,1412,0,4
1522763862.472353,17.4489,1412,1,1
1529541636.532647,1.01494,1412,0,2
1529644963.722699,0.960795,1412,0,2
1529644964.122881,1.36098,125,1,2
1522886713.427724,24.6243,1412,0,1
1522964063.961601,25.0172,1412,0,4
1522943107.217904,60.79,1412,0,4
1522861277.771452,9.06257,1412,0,1
1522943101.623189,55.1953,1412,0,4
1522861278.20985,9.50097,1412,0,1
1529626612.907058,0.919727,1412,0,2
1529626612.684983,0.697652,1412,0,2
1522940255.982054,0.987591,1294,0,4
1522842690.718135,6.92706,1412,0,1
1522842691.145714,7.35464,1412,0,1
1522928705.560429,0.118812,74,1,4
1522981606.703366,48.8386,1412,0,4
1522943047.067097,0.639208,1412,0,4
1529564285.534594,0.462757,1412,0,2
1522956038.669361,18.9689,1412,0,4
1522865359.16886,12.1987,1412,0,1
1522964039.254621,0.31025,1412,0,4
1529554551.920951,0.371023,1412,0,2
1529634882.055511,1.64655,1412,0,2
1522886701.760562,12.9571,1412,0,1
1529626612.719443,0.732112,1412,0,2
1522886709.164187,20.3608,1412,0,1
1529513492.087974,1.2199,105,1,2
1522940255.946054,0.951591,1294,0,4
1522940313.820252,58.8258,1294,0,4
1522918753.269269,52.9073,354,1,4
1522768769.866429,19.0351,1412,1,1
1522861277.75661,9.04772,1412,0,1
1529513491.009111,0.141035,1392,0,2
1522739791.555947,6.3833,1294,0,3
1522922692.343367,48.9578,1392,0,4
1522940288.991827,33.9974,1294,0,4
1527741833.606022,115.704,87,0,0
1522886703.823259,15.0198,101,1,1
1522956047.094864,27.3944,1412,0,4
1522943052.304368,5.87648,1412,0,4
1522842701.512569,17.7215,1412,0,1
1527791965.185538,43.7136,103,1,0
1527760559.973916,46.7356,98,1,0
1522865358.571933,11.6018,1412,0,1
1522981596.816953,38.9521,1412,0,4
1522865359.037902,12.0677,1412,0,1
1522861278.420178,9.71129,1412,0,1
1522886705.606626,16.8032,1412,0,1
1529478746.745053,0.121445,100,1,2
1522940280.685895,25.6914,1294,0,4
1522886711.237685,22.4343,98,1,1
1522940256.838104,1.84364,1294,0,4
1522763861.532216,16.5087,1412,1,1
1522922677.843961,34.4584,1392,0,4
1522928758.505505,53.0639,74,1,4
1522964051.348628,12.4043,126,1,4
1522928731.69702,26.2554,1294,0,4
1522859387.710837,11.052,1412,0,1
1522953999.101045,7.67351,126,1,4
1522928744.212862,38.7712,74,1,4
1529554552.797945,1.24802,1412,0,2
1522981558.744885,0.880082,1412,0,4
1522853104.373839,5.31724,1412,0,1
1522956026.086768,6.38634,1412,0,4
1529541636.476408,0.958698,1412,0,2
1522928723.073401,17.6318,74,1,4
1522716080.129732,7.60445,1294,0,3
1522928758.219248,52.7776,1294,0,4
1522922646.497023,3.11147,1392,0,4
1522940280.55745,25.563,1294,0,4
1522861277.887242,9.17836,1412,0,1
1522940294.272448,39.278,74,1,4
1522940313.69752,58.7031,74,1,4
1522956076.96676,57.2663,1412,0,4
1522928731.664527,26.2229,1294,0,4
1522886709.587612,20.7842,101,1,1
1522940261.582369,6.58791,1294,0,4
1522859387.866126,11.2073,1412,0,1
1529645506.723313,0.530844,1412,0,2
1522886708.535279,19.7318,1412,0,1
1522853104.787479,5.73088,1412,0,1
1522928715.639015,10.1974,1294,0,4
1529515408.417497,0.936729,1412,0,2
1522886697.622833,8.8194,101,1,1
1522981581.35106,23.4863,1412,0,4
1522940270.073521,15.0791,1294,0,4
1522861278.270798,9.56191,1412,0,1
1529645507.770898,1.57843,1412,0,2
1522956020.478547,0.778117,1412,0,4
1522768766.451009,15.6197,1412,1,1
1522886700.990048,12.1866,114,1,1
1522763853.602321,8.57884,1412,1,1
1529554552.605621,1.05569,1412,0,2
1522953994.411988,2.98446,1412,0,4
1529645506.56555,0.373081,1412,0,2
1522940275.145285,20.1508,1294,0,4
1522635942.17168,1.10742,74,1,3
1522954026.725878,35.2983,1412,0,4
1522865358.793754,11.8236,1412,0,1
1522956020.496537,0.796107,1412,0,4
1529644963.306558,0.544654,1412,0,2
1522928729.288261,23.8466,74,1,4
1522768766.28176,15.4504,1412,1,1
1528085177.315753,13.5451,104,1,0
1522943096.776391,50.3485,1412,0,4
1522964040.745283,1.80091,1412,0,4
1529515408.491347,1.01058,1412,0,2
1522859388.632426,11.9736,1412,0,1
1522943046.578446,0.150557,1412,0,4
1522954003.50298,12.0754,1412,0,4
1529478747.815295,1.19169,116,1,2
1522861278.400226,9.69134,1412,0,1
1522953992.629211,1.20168,1412,0,4
1522956053.210388,33.51,1412,0,4
1522964040.8199,1.87553,1412,0,4
1522768765.038436,14.2071,1412,1,1
1522859388.187845,11.529,1412,0,1
1522861278.2586,9.54972,1412,0,1
1522928722.941501,17.4999,74,1,4
1522943101.803201,55.3753,1412,0,4
1522853101.651949,2.59535,1412,0,1
1527987818.294658,97.8901,258,1,0
1527987774.441744,54.0372,148,0,0
1529626612.990731,1.0034,1412,0,2
1522928709.621889,4.18027,1294,0,4
1522956065.365584,45.6652,1412,0,4
1522956026.060102,6.35967,1412,0,4
1522768771.373209,20.5419,1412,1,1
1528083093.392691,36.3175,271,0,0
1522861277.024613,8.31573,1412,0,1
1522954035.066942,43.6394,1412,0,4
1529513491.177951,0.309875,910,0,2
1522886698.842019,10.0386,101,1,1
1529626612.495458,0.508127,1412,0,2
1522928752.760923,47.3193,74,1,4
1529513491.025454,0.157378,1392,0,2
1522853100.753214,1.69662,1412,0,1
1522861277.138975,8.43009,1412,0,1
1529554552.485081,0.935153,1412,0,2
1522928739.102778,33.6612,1294,0,4
1522940269.954419,14.96,1294,0,4
1522861277.742288,9.0334,1412,0,1
1522953999.088662,7.66113,1412,0,4
1522842702.923543,19.1325,1412,0,1
1522956046.960816,27.2604,1412,0,4
1527993511.895123,16.2423,291,0,0
1522865358.813304,11.8431,1412,0,1
1522763853.305942,8.28246,1412,1,1
1522928709.732708,4.29109,1294,0,4
1529626612.901515,0.914184,1412,0,2
1522928744.189016,38.7474,1294,0,4
1527741730.749701,12.8472,322,1,0
1522940261.645494,6.65103,1294,0,4
1529644964.121874,1.35997,1412,0,2
1527924651.103277,0.568621,1412,0,0
1522842697.42177,13.6307,1412,0,1
1529644963.365754,0.60385,126,1,2
1522953999.067928,7.6404,1412,0,4
1527792024.937091,103.465,100,1,0
1529554552.07949,0.529562,1412,0,2
1522940314.488918,59.4945,74,1,4
1522647189.698404,7.85163,1294,1,3
1522886697.454847,8.65141,101,1,1
1527987828.226329,107.822,148,0,0
1522727177.094654,3.85922,74,1,3
1529564287.17321,2.10137,1412,0,2
1522865358.44749,11.4773,1412,0,1
1522943106.857742,60.4299,1412,0,4
1522964075.435029,36.4907,1412,0,4
1522763855.926128,10.9026,1412,1,1
1522940313.201367,58.2069,1294,0,4
1522928752.949497,47.5079,1294,0,4
1522868694.50566,9.54782,1412,0,1
1529645506.948604,0.756135,1412,0,2
1522842691.909441,8.11836,1412,0,1
1522859388.560741,11.9019,1412,0,1
1522918016.049036,49.7334,930,0,4
1522964051.2949,12.3505,1412,0,4
1522953998.692558,7.26503,1412,0,4
1522964043.019233,4.07486,1412,0,4
1522922669.673482,26.2879,119,1,4
1522943062.943662,16.5158,1412,0,4
1522922683.130792,39.7452,1392,0,4
1522842706.105182,22.3141,1412,0,1
1529564287.64814,2.5763,1412,0,2
1522964083.915667,44.9713,1412,0,4
1522888894.077992,11.5863,1412,0,1
1522964058.603997,19.6596,1412,0,4
1522928757.956947,52.5153,74,1,4
1529554552.169472,0.619544,1412,0,2
1522964042.828401,3.88403,1412,0,4
1522928758.978518,53.5369,1294,0,4
1522981596.824177,38.9594,1412,0,4
1529515408.090484,0.609716,1412,0,2
1522853103.112499,4.0559,122,1,1
1529478747.449086,0.825478,1412,0,2
1522853103.75626,4.69966,1412,0,1
1529541636.108283,0.590573,126,1,2
1529554552.903911,1.35398,1412,0,2
1522943078.581539,32.1536,1412,0,4
1527987801.276527,80.872,101,1,0
1529513491.879307,1.01123,1392,0,2
1522865359.365685,12.3955,1412,0,1
1522768767.803746,16.9724,1412,1,1
1522940294.366891,39.3724,1294,0,4
1529645506.881389,0.68892,1412,0,2
1529626612.823067,0.835736,1412,0,2
1522943046.578194,0.150305,1412,0,4
1522928758.964589,53.523,1294,0,4
1522763866.564058,21.5406,1412,1,1
1522940285.857614,30.8632,1294,0,4
1522888894.728779,12.2371,1412,0,1
1522865359.070593,12.1004,1412,0,1
1522964064.042119,25.0977,1412,0,4
1529554552.170464,0.620536,1412,0,2
1522928738.981876,33.5403,1294,0,4
1522635942.05773,0.993467,1294,0,3
1522768771.626547,20.7952,1412,1,1
1528085260.64028,96.8696,390,1,0
1529478747.009287,0.385679,1412,0,2
1522739791.874701,6.70205,140,0,3
1529645507.50057,1.3081,1412,0,2
1522763859.948428,14.9249,1412,1,1
1522868693.495378,8.53753,1412,0,1
1522956077.137771,57.4373,1412,0,4
1522768775.395833,24.5645,1412,1,1
1522763864.682928,19.6594,1412,1,1
1522918016.038701,49.723,1412,0,4
1522865358.648235,11.6781,1412,0,1
1529515408.2551,0.774332,1412,0,2
1527987811.096552,90.692,395,1,0
1529644964.115078,1.35317,125,1,2
1522861277.579741,8.87086,1412,0,1
1522964075.935929,36.9916,1412,0,4
1522956069.468272,49.7678,1412,0,4
1529645507.991092,1.79862,1412,0,2
1522918702.416609,2.05459,1412,0,4
1529564286.632179,1.56034,1412,0,2
1522964070.313935,31.3696,1412,0,4
1527760623.929605,110.691,87,0,0
1522865359.262503,12.2923,1412,0,1
1522922655.970035,12.5845,1392,0,4
1522964063.97554,25.0312,1412,0,4
1527851042.286241,80.7225,976,1,0
1527741762.30627,44.4038,107,1,0
1522943101.348177,54.9203,1412,0,4
1527993581.131863,85.479,387,1,0
1522842701.237975,17.4469,1412,0,1
1527745294.598776,69.5217,87,0,0
1527741729.886651,11.9842,107,1,0
1522928709.590291,4.14867,110,1,4
1522956020.066588,0.366158,1412,0,4
1522918739.142955,38.7809,1412,0,4
1522943052.394089,5.9662,1412,0,4
1522654301.246369,0.155039,74,1,3
1529645506.715809,0.52334,125,1,2
1529564285.511842,0.440005,1412,0,2
1522865359.505392,12.5352,125,1,1
1522981558.741653,0.87685,1412,0,4
1529626612.195426,0.208095,1412,0,2
1522861277.847245,9.13836,1412,0,1
1529645507.75932,1.56685,1412,0,2
1529644963.52707,0.765166,1412,0,2
1522953994.749324,3.32179,1412,0,4
1522763866.00441,20.9809,1412,1,1
1529645507.997941,1.80547,1412,0,2
1522917969.378084,3.06242,1412,0,4
1522956065.215456,45.515,192,1,4
1522744998.57654,8.02609,1294,0,3
1522763856.191364,11.1679,1412,1,1
1522888894.002322,11.5106,1412,0,1
1522956020.070468,0.370038,1412,0,4
1522940270.074608,15.0801,1294,0,4
1522918739.294997,38.933,1412,0,4
1522861277.280292,8.57141,1412,0,1
1522928709.459416,4.0178,110,1,4
1522964039.636219,0.691848,1412,0,4
1522888894.731465,12.2397,1412,0,1
1522853105.028792,5.9722,1412,0,1
1522768770.959728,20.1284,97,0,1
1522964083.221037,44.2767,1412,0,4
1522842696.286525,12.4954,1412,0,1
1522768766.50728,15.6759,1412,1,1
1527924672.063231,21.5286,148,0,0
1528085263.314573,99.5439,92,0,0
1527987770.767523,50.363,148,0,0
1522861277.489809,8.78092,428,0,1
1522922655.962678,12.5771,1392,0,4
1522954045.278065,53.8505,1412,0,4
1522928706.052905,0.611288,1294,0,4
1522763854.079368,9.05589,1412,1,1
1522842705.125864,21.3348,1412,0,1
1522943096.721143,50.2933,1412,0,4
1522922669.752074,26.3665,1392,0,4
1522981558.762229,0.897426,125,1,4
1529513491.180308,0.312232,1392,0,2
1529541636.110735,0.593025,1412,0,2
1529644964.286229,1.52432,1412,0,2
1529554552.073706,0.523778,1412,0,2
1522940302.52668,47.5322,74,1,4
1522886701.594077,12.7906,1412,0,1
1522922683.092595,39.707,1392,0,4
1522981563.954346,6.08954,1412,0,4
1522842696.227199,12.4361,104,1,1
1522943046.851858,0.423969,1412,0,4
1522768768.23004,17.3987,1412,1,1
1529564286.704501,1.63266,1412,0,2
1522865358.740609,11.7704,1412,0,1
1522918753.143634,52.7816,1412,0,4
1528083057.441828,0.366634,1412,0,0
1529626612.264355,0.277024,1412,0,2
1522768798.040844,47.2095,178,0,1
1529626612.646532,0.659201,930,0,2
1527791962.372655,40.9007,100,1,0
1522861277.756447,9.04756,1412,0,1
1529626612.634001,0.64667,1412,0,2
1522964064.04158,25.0972,1412,0,4
1522964039.66079,0.716419,1412,0,4
1522768762.438295,11.607,1412,1,1
1522842698.824298,15.0332,1412,0,1
1522842701.243088,17.452,1412,0,1
1522956031.6173,11.9169,1412,0,4
1529541636.675494,1.15778,1412,0,2
1528085212.998881,49.2282,87,0,0
1522943078.457872,32.03,1412,0,4
1522868694.474199,9.51635,1412,0,1
1522981606.438531,48.5737,168,1,4
1522865359.297791,12.3276,1412,0,1
1522853103.463618,4.40702,1412,0,1
1522964099.985436,61.0411,1412,0,4
1527791927.817307,6.34537,1412,0,0
1529644963.457159,0.695255,1412,0,2
1522943073.289054,26.8612,1412,0,4
1522928759.18991,53.7483,74,1,4
1527745305.681305,80.6042,263,1,0
1522853102.181889,3.12529,1412,0,1
1522956069.188779,49.4883,1412,0,4
1522768768.043457,17.2121,103,0,1
1522943046.947086,0.519197,1412,0,4
1522943088.645046,42.2172,1412,0,4
1527924687.392058,36.8574,101,1,0
1522943096.744939,50.317,1412,0,4
1522943106.729367,60.3015,1412,0,4
1522768765.655496,14.8242,100,0,1
1522940312.96832,57.9739,74,1,4
1522953998.750959,7.32343,1412,0,4
1522964075.433294,36.4889,113,1,4
1529541636.111731,0.594021,1412,0,2
1529554552.544649,0.994721,1412,0,2
1522928715.611854,10.1702,74,1,4
1522943047.061458,0.633569,1412,0,4
1522964040.755285,1.81091,1412,0,4
1522943046.983066,0.555177,1412,0,4
1522922669.599371,26.2138,1392,0,4
1522964042.857996,3.91363,1412,0,4
1522865358.736954,11.7668,125,1,1
1522865359.277805,12.3076,1412,0,1
1522859388.350163,11.6913,120,1,1
1522981563.989499,6.1247,956,0,4
1527851046.642749,85.079,87,0,0
1522922683.066238,39.6807,1392,0,4
1522768771.870463,21.0391,117,0,1
1522865358.350584,11.3804,1412,0,1
1522953992.641205,1.21368,1412,0,4
1522943082.838232,36.4103,126,1,4
1529554551.734562,0.184634,1412,0,2
1522940303.798641,48.8042,1294,0,4
1522928752.711106,47.2695,1294,0,4
1522865358.555956,11.5858,1412,0,1
1522940280.542545,25.5481,1294,0,4
1527924749.321059,98.7864,260,1,0
1522956031.4352,11.7348,1412,0,4
1522888894.021616,11.5299,125,1,1
1522928748.307723,42.8661,1294,0,4
1522768773.512676,22.6813,103,0,1
1522768772.5446,21.7133,94,0,1
1522842693.634274,9.84319,1392,0,1
1522940294.255171,39.2607,1294,0,4
1522943101.417175,54.9893,1412,0,4
1522964042.878876,3.9345,1412,0,4
1522868694.242603,9.28476,1412,0,1
1522964070.131998,31.1876,1412,0,4
1522964042.84537,3.901,126,1,4
1522918720.309075,19.9471,1412,0,4
1522922696.694537,53.309,1392,0,4
1528083092.980864,35.9057,98,1,0
1522956021.066577,1.36615,1412,0,4
1522842700.008454,16.2174,104,1,1
1529513491.314923,0.446847,1392,0,2
1522853099.485872,0.429277,1412,0,1
1522768767.767477,16.9361,1412,1,1
1522861278.246547,9.53766,1412,0,1
1522964040.561266,1.61689,1412,0,4
1529513491.631456,0.76338,1392,0,2
1522763863.332197,18.3087,1412,1,1
1522964043.025126,4.08075,1412,0,4
1522943073.285361,26.8575,126,1,4
1522981572.197732,14.3329,1412,0,4
1529478747.651278,1.02767,114,1,2
1522886700.128178,11.3247,1412,0,1
1522859388.47806,11.8192,1412,0,1
1522954034.602358,43.1748,1412,0,4
1529564285.629295,0.557458,1412,0,2
1522964042.791881,3.84751,1412,0,4
1522956021.028575,1.32815,1412,0,4
1522842710.343898,26.5528,1412,0,1
1522956056.502589,36.8022,1412,0,4
1529645506.581812,0.389343,1412,0,2
1522956047.112771,27.4123,1412,0,4
1529564285.671843,0.600006,1412,0,2
1522956070.416449,50.716,110,1,4
1529634880.43596,0.0269971,97,1,2
1522859388.092348,11.4335,1412,0,1
1522943052.239588,5.8117,139,1,4
1522842698.037288,14.2462,104,1,1
1522956047.025252,27.3248,1412,0,4
1529513491.200251,0.332175,1392,0,2
1522940256.827103,1.83264,1294,0,4
1522635942.336737,1.27247,1294,0,3
1522861278.532884,9.824,125,1,1
1522842710.926832,27.1358,1412,0,1
1522888894.779524,12.2878,1412,0,1
1522768772.987995,22.1567,1412,1,1
1529554552.860621,1.31069,1412,0,2
1522768770.543051,19.7117,1412,1,1
1522943106.279554,59.8517,1412,0,4
1529626612.22676,0.239429,125,1,2
1522964063.938457,24.9941,126,1,4
1522928753.022068,47.5805,74,1,4
1522922677.836589,34.451,1392,0,4
1522853104.852425,5.79583,1412,0,1
1529515407.851204,0.370436,1412,0,2
1522922696.631021,53.2455,1392,0,4
1522768768.544275,17.7129,1412,1,1
1522981606.059149,48.1943,1412,0,4
1522956031.44404,11.7436,1412,0,4
1529634880.978988,0.570025,1412,0,2
1527745281.282938,56.2058,1412,1,0
1522964084.15311,45.2087,1412,0,4
1522918009.797445,43.4818,1412,0,4
1522918752.891473,52.5295,1412,0,4
1522956038.830791,19.1304,1412,0,4
1522922669.786182,26.4006,1392,0,4
1529564287.611279,2.53944,1412,0,2
1522943057.56687,11.139,1412,0,4
1522868693.646113,8.68827,1412,0,1
1522956056.566808,36.8664,1412,0,4
1527993568.835243,73.1824,388,1,0
1527792023.333134,101.861,1412,1,0
1522861277.639194,8.93031,1412,0,1
1522954035.181401,43.7539,1412,0,4
1522922652.568997,9.18344,1392,0,4
1522865358.30904,11.3389,1412,0,1
1522956065.479588,45.7792,1412,0,4
1529645508.046565,1.8541,1412,0,2
1527924753.624676,103.09,87,0,0
1522928715.453464,10.0118,74,1,4
1522922645.34552,1.95997,1392,0,4
1529515407.863686,0.382918,1412,0,2
1522768765.417677,14.5863,100,0,1
1522768770.985569,20.1542,1412,1,1
1529554552.362821,0.812893,1412,0,2
1522956056.508243,36.8078,1412,0,4
1522943052.327861,5.89997,1412,0,4
1522842707.509573,23.7185,1412,0,1
1522768769.3811,18.5498,1412,1,1
1522886698.034163,9.23073,1412,0,1
1522964083.241165,44.2968,1412,0,4
1522662270.652754,0.761855,74,1,3
1522940280.654366,25.6599,74,1,4
1522956020.491698,0.791268,126,1,4
1529515408.565493,1.08473,1412,0,2
1529513491.342287,0.474211,1392,0,2
1522956020.450595,0.750165,1412,0,4
1522943107.17528,60.7474,1412,0,4
1522956065.633824,45.9334,1412,0,4
1522886711.753739,22.9503,101,1,1
1522918702.438593,2.07658,1412,0,4
1522964095.207486,56.2631,243,1,4
1522768769.331466,18.5001,111,0,1
1527987800.552956,80.1484,87,0,0
1522956056.411174,36.7107,1412,0,4
1522954003.219815,11.7923,1412,0,4
1529644963.355175,0.593271,1412,0,2
1522922655.850361,12.4648,1392,0,4
1522943088.567242,42.1394,1412,0,4
1529541635.865911,0.348201,1412,0,2
1522928758.550885,53.1093,1294,0,4
1522954003.096815,11.6693,1412,0,4
1522928722.991352,17.5497,1294,0,4
1522943082.775762,36.3479,139,1,4
1522842708.760761,24.9697,1412,0,1
1529541636.101652,0.583942,1412,0,2
1522943106.970316,60.5424,1412,0,4
1529515407.924478,0.44371,1412,0,2
1529564285.815259,0.743422,1412,0,2
1522956077.78286,58.0824,107,1,4
1529554552.434706,0.884778,1412,0,2
1522943046.78857,0.360681,1412,0,4
1522922683.083247,39.6977,1392,0,4
1522943073.302028,26.8741,1412,0,4
1522953994.707327,3.2798,1412,0,4
1522943106.246377,59.8185,1412,0,4
1522842693.014971,9.22389,185,1,1
1522842694.279257,10.4882,1412,0,1
1522964083.113046,44.1687,1412,0,4
1522868694.169415,9.21157,1412,0,1
1529515407.583035,0.102267,1412,0,2
1522954044.76519,53.3377,1412,0,4
1529478746.791096,0.167488,1412,0,2
1529626613.166184,1.17885,107,1,2
1522861277.360615,8.65173,1412,0,1
1522842694.944124,11.153,101,1,1
1529634880.818702,0.409739,1412,0,2
1522861278.512514,9.80363,1412,0,1
1522865358.778606,11.8084,1412,0,1
1527993587.899283,92.2464,92,0,0
1529478747.74414,1.12053,1412,0,2
1522928738.983159,33.5415,74,1,4
1522853100.285336,1.22874,113,1,1
1522763862.633229,17.6097,1412,1,1
1529478747.809168,1.18556,1412,0,2
1522842698.228692,14.4376,1412,0,1
1522842710.208858,26.4178,1412,0,1
1522888893.976115,11.4844,1412,0,1
1522865358.703471,11.7333,125,1,1
1522859388.136608,11.4778,1412,0,1
1522842703.868481,20.0774,1412,0,1
1522861277.193237,8.48435,1412,0,1
1527791948.317753,26.8458,91,0,0
1527791932.609686,11.1377,392,1,0
1522886710.01364,21.2102,101,1,1
1522859388.392562,11.7337,1412,0,1
1522918719.176017,18.814,1412,0,4
1522940285.833694,30.8392,1294,0,4
1522922696.609813,53.2243,1392,0,4
1522953995.173947,3.74642,126,1,4
1528083100.575858,43.5007,140,0,0
1522964051.385159,12.4408,1412,0,4
1522853103.315213,4.25862,1412,0,1
1522853101.405386,2.34879,113,1,1
1522635942.170658,1.1064,1294,0,3
1522888894.017849,11.5261,1412,0,1
1528083069.30981,12.2346,1412,1,0
1522928723.137869,17.6963,1294,0,4
1522928723.114643,17.673,1294,0,4
1522859388.333585,11.6748,1412,0,1
1522886700.652578,11.8491,1412,0,1
1522888894.093389,11.6017,1412,0,1
1522928723.105881,17.6643,1294,0,4
1522943088.447269,42.0194,1412,0,4
1522928706.023528,0.581911,1294,0,4
1529644963.663433,0.901529,1412,0,2
1528085191.208641,27.438,233,0,0
1529564285.808754,0.736917,1412,0,2
1522964075.349372,36.405,1412,0,4
1522868694.807883,9.85004,1412,0,1
1528083143.060532,85.9853,148,0,0
1529634882.049084,1.64012,1412,0,2
1522768775.442217,24.6109,1412,1,1
1522922696.575286,53.1897,1392,0,4
1522928759.159857,53.7182,74,1,4
1522943052.384579,5.95669,1412,0,4
1522886706.619877,17.8164,1412,0,1
1522918700.439478,0.0774639,1412,0,4
1528083115.130406,58.0552,256,1,0
1522768772.153848,21.3225,1412,1,1
1522940261.480362,6.4859,1294,0,4
1522768774.74349,23.9122,1412,1,1
1522953994.462314,3.03478,1412,0,4
1529478747.329495,0.705887,1412,0,2
1522964083.572399,44.628,1412,0,4
1522868693.950511,8.99267,1412,0,1
1522964098.888648,59.9443,116,1,4
1529645506.882457,0.689988,1412,0,2
1529564285.872794,0.800957,1412,0,2
1522928709.476548,4.03493,1294,0,4
1522964039.66721,0.722839,1412,0,4
1522964063.968525,25.0242,1412,0,4
1522928744.347936,38.9063,74,1,4
1522865359.388791,12.4186,1412,0,1
1522918752.72409,52.3621,1412,0,4
1529478747.879433,1.25582,1412,0,2
1529478747.79814,1.17453,1412,0,2
1522943047.006067,0.578178,1412,0,4
1522956038.838751,19.1383,1412,0,4
1529554552.838255,1.28833,1412,0,2
1522928731.55242,26.1108,74,1,4
1529644963.013056,0.251152,1412,0,2
1529564285.681239,0.609402,1412,0,2
1522964063.942685,24.9983,1412,0,4
1522886708.516468,19.713,101,1,1
1522940285.765685,30.7712,1294,0,4
1529541636.672107,1.1544,1412,0,2
1522842698.432545,14.6415,1412,0,1
1522964070.307266,31.3629,1412,0,4
1522859388.269615,11.6108,1412,0,1
1522768764.38219,13.5509,103,0,1
1529515408.758561,1.27779,1412,0,2
1522763858.037168,13.0137,1412,1,1
1522763858.720553,13.6971,1412,1,1
1522964042.819405,3.87503,1412,0,4
1522943073.316914,26.889,1412,0,4
1522853104.794369,5.73777,1412,0,1
1522956077.610329,57.9099,1412,0,4
1522964099.843164,60.8988,1412,0,4
1522943082.726433,36.2985,1412,0,4
1522956031.544131,11.8437,1412,0,4
1522859388.200847,11.542,1412,0,1
1522940303.322896,48.3284,74,1,4
1522956026.037701,6.33727,1412,0,4
1522953993.269514,1.84198,1412,0,4
1527791934.229597,12.7577,100,1,0
1522853105.229526,6.17293,1412,0,1
1522928748.038214,42.5966,1294,0,4
1522981564.00023,6.13543,1412,0,4
1522918700.915521,0.553507,1412,0,4
1522964095.156384,56.212,1412,0,4
1522928709.43148,3.98986,1294,0,4
1522768766.673774,15.8424,1412,1,1
1522953998.664345,7.23681,138,1,4
1522886702.537592,13.7342,1412,0,1
1522943063.059617,16.6317,1412,0,4
1522865358.086676,11.1165,1412,0,1
1529513491.803446,0.93537,1392,0,2
1522768772.679953,21.8486,100,0,1
1522768771.689004,20.8577,1412,1,1
1529644964.205045,1.44314,1412,0,2
1529644964.314854,1.55295,1412,0,2
1522842709.606278,25.8152,1412,0,1
1529645506.585336,0.392867,1412,0,2
1522922644.300028,0.914475,1392,0,4
1529645507.468659,1.27619,1412,0,2
1522715509.497955,5.4823,147,0,3
1522886711.305631,22.5022,101,1,1
1522953993.22857,1.80104,1412,0,4
1529554551.839671,0.289743,1412,0,2
1522954013.998329,22.5708,1412,0,4
1527760588.61176,75.3734,148,0,0
1522943088.439899,42.012,125,1,4
1522928705.666672,0.225055,1294,0,4
1522853100.460352,1.40376,1412,0,1
1522888894.833196,12.3415,1412,0,1
1522853104.955715,5.89912,1412,0,1
1522943052.359788,5.9319,1412,0,4
1522842699.454495,15.6634,1412,0,1
1522964099.254486,60.3101,1412,0,4
1522943046.998071,0.570182,1412,0,4
1529634881.594929,1.18597,1412,0,2
1522956077.730807,58.0304,1412,0,4
1522981606.273491,48.4087,1412,0,4
1522954026.793536,35.366,1412,0,4
1522861277.485667,8.77678,1412,0,1
1529645507.425143,1.23267,125,1,2
1529554552.287736,0.737808,1412,0,2
1522886712.973793,24.1704,101,1,1
1529478747.428368,0.80476,1412,0,2
1522964095.174594,56.2302,204,1,4
1522956021.062417,1.36199,126,1,4
1522981581.344385,23.4796,1412,0,4
1522964083.98707,45.0427,1412,0,4
1522940275.181185,20.1867,1294,0,4
1529541636.391995,0.874285,1412,0,2
1522763853.90638,8.8829,1412,1,1
1522956046.967691,27.2673,1412,0,4
1527792006.907655,85.4357,255,0,0
1529515408.027803,0.547035,1412,0,2
1522662273.326062,3.43516,112,0,3
1522853100.771145,1.71455,1412,0,1
1522865358.689961,11.7198,1412,0,1
1529645508.017147,1.82468,126,1,2
1522886711.744521,22.9411,1412,0,1
1522886709.073756,20.2703,101,1,1
1522853104.768608,5.71201,110,1,1
1522964095.659435,56.7151,1412,0,4
1522842697.314763,13.5237,1412,0,1
1522940275.147758,20.1533,74,1,4
1522922683.168436,39.7829,1392,0,4
1522868694.210739,9.25289,125,1,1
1522981612.79285,54.928,1412,0,4
1527850970.921089,9.35732,103,1,0
1529478747.617216,0.993608,1412,0,2
1522861277.316291,8.60741,1412,0,1
1529554551.927047,0.377119,1412,0,2
1522842702.131472,18.3404,101,1,1
1522940285.787586,30.7931,1294,0,4
1522865358.797954,11.8278,1412,0,1
1522918720.257486,19.8955,1412,0,4
1522842692.342301,8.55122,1412,0,1
1522964039.405629,0.461258,1412,0,4
1522918009.790895,43.4752,1412,0,4
1522928758.732062,53.2904,1294,0,4
1522922644.506217,1.12066,105,1,4
1529541636.072169,0.554459,1412,0,2
1522859388.222031,11.5632,116,1,1
1522928739.064993,33.6234,74,1,4
1522956031.422198,11.7218,119,1,4
1522868694.393568,9.43572,1412,0,1
1522940280.622454,25.628,1294,0,4
1522918733.92073,33.5587,1412,0,4
1522917969.37208,3.05642,1412,0,4
1522853103.882589,4.82599,1412,0,1
1522662272.957897,3.067,74,1,3
1522842692.949999,9.15892,1412,0,1
1527987809.99453,89.59,271,1,0
1522918702.449611,2.0876,1412,0,4
1522918700.958533,0.596519,1412,0,4
1522861277.151316,8.44243,1412,0,1
1522928738.9309,33.4893,74,1,4
1522865358.668101,11.6979,1412,0,1
1522940304.180801,49.1863,1294,0,4
1529478746.885064,0.261456,1412,0,2
1522886709.910892,21.1075,1412,0,1
1529645506.940528,0.748059,1412,0,2
1522940285.927222,30.9328,74,1,4
1522886703.78969,14.9863,1412,0,1
1522865358.11149,11.1413,1412,0,1
1529541635.860816,0.343106,1412,0,2
1522768772.903752,22.0724,1412,1,1
1522861278.497748,9.78886,1412,0,1
1522940302.534813,47.5403,1294,0,4
1522956038.932164,19.2317,1412,0,4
1522956068.454162,48.7537,121,1,4
1522918719.159317,18.7973,1412,0,4
1522922656.003852,12.6183,1392,0,4
1522928748.240734,42.7991,1294,0,4
1527987830.951854,110.547,101,1,0
1522943052.389706,5.96182,1412,0,4
1522647189.302379,7.4556,1294,1,3
1522954003.127863,11.7003,1412,0,4
1522940270.098822,15.1044,1294,0,4
1522940314.789359,59.7949,1294,0,4
1522922696.709221,53.3237,1392,0,4
1522918739.22079,38.8588,1412,0,4
1522940303.014204,48.0197,1294,0,4
1522842694.620228,10.8291,1412,0,1
1529634881.580151,1.17119,1412,0,2
1522943046.767364,0.339475,1412,0,4
1529513491.3967,0.528624,1392,0,2
1522853101.628161,2.57157,1412,0,1
1522943063.077855,16.65,1412,0,4
1529564286.063472,0.991635,1412,0,2
1522861277.09251,8.38363,1412,0,1
1522865358.96948,11.9993,1412,0,1
1522964063.898615,24.9542,1412,0,4
1522888894.637171,12.1455,1412,0,1
1527924765.498978,114.964,258,1,0
1522940261.500903,6.50644,1294,0,4
1529645507.432787,1.24032,1412,0,2
1529626612.189557,0.202226,1412,0,2
1522956025.951763,6.25133,1412,0,4
1522940255.564537,0.570074,1294,0,4
1529478746.980954,0.357346,1412,0,2
1522768768.023454,17.1921,119,0,1
1522956020.582543,0.882113,1412,0,4
1529626612.229758,0.242427,1412,0,2
1529478747.275052,0.651444,1412,0,2
1522865359.3916,12.4214,1412,0,1
1522865358.457977,11.4878,1412,0,1
1522716078.72342,6.19814,74,1,3
1527993567.715471,72.0626,264,1,0
1522842693.977061,10.186,1412,0,1
1522861277.671017,8.96213,1412,0,1
1522943052.354204,5.92631,1412,0,4
1522859388.029724,11.3709,1412,0,1
1529554552.909664,1.35974,1412,0,2
1522956077.181773,57.4813,1412,0,4
1527745330.028301,104.951,533,1,0
1529554552.768107,1.21818,1412,0,2
1529644963.906552,1.14465,1412,0,2
1522768775.291962,24.4606,1412,1,1
1529634881.619659,1.2107,1412,0,2
1522868693.763809,8.80596,948,0,1
1522853104.55675,5.50015,1412,0,1
1522654301.573414,0.482084,1294,0,3
1529644964.216978,1.45507,1412,0,2
1522886697.633869,8.83044,104,1,1
1522928731.460356,26.0187,1294,0,4
1522763855.541465,10.518,1412,1,1
1529513492.161632,1.29356,1392,0,2
1522928731.488186,26.0466,1294,0,4
1522943073.290569,26.8627,1412,0,4
1522940256.135861,1.1414,74,1,4
1529554552.478719,0.928791,1412,0,2
1522964051.299811,12.3554,1412,0,4
1522956065.07894,45.3785,1412,0,4
1522768775.174714,24.3434,1412,1,1
1522886701.834037,13.0306,1412,0,1
1522943078.611178,32.1833,1412,0,4
1522865358.103956,11.1338,1333,0,1
1522981572.159929,14.2951,1412,0,4
1522853105.796389,6.73979,1412,0,1
1522888894.797787,12.3061,1412,0,1
1522940280.591918,25.5975,1294,0,4
1522964095.174383,56.23,1412,0,4
1522918009.787594,43.4719,1412,0,4
1522635941.737309,0.673046,74,1,3
1522943078.612769,32.1849,1412,0,4
1522859387.897327,11.2385,1412,0,1
1522763862.71845,17.695,1412,1,1
1522964042.850509,3.90614,1412,0,4
1522954003.214816,11.7873,1412,0,4
1522842703.936356,20.1453,1412,0,1
1522964051.390515,12.4461,1412,0,4
1522917999.530899,33.2152,1412,0,4
1522888894.84921,12.3575,1412,0,1
1522940280.542463,25.548,1294,0,4
1529564285.832388,0.760551,1412,0,2
1522859388.624234,11.9654,1412,0,1
1522940288.993719,33.9993,1294,0,4
1522956031.603511,11.9031,1412,0,4
1529645508.037587,1.84512,1412,0,2
1529644963.053873,0.291969,1412,0,2
1522981558.769091,0.904288,1412,0,4
1522865358.168677,11.1985,1412,0,1
1522940285.838575,30.8441,74,1,4
1529645507.930911,1.73844,1412,0,2
1527741738.223926,20.3214,92,0,0
1529644963.985353,1.22345,1412,0,2
1522853103.723551,4.66696,113,1,1
1522868693.432142,8.4743,1412,0,1
1522859388.756107,12.0973,1412,0,1
1529541636.52449,1.00678,1412,0,2
1529515408.096634,0.615866,1412,0,2
1522842694.393482,10.6024,1412,0,1
1522956031.547732,11.8473,1412,0,4
1528085265.417296,101.647,917,1,0
1529645506.464315,0.271846,1412,0,2
1522868693.690796,8.73295,1412,0,1
1522768765.531261,14.6999,103,0,1
1522859388.603209,11.9444,1412,0,1
1522842701.234612,17.4435,1412,0,1
1522868694.303979,9.34613,1412,0,1
1522842707.085678,23.2946,1412,0,1
1522859388.201324,11.5425,1412,0,1
1522940285.870357,30.8759,1294,0,4
1529626612.909622,0.922291,126,1,2
1522763862.081428,17.0579,1412,1,1
1529564285.821852,0.750015,1412,0,2
1522853104.043248,4.98665,1412,0,1
1522768771.545066,20.7137,90,0,1
1522981612.962738,55.0979,1412,0,4
1527745239.196031,14.1189,445,1,0
1522763856.723461,11.7,1412,1,1
1529634880.944319,0.535356,1412,0,2
1522940255.103664,0.109201,1294,0,4
1522859388.534073,11.8752,1412,0,1
1527987804.381976,83.9774,261,1,0
1522956026.006084,6.30565,1412,0,4
1522768771.814182,20.9828,1412,1,1
1522940270.021877,15.0274,1294,0,4
1522647182.298107,0.45133,1294,1,3
1527745248.575555,23.4984,393,1,0
1522859387.692972,11.0341,1412,0,1
1522861277.621332,8.91245,1412,0,1
1522953991.455275,0.027745,97,1,4
1522928738.995655,33.554,1294,0,4
1528083112.146333,55.0711,148,0,0
1522928709.587111,4.14549,110,1,4
1522888894.426451,11.9347,1412,0,1
1522768765.650368,14.819,1412,1,1
1522868693.860085,8.90224,1412,0,1
1522922645.257068,1.87152,1392,0,4
1522768758.649027,7.81769,103,1,1
1522922669.675197,26.2896,1392,0,4
1522940261.585055,6.59059,1294,0,4
1529478747.738336,1.11473,110,1,2
1522868694.170186,9.21234,1412,0,1
1522956056.499077,36.7986,1412,0,4
1529513492.118066,1.24999,1392,0,2
1522886705.111153,16.3077,1412,0,1
1522842693.382925,9.59185,1412,0,1
1522842693.92162,10.1305,1412,0,1
1529634881.834399,1.42544,1412,0,2
1522853105.54506,6.48846,1412,0,1
1522861278.523635,9.81475,1412,0,1
1522859388.170022,11.5112,1412,0,1
1522943078.496863,32.069,1412,0,4
1522865358.094453,11.1243,1412,0,1
1522964063.952282,25.0079,951,0,4
1522861278.352871,9.64399,1412,0,1
1522842697.303261,13.5122,125,1,1
1529564285.871632,0.799795,1412,0,2
1522943078.4521,32.0242,1412,0,4
1522940261.643912,6.64945,74,1,4
1522964051.305872,12.3615,1412,0,4
1522861278.528885,9.82,1412,0,1
1522943078.55555,32.1277,126,1,4
1529541636.266307,0.748597,1412,0,2
1522940285.706759,30.7123,1294,0,4
1522981572.098423,14.2336,1412,0,4
1522954035.181918,43.7544,1412,0,4
1529513491.401918,0.533842,1392,0,2
1528085172.911336,9.1407,876,0,0
1522868693.657314,8.69947,1412,0,1
1522768772.389481,21.5581,1412,1,1
1522918753.023323,52.6613,1412,0,4
1522943088.662339,42.2344,1412,0,4
1522956038.959599,19.2592,1412,0,4
1522853100.385244,1.32865,1412,0,1
1522956069.514624,49.8142,1412,0,4
1529645506.454666,0.262197,1412,0,2
1522888894.726188,12.2345,104,1,1
1529564287.649976,2.57814,1412,0,2
1522861278.418709,9.70982,1412,0,1
1522940261.684147,6.68968,1294,0,4
1522981568.234073,10.3693,1412,0,4
1522853104.280406,5.22381,1412,0,1
1522886703.881265,15.0778,101,1,1
1527924683.755148,33.2205,318,0,0
1522956070.376179,50.6757,1412,0,4
1529644963.314368,0.552464,1412,0,2
1522981606.549387,48.6846,1412,0,4
1529554552.024422,0.474494,1412,0,2
1522768768.730966,17.8996,1412,1,1
1529515408.596468,1.1157,1412,0,2
1522940313.75991,58.7654,1294,0,4
1522954044.786194,53.3587,1412,0,4
1529626612.268643,0.281312,1412,0,2
1522918733.898807,33.5368,1412,0,4
1522964083.347215,44.4028,1412,0,4
1522964095.46104,56.5167,1412,0,4
1522918720.249795,19.8878,1412,0,4
1528083117.720438,60.6452,87,0,0
1527741830.20622,112.304,261,1,0
1522859387.766882,11.1081,1412,0,1
1522964083.306672,44.3623,1412,0,4
1529626612.872787,0.885456,1412,0,2
1522943073.203463,26.7756,1412,0,4
1529645506.861168,0.668699,1412,0,2
1522763861.234061,16.2106,1412,1,1
1522859388.463859,11.805,1412,0,1
1522868693.901368,8.94352,1412,0,1
1529478746.821364,0.197756,1412,0,2
1522763861.239422,16.2159,98,0,1
1522763859.256543,14.2331,92,0,1
1522954045.271448,53.8439,1412,0,4
1522861278.338071,9.62919,1412,0,1
1522868693.990997,9.03315,930,0,1
1522956056.412665,36.7122,1412,0,4
1528085232.64581,68.8752,1412,1,0
1522922655.903024,12.5175,1392,0,4
1522865359.09319,12.123,1412,0,1
1522918016.071382,49.7557,930,0,4
1529554552.514395,0.964467,1412,0,2
1522956025.980396,6.27997,1412,0,4
1522964058.682867,19.7385,1412,0,4
1522956069.543374,49.8429,1412,0,4
1529513491.161777,0.293701,1392,0,2
1522956020.560545,0.860115,1412,0,4
1522861278.187452,9.47857,1412,0,1
1522917972.784071,6.46841,1412,0,4
1522918701.949299,1.58729,1412,0,4
1522964051.299321,12.3549,1412,0,4
1522943046.962073,0.534184,1412,0,4
1522853104.154224,5.09763,1412,0,1
1522859387.941253,11.2824,1412,0,1
1522768774.57834,23.747,1412,1,1
1522940285.741689,30.7472,74,1,4
1522940294.404638,39.4102,1294,0,4
1522768762.49033,11.659,1412,1,1
1522763866.366609,21.3431,1412,1,1
1522928705.650084,0.208467,74,1,4
1522886704.275205,15.4718,101,1,1
1522922652.56605,9.1805,1392,0,4
1522943073.348171,26.9203,1412,0,4
1522940285.802295,30.8078,1294,0,4
1529626612.381647,0.394316,1412,0,2
1522861277.333477,8.62459,1412,0,1
1522842700.766927,16.9758,1412,0,1
1522865359.006554,12.0364,125,1,1
1522928709.717506,4.27589,1294,0,4
1529634880.809047,0.400084,1412,0,2
1522861277.045183,8.3363,1412,0,1
1522940303.067259,48.0728,74,1,4
1522943057.549089,11.1212,1412,0,4
1522954045.304216,53.8767,1412,0,4
1529644964.071993,1.31009,1412,0,2
1522940294.38545,39.391,1294,0,4
1522964070.340691,31.3963,1412,0,4
1522922644.500034,1.11448,1392,0,4
1529478747.148424,0.524816,1412,0,2
1522865358.603589,11.6334,1412,0,1
1527850971.918519,10.3547,151,0,0
1522888894.829056,12.3373,1412,0,1
1522853102.223702,3.16711,1412,0,1
1522940303.799565,48.8051,74,1,4
1522954003.17461,11.7471,1412,0,4
1529634881.542929,1.13397,1412,0,2
1529515407.745367,0.264599,1412,0,2
1522940285.920187,30.9257,1294,0,4
1522842694.098005,10.3069,1412,0,1
1522922696.595733,53.2102,1392,0,4
1529513491.815595,0.947519,1392,0,2
1522662277.208863,7.31796,1294,0,3
1522886702.477663,13.6742,1412,0,1
1522763853.772318,8.74884,1412,1,1
1522922655.920288,12.5347,1392,0,4
1522886712.248744,23.4453,101,1,1
1522853104.036104,4.97951,1412,0,1
1529515408.549242,1.06847,1412,0,2
1522861278.355315,9.64643,125,1,1
1522886704.581908,15.7785,1412,0,1
1522865358.800776,11.8306,1412,0,1
1529645507.472055,1.27959,1412,0,2
1522943106.733531,60.3056,1412,0,4
1522943052.192141,5.76425,1412,0,4
1522954034.606843,43.1793,1412,0,4
1527791927.773321,6.30138,1412,0,0
1522842696.546595,12.7555,1412,0,1
1529634881.813586,1.40462,114,1,2
1529478747.096345,0.472737,1412,0,2
1522853104.058333,5.00174,1412,0,1
1522842695.030129,11.239,1412,0,1
1522861278.168227,9.45934,1412,0,1
1522865359.494987,12.5248,125,1,1
1529478747.799999,1.17639,1412,0,2
1522928706.09477,0.653153,74,1,4
1522868694.037108,9.07926,1412,0,1
1522768763.9873,13.156,100,0,1
1522943046.99108,0.563191,1412,0,4
1529554552.296656,0.746728,1412,0,2
1522943046.560568,0.132679,1412,0,4
1527745291.029258,65.9521,87,0,0
1522886699.818998,11.0156,101,1,1
1522940280.550467,25.556,1294,0,4
1522865358.431144,11.461,1412,0,1
1522861277.447556,8.73867,1412,0,1
1522861277.710668,9.00178,1412,0,1
1522956028.23155,8.53112,1412,0,4
1522964084.167923,45.2236,1412,0,4
1529541636.461309,0.943599,1412,0,2
1522943106.80341,60.3755,1412,0,4
1522861277.471009,8.76212,1412,0,1
1522918016.037551,49.7219,1139,0,4
1522886701.873946,13.0705,1412,0,1
1529554552.670736,1.12081,1412,0,2
1522918009.785147,43.4695,1412,0,4
1522956056.461514,36.7611,1412,0,4
1522981606.150057,48.2853,1412,0,4
1522861277.28013,8.57124,1412,0,1
1522859388.474698,11.8159,1412,0,1
1522859388.311614,11.6528,1412,0,1
1522964051.299319,12.3549,1412,0,4
1522956056.558063,36.8576,1412,0,4
1522865359.301874,12.3317,1412,0,1
1522868694.493366,9.53552,1412,0,1
1522865358.772189,11.802,1412,0,1
1522918739.215109,38.8531,125,1,4
1522954013.881413,22.4539,1412,0,4
1522918702.331589,1.96957,1412,0,4
1522928738.9655,33.5239,1294,0,4
1522861278.195048,9.48616,1412,0,1
1522981596.855927,38.9911,484,0,4
1522922645.281074,1.89552,1392,0,4
1529513491.300762,0.432686,1392,0,2
1522918016.036939,49.7213,125,1,4
1522928709.508677,4.06706,1294,0,4
1522888894.797485,12.3058,1412,0,1
1522940288.965973,33.9715,1294,0,4
1522943063.080511,16.6526,1412,0,4
1522922692.34594,48.9604,1392,0,4
1522943106.731039,60.3031,1412,0,4
1527741827.183643,109.281,148,0,0
1522943082.761786,36.3339,1412,0,4
1522861277.076682,8.3678,1412,0,1
1522853104.289195,5.2326,1412,0,1
1522842700.310369,16.5193,104,1,1
1522859387.682145,11.0233,1412,0,1
1529644963.808853,1.04695,119,1,2
1522842698.20931,14.4182,107,1,1
1529644964.180878,1.41897,125,1,2
1527987727.548746,7.14419,98,1,0
1522940275.273918,20.2795,1294,0,4
1522918752.99348,52.6315,1412,0,4
1522964094.908371,55.964,1412,0,4
1522865358.624259,11.6541,1412,0,1
1529478747.018519,0.394911,1412,0,2
1522865358.347461,11.3773,1412,0,1
1527745236.778391,11.7013,1412,1,0
1529644963.37749,0.615586,1412,0,2
1522865358.580712,11.6106,1412,0,1
1528083143.064559,85.9894,92,0,0
1529554551.852935,0.303007,1412,0,2
1522940294.387292,39.3928,1294,0,4
1529626612.354398,0.367067,126,1,2
1522956031.496818,11.7964,1412,0,4
1522861278.306469,9.59758,125,1,1
1522943052.287818,5.85993,1412,0,4
1522940314.587846,59.5934,74,1,4
1529541636.218783,0.701073,1412,0,2
1522888894.863496,12.3718,1412,0,1
1522888894.867154,12.3754,1412,0,1
1527924657.239517,6.70486,1412,0,0
1522868694.233435,9.27559,1412,0,1
1522853105.547672,6.49108,119,1,1
1529554552.473714,0.923786,1412,0,2
1522953998.645112,7.21758,125,1,4
1522886703.362188,14.5588,101,1,1
1522768766.906273,16.0749,1412,1,1
1522917994.329143,28.0135,1412,0,4
1529478747.148306,0.524698,108,1,2
1522865358.799382,11.8292,1412,0,1
1522940314.346008,59.3515,74,1,4
1528085206.38684,42.6162,107,0,0
1522940275.258364,20.2639,1294,0,4
1522768775.419026,24.5877,103,0,1
1522888893.963477,11.4718,1412,0,1
1529554552.475716,0.925788,1412,0,2
1529541636.538944,1.02123,1412,0,2
1529564287.898508,2.82667,1412,0,2
1522928705.961359,0.519742,1294,0,4
1522853103.574628,4.51803,116,1,1
1522853103.538607,4.48201,119,1,1
1522768763.44901,12.6177,100,0,1
1529626612.402835,0.415504,1412,0,2
1522928723.026126,17.5845,74,1,4
1522940261.684637,6.69017,74,1,4
1522853100.425838,1.36924,1412,0,1
1522922677.845716,34.4602,1392,0,4
1522647182.152224,0.305447,74,1,3
1522964099.690201,60.7458,1412,0,4
1522922669.701278,26.3157,1392,0,4
1527760572.152663,58.9143,104,1,0
1528083058.093634,1.01844,1412,0,0
1522861277.912603,9.20372,1412,0,1
1522861278.345545,9.63666,1412,0,1
1522954003.49303,12.0655,1412,0,4
1522943082.774219,36.3463,1412,0,4
1522647189.880342,8.03357,179,1,3
1522956069.418682,49.7183,1412,0,4
1522943101.703609,55.2757,1412,0,4
1522943063.155697,16.7278,1412,0,4
1529644962.957771,0.195867,1412,0,2
1522928739.015263,33.5736,74,1,4
1522853100.153939,1.09734,1412,0,1
1522940270.006741,15.0123,74,1,4
1529564286.795378,1.72354,1412,0,2
1522943057.557725,11.1298,1412,0,4
1522956020.509537,0.809107,1412,0,4
1529515408.566441,1.08567,1412,0,2
1522922662.132039,18.7465,1392,0,4
1522768768.993828,18.1625,1412,1,1
1529478746.787229,0.163621,1412,0,2
1522865358.764789,11.7946,1412,0,1
1522886706.473414,17.67,101,1,1
1522943073.371506,26.9436,1412,0,4
1527791977.774724,56.3028,100,1,0
1522865359.504678,12.5345,1412,0,1
1529478747.761059,1.13745,1412,0,2
1522928752.941206,47.4996,1294,0,4
1522865358.700263,11.7301,1412,0,1
1529554552.004169,0.454241,1412,0,2
1522768764.191346,13.36,1412,1,1
1522768765.695232,14.8639,1412,1,1
1522943088.576323,42.1484,1412,0,4
1522853099.50401,0.447415,100,1,1
1522918752.646737,52.2847,1412,0,4
1522964099.158804,60.2144,1412,0,4
1529478746.863229,0.239621,1412,0,2
1522918748.530285,48.1683,116,1,4
1529626612.707977,0.720646,1412,0,2
1528083108.642744,51.5676,101,1,0
1529634881.112911,0.703948,1412,0,2
1522928722.945734,17.5041,1294,0,4
1522888893.992811,11.5011,1412,0,1
1522956069.204395,49.504,1412,0,4
1522763857.285403,12.2619,101,0,1
1529634881.83733,1.42837,1412,0,2
1522654301.555729,0.464399,1294,0,3
1522954034.600996,43.1735,1412,0,4
1529644963.319779,0.557875,1412,0,2
1522956025.986538,6.28611,1412,0,4
1522861277.278255,8.56937,1412,0,1
1529515407.919632,0.438864,939,0,2
1522886700.23291,11.4295,1412,0,1
1522888894.268184,11.7765,125,1,1
1529554551.893596,0.343668,1412,0,2
1522886704.820244,16.0168,101,1,1
1522861278.211009,9.50212,1412,0,1
1522865359.50349,12.5333,1412,0,1
1529564286.281215,1.20938,1412,0,2
1529554552.535159,0.985231,1412,0,2
1522940280.503461,25.509,1294,0,4
1522943107.199155,60.7713,1412,0,4
1522940280.651177,25.6567,74,1,4
1522964083.474819,44.5304,361,1,4
1522842701.453411,17.6623,104,1,1
1522918719.149483,18.7875,1412,0,4
1522943082.788124,36.3602,1412,0,4
1522886705.14673,16.3433,1412,0,1
1522940255.576462,0.581999,1294,0,4
1529626613.175406,1.18808,1412,0,2
1529626612.498175,0.510844,930,0,2
1522940294.294259,39.2998,1294,0,4
1527741796.873159,78.9707,101,1,0
1522981612.807849,54.943,1412,0,4
1527987760.110709,39.7061,1412,1,0
1522956065.425278,45.7248,1412,0,4
1527741820.010924,102.108,261,1,0
1527993565.648451,69.9956,104,1,0
1522868694.290293,9.33245,125,1,1
1527760587.229952,73.9916,1106,1,0
1522865358.515273,11.5451,1412,0,1
1522886702.515342,13.7119,1412,0,1
1522868693.692026,8.73418,1412,0,1
1522940303.711646,48.7172,1294,0,4
1522861277.917037,9.20815,1412,0,1
1522981572.210699,14.3459,1412,0,4
1522964058.641578,19.6972,1412,0,4
1529513491.672477,0.804401,106,1,2
1522928706.020104,0.578487,74,1,4
1522861277.508491,8.79961,1412,0,1
1522865359.419768,12.4496,125,1,1
1522859387.867908,11.2091,1412,0,1
1522865358.650869,11.6807,1412,0,1
1529541635.915934,0.398224,1412,0,2
1527924670.298684,19.764,115,0,0
1522964082.932706,43.9883,1412,0,4
1522928731.566475,26.1249,1294,0,4
1527760621.032585,107.794,235,0,0
1522943101.262663,54.8348,1412,0,4
1522953999.089262,7.66173,1412,0,4
1522868693.933337,8.97549,1412,0,1
1522768774.038845,23.2075,1412,1,1
1522853103.093553,4.03696,113,1,1
1522842710.622595,26.8315,1412,0,1
1522768750.995068,0.16373,432,0,1
1522859388.183584,11.5248,1412,0,1
1522861277.44831,8.73942,1412,0,1
1522886703.87344,15.07,1412,0,1
1522865358.599809,11.6296,1412,0,1
1529513491.802252,0.934176,1392,0,2
1529644964.117792,1.35589,1412,0,2
1522842698.42917,14.6381,1412,0,1
1529515408.707412,1.22664,1412,0,2
1522842692.487127,8.69605,1412,0,1
1522868694.438336,9.48049,1412,0,1
1522943106.537803,60.1099,1412,0,4
1529644963.318675,0.556771,1412,0,2
1522868693.605801,8.64796,1412,0,1
1522886702.598744,13.7953,1412,0,1
1522964040.602171,1.6578,1412,0,4
1522768774.039138,23.2078,1412,1,1
1522940315.02842,60.034,1294,0,4
1522956021.507189,1.80676,1412,0,4
1522763862.063622,17.0401,1412,1,1
1522922655.817283,12.4317,1392,0,4
1522981563.836821,5.97202,125,1,4
1522842702.467728,18.6766,1412,0,1
1522918739.297267,38.9353,1412,0,4
1522763854.300404,9.27692,1412,1,1
1522922656.004199,12.6186,1392,0,4
1522940255.882965,0.888502,1294,0,4
1522956021.493594,1.79316,1412,0,4
1522842695.526835,11.7358,1412,0,1
1522928715.584501,10.1429,1294,0,4
1522865358.106673,11.1365,1412,0,1
1522956069.734386,50.034,110,1,4
1522940256.187059,1.1926,1294,0,4
1522956070.009322,50.3089,1412,0,4
1522886700.88237,12.0789,1412,0,1
1522922696.663008,53.2775,1392,0,4
1522918024.57161,58.2559,1412,0,4
1522886699.754982,10.9515,1412,0,1
1522922655.980795,12.5952,1392,0,4
1522768770.170447,19.3391,1412,1,1
1522956077.187796,57.4874,104,1,4
1522940280.617649,25.6232,1294,0,4
1522768764.167708,13.3364,1412,1,1
1522853102.505492,3.4489,125,1,1
1522853105.298837,6.24224,1412,0,1
1522922655.824344,12.4388,1392,0,4
1522928731.545579,26.104,1294,0,4
1529626612.077057,0.089726,100,1,2
1529554552.714747,1.16482,1412,0,2
1522940256.145338,1.15088,1294,0,4
1522886702.540984,13.7376,1412,0,1
1529554551.997387,0.447459,1412,0,2
1522859388.322632,11.6638,1412,0,1
1522865359.185466,12.2153,1412,0,1
1522859387.758553,11.0997,1412,0,1
1522744996.64657,6.09612,74,0,3
1522964042.982649,4.03828,1412,0,4
1528083165.483199,108.408,259,1,0
1522886705.400281,16.5968,1412,0,1
1522956038.855781,19.1554,1412,0,4
1522868693.38843,8.43059,1412,0,1
1522928729.229592,23.788,1294,0,4
1529515408.219195,0.738427,1412,0,2
1529478746.674183,0.0505748,100,1,2
1522964070.332592,31.3882,1412,0,4
1522943100.754141,54.3263,1412,0,4
1522763858.086131,13.0626,1412,1,1
1522940285.904783,30.9103,74,1,4
1522886705.054745,16.2513,1412,0,1
1522886710.458641,21.6552,114,1,1
1522928705.671488,0.229871,1294,0,4
1522853105.539631,6.48304,1412,0,1
1529644963.123407,0.361503,125,1,2
1527993555.611796,59.9589,104,1,0
1522861277.230682,8.5218,1412,0,1
1522842703.632181,19.8411,1412,0,1
1522859387.676076,11.0172,100,1,1
1522956031.408661,11.7082,1412,0,4
1522954003.251625,11.8241,1412,0,4
1522635944.459755,3.39549,74,1,3
1522861277.285378,8.57649,1412,0,1
1522868694.699412,9.74157,1412,0,1
1529515407.687328,0.20656,1412,0,2
1527745315.767325,90.6902,107,1,0
1522928759.221743,53.7801,1294,0,4
1529564286.730789,1.65895,1412,0,2
1522953993.245239,1.81771,1412,0,4
1522943078.533429,32.1055,1412,0,4
1522768762.710765,11.8794,1412,1,1
1522842706.167692,22.3766,104,1,1
1527850981.737702,20.1739,87,0,0
1522888895.064025,12.5723,1412,0,1
1522928731.615457,26.1738,74,1,4
1522859387.951003,11.2922,1412,0,1
1529634881.396392,0.987429,1412,0,2
1522956038.87041,19.17,126,1,4
1522853105.588498,6.5319,1412,0,1
1522964070.123836,31.1795,1412,0,4
1522956038.798397,19.098,1412,0,4
1522954003.162745,11.7352,1412,0,4
1522859388.229064,11.5702,1412,0,1
1529554552.316915,0.766987,1412,0,2
1522964095.605514,56.6611,1412,0,4
1522865358.298432,11.3283,1412,0,1
1522964051.515894,12.5715,1412,0,4
1522842705.655717,21.8646,101,1,1
1522940285.709919,30.7155,74,1,4
1522861277.105331,8.39645,1412,0,1
1522868694.081371,9.12353,1412,0,1
1522928717.717055,12.2754,1294,0,4
1522956065.752004,46.0516,1412,0,4
1529515408.231852,0.751084,1412,0,2
1522918720.166082,19.8041,1412,0,4
1522964083.833554,44.8892,1412,0,4
1522943088.655419,42.2275,1412,0,4
1522768768.325634,17.4943,1412,1,1
1529644963.445044,0.68314,128,1,2
1522943082.797947,36.3701,1412,0,4
1522954034.606303,43.1788,1412,0,4
1522859388.46531,11.8065,1412,0,1
1522842708.002252,24.2112,1412,0,1
1522865359.292871,12.3227,1412,0,1
1522964099.385931,60.4416,1412,0,4
1522865358.643297,11.6731,1412,0,1
1529554552.375155,0.825227,1412,0,2
1529564285.987965,0.916128,86,0,2
1527987763.309275,42.9047,107,1,0
1522744997.794072,7.24362,1294,0,3
1522763860.247204,15.2237,1412,1,1
1527850991.202434,29.6387,87,0,0
1522928744.184311,38.7427,74,1,4
1527924687.386079,36.8514,148,0,0
1522768766.444476,15.6131,1412,1,1
1529564286.341392,1.26956,1412,0,2
1522868693.709314,8.75147,1412,0,1
1529634881.311067,0.902104,1412,0,2
1527745264.720169,39.643,91,0,0
1522918016.035772,49.7201,1412,0,4
1527792037.513718,116.042,212,0,0
1522964099.097215,60.1528,1412,0,4
1522842692.640337,8.84926,1412,0,1
1522861278.347946,9.63906,1412,0,1
1522865358.209171,11.239,126,1,1
1522956031.599613,11.8992,1412,0,4
1522964058.633636,19.6893,139,1,4
1522859387.784671,11.1258,1412,0,1
1522956020.985564,1.28513,1412,0,4
1522868694.776809,9.81896,1412,0,1
1527741835.088496,117.186,87,0,0
1522981563.839368,5.97457,1412,0,4
1522861278.149034,9.44015,1412,0,1
1522768762.443955,11.6126,1412,1,1
1522928723.147067,17.7055,1294,0,4
1522954035.066944,43.6394,1412,0,4
1522888894.624486,12.1328,1412,0,1
1522842709.268311,25.4772,1412,0,1
1522918752.710864,52.3489,1412,0,4
1522928758.031213,52.5896,74,1,4
1529645507.184295,0.991826,1412,0,2
1529644963.480492,0.718588,1412,0,2
1522928738.961389,33.5198,74,1,4
1522928758.942409,53.5008,1294,0,4
1522964070.099753,31.1554,1412,0,4
1522842705.608739,21.8177,98,1,1
1522943082.779383,36.3515,1412,0,4
1529626612.570141,0.58281,1412,0,2
1522956068.34184,48.6414,1412,0,4
1522861277.918931,9.21005,1412,0,1
1522928729.270004,23.8284,74,1,4
1522956056.474534,36.7741,1412,0,4
1529644963.965467,1.20356,1412,0,2
1522940274.248871,19.2544,1294,0,4
1528085216.127726,52.3571,206,0,0
1527760524.113477,10.8752,109,1,0
1522886698.688986,9.88555,101,1,1
1522956053.17331,33.4729,1412,0,4
1522861278.496141,9.78726,1412,0,1
1522928715.573681,10.1321,1294,0,4
1522768765.524792,14.6935,1412,1,1
1522922692.327691,48.9421,1392,0,4
1522861278.104593,9.39571,1412,0,1
1529541636.415326,0.897616,1412,0,2
1529478746.970384,0.346776,1412,0,2
1522922656.007361,12.6218,1392,0,4
1522859388.757675,12.0988,1412,0,1
1522940294.29275,39.2983,1294,0,4
1522956069.855418,50.155,110,1,4
1522940303.422422,48.428,74,1,4
1522964099.409773,60.4654,1412,0,4
1522953993.284049,1.85652,1412,0,4
1522964039.264219,0.319848,1412,0,4
1529541635.881914,0.364204,1412,0,2
1522853105.867111,6.81052,1412,0,1
1529515408.084337,0.603569,1412,0,2
1529478747.104974,0.481366,125,1,2
1529478747.876653,1.25304,1412,0,2
1522964084.045407,45.101,930,0,4
1528083126.295133,69.2199,305,1,0
1529645507.737719,1.54525,1412,0,2
1522943101.6642,55.2363,1412,0,4
1522853104.755578,5.69898,1412,0,1
1522853104.036665,4.98007,1412,0,1
1522865358.291689,11.3215,1412,0,1
1528085263.917945,100.147,148,0,0
1522964042.778406,3.83403,1412,0,4
1522922645.279067,1.89351,1392,0,4
1529541636.518421,1.00071,1412,0,2
1522940314.170201,59.1757,1294,0,4
1522861277.347932,8.63905,1412,0,1
1522940255.775161,0.780698,1294,0,4
1522744993.718509,3.16806,86,1,3
1522865358.693847,11.7237,1412,0,1
1522853100.495685,1.43909,1412,0,1
1527760520.21972,6.9814,1213,0,0
1522888894.627062,12.1353,1412,0,1
1522853100.981244,1.92465,1412,0,1
1522928715.473729,10.0321,74,1,4
1522865359.005617,12.0355,1412,0,1
1522868694.29277,9.33492,1412,0,1
1522662276.963812,7.07291,112,1,3
1522853100.599127,1.54253,1412,0,1
1522964075.610742,36.6664,1412,0,4
1522940261.596404,6.60194,74,1,4
1522943088.554449,42.1266,1412,0,4
1522861277.815987,9.1071,1412,0,1
1522842694.971375,11.1803,1412,0,1
1522763853.292331,8.26885,1412,1,1
1528085247.976434,84.2058,148,0,0
1522886697.689486,8.88605,1412,0,1
1522865358.072273,11.1021,1412,0,1
1522886701.69613,12.8927,1412,0,1
1522861277.347193,8.63831,1412,0,1
1527987745.911185,25.5066,101,1,0
1522859387.830033,11.1712,114,1,1
1522928731.568514,26.1269,1294,0,4
1522940314.93689,59.9424,1294,0,4
1522768766.210971,15.3796,1412,1,1
1522842707.226717,23.4356,1412,0,1
1522868694.866122,9.90828,1412,0,1
1522888894.121787,11.6301,1412,0,1
1522956020.945395,1.24497,1412,0,4
1522956020.491545,0.791115,1412,0,4
1522956070.180074,50.4796,1412,0,4
1522940280.575945,25.5815,74,1,4
1522888894.586227,12.0945,1412,0,1
1522928731.514011,26.0724,1294,0,4
1522763855.761134,10.7377,1412,1,1
1529554551.728673,0.178745,1412,0,2
1522956056.550939,36.8505,126,1,4
1522928739.077541,33.6359,74,1,4
1529634881.955772,1.54681,1412,0,2
1522861278.515281,9.8064,1412,0,1
1529634880.933552,0.524589,1412,0,2
1522917999.533093,33.2174,1412,0,4
1529515407.849172,0.368404,1412,0,2
1522868694.122769,9.16492,1412,0,1
1522861277.334582,8.6257,1412,0,1
1522888894.094353,11.6026,1412,0,1
1522859388.575792,11.917,1412,0,1
1522842693.980639,10.1896,1412,0,1
1522928715.610214,10.1686,1294,0,4
1527993573.761723,78.1089,87,0,0
1522940255.987056,0.992593,1294,0,4
1522886700.12015,11.3167,1412,0,1
1529626612.261073,0.273742,1412,0,2
1529515408.707578,1.22681,1412,0,2
1522956038.865065,19.1646,1412,0,4
1522943100.918084,54.4902,1412,0,4
1522943046.984074,0.556185,1412,0,4
1522768754.864867,4.03353,103,1,1
1522940275.134422,20.14,1294,0,4
1522853103.934047,4.87745,1412,0,1
1522940261.595887,6.60142,74,1,4
1528085255.312529,91.5419,92,0,0
1522940315.012595,60.0181,1294,0,4
1522940285.90942,30.915,1294,0,4
1522922645.307938,1.92239,1392,0,4
1522859388.093583,11.4348,951,0,1
1522861277.598265,8.88938,1412,0,1
1522956069.316684,49.6163,1412,0,4
1522940270.066852,15.0724,1294,0,4
1522888894.07079,11.5791,125,1,1
1522888894.217222,11.7255,1412,0,1
1522956068.481385,48.781,1412,0,4
1529564286.792312,1.72047,1412,0,2
1522865359.24448,12.2743,1412,0,1
1522943078.483867,32.056,1412,0,4
1522956046.979771,27.2793,1412,0,4
1522928744.471999,39.0304,1294,0,4
1522861278.075258,9.36637,1412,0,1
1522859387.741154,11.0823,1412,0,1
1522886704.717339,15.9139,101,1,1
1522842704.757965,20.9669,1412,0,1
1522956019.79792,0.0974901,1412,0,4
1529645506.789935,0.597466,86,0,2
1522943052.235982,5.80809,1412,0,4
1522922655.872526,12.487,1392,0,4
1522953994.776293,3.34876,1412,0,4
1522868693.69304,8.73519,1412,0,1
1529541636.173434,0.655724,1412,0,2
1522917999.571379,33.2557,1412,0,4
1522964042.872099,3.92773,1412,0,4
1522853102.243554,3.18696,1412,0,1
1529513491.35804,0.489964,1392,0,2
1522922655.899987,12.5144,1392,0,4
1529554552.074707,0.524779,1412,0,2
1522842695.766171,11.9751,104,1,1
1522954003.141925,11.7144,1412,0,4
1522763853.60938,8.5859,1412,1,1
1529478746.9247,0.301092,1412,0,2
1529634881.808998,1.40004,1412,0,2
1529634881.955767,1.5468,1412,0,2
1522940314.188532,59.1941,74,1,4
1522768766.834309,16.003,100,0,1
1522922696.665697,53.2801,1392,0,4
1529634881.803514,1.39455,1412,0,2
1522654309.353292,8.26196,310,1,3
1522943078.478867,32.051,1412,0,4
1522981563.819713,5.95491,1412,0,4
1522886705.40935,16.6059,101,1,1
1522928748.068286,42.6267,1294,0,4
1522853100.242441,1.18585,1412,0,1
1522859388.549536,11.8907,1412,0,1
1522956056.525797,36.8254,1412,0,4
1522744995.349117,4.79866,74,1,3
1529554551.986414,0.436486,1412,0,2
1522861277.132028,8.42314,1412,0,1
1522861277.59798,8.8891,1412,0,1
1522918739.181042,38.819,1412,0,4
1522928715.878528,10.4369,74,1,4
1522727179.506882,6.27145,1294,0,3
1522868694.814722,9.85688,1412,0,1
1522928758.977184,53.5356,74,1,4
1522763854.051381,9.0279,1412,1,1
1522928709.697875,4.25626,74,1,4
1522868694.874396,9.91655,125,1,1
1522953998.744398,7.31687,1412,0,4
1527851036.356174,74.7924,87,0,0
1522956038.882418,19.182,1412,0,4
1529478746.991087,0.367479,126,1,2
1522853100.751246,1.69465,1412,0,1
1522956077.12077,57.4203,1412,0,4
1529645507.931545,1.73908,1412,0,2
1529478747.317538,0.69393,1412,0,2
1529541636.429428,0.911718,1412,0,2
1527987745.907174,25.5026,104,1,0
1522768771.006312,20.175,100,0,1
1522928738.941333,33.4997,74,1,4
1522861277.829083,9.1202,1412,0,1
1522859387.789985,11.1312,1412,0,1
1527993504.443104,8.79024,519,0,0
1522922696.58936,53.2038,1392,0,4
1522928748.100456,42.6588,1294,0,4
1522888894.875954,12.3842,1412,0,1
1522928723.083414,17.6418,1294,0,4
1522859388.673192,12.0144,1412,0,1
1522842699.178559,15.3875,1412,0,1
1522928731.662607,26.221,1294,0,4
1522964076.474854,37.5305,1412,0,4
1529515408.227564,0.746796,1412,0,2
1522943100.922112,54.4942,1412,0,4
1522922644.290014,0.904461,1392,0,4
1522956056.456167,36.7557,1412,0,4
1527741723.950078,6.0476,80,0,0
1529515408.16155,0.680782,1412,0,2
1522953994.418475,2.99094,128,1,4
1522888895.03778,12.5461,1412,0,1
1522956021.031563,1.33113,1412,0,4
1522940280.624253,25.6298,1294,0,4
1522842696.613235,12.8222,101,1,1
1522886702.479422,13.676,1412,0,1
1522928731.487682,26.0461,1294,0,4
1529515408.024674,0.543906,1412,0,2
1522943073.295787,26.8679,1412,0,4
1522928748.345289,42.9037,1294,0,4
1522922696.701592,53.316,1392,0,4
1529564287.731701,2.65986,1412,0,2
1522943088.597322,42.1694,1412,0,4
1529645507.74529,1.55282,1412,0,2
1522842708.261147,24.4701,1412,0,1
1522964094.982752,56.0384,1412,0,4
1522981596.817962,38.9532,1412,0,4
1522922652.563998,9.17845,1392,0,4
1522763864.745972,19.7225,98,0,1
1522853099.940323,0.883728,101,1,1
1522868693.759605,8.80176,1412,0,1
1527993602.961576,107.309,101,1,0
1529478746.870662,0.247054,1412,0,2
1529541636.078938,0.561228,1412,0,2
1529554552.674739,1.12481,1412,0,2
1522940275.243519,20.2491,1294,0,4
1522763855.878816,10.8553,1412,1,1
1529634881.349636,0.940673,1412,0,2
1522861277.590826,8.88194,125,1,1
1529554552.401559,0.851631,1412,0,2
1522865358.268391,11.2982,1412,0,1
1529626613.031971,1.04464,1412,0,2
1522943046.818561,0.390672,1412,0,4
1522918733.921183,33.5592,1412,0,4
1522954013.93929,22.5118,1412,0,4
1522928758.540934,53.0993,1294,0,4
1529644963.039556,0.277652,1412,0,2
1522886698.46028,9.65685,1412,0,1
1522943096.455157,50.0273,198,1,4
1528085261.62994,97.8593,399,1,0
1522943106.68451,60.2566,119,1,4
1522943073.264953,26.8371,1412,0,4
1522940256.825106,1.83064,1294,0,4
1522943073.260409,26.8325,1412,0,4
1522940261.531852,6.53739,74,1,4
1522943078.510626,32.0827,1412,0,4
1529634881.535856,1.12689,930,0,2
1522886707.714955,18.9115,1412,0,1
1522964095.253388,56.309,1412,0,4
1522861277.244372,8.53549,1412,0,1
1522842710.101747,26.3107,1412,0,1
1528083070.072231,12.997,590,0,0
1522654306.878787,5.78746,1294,0,3
1522886697.705831,8.9024,101,1,1
1522928753.18855,47.7469,1294,0,4
1522940275.286893,20.2924,74,1,4
1522964099.433329,60.489,1412,0,4
1522842699.702404,15.9113,104,1,1
1522886707.110706,18.3073,1412,0,1
1522886708.994853,20.1914,1412,0,1
1522943073.194309,26.7664,1412,0,4
1529515407.860245,0.379477,1412,0,2
1522842694.42079,10.6297,1412,0,1
1522953993.229232,1.8017,1412,0,4
1529515408.462944,0.982176,736,0,2
1522928731.625551,26.1839,1294,0,4
1522964083.765056,44.8207,1412,0,4
1522853103.282071,4.22548,1412,0,1
1522943073.19781,26.7699,1412,0,4
1529645507.718083,1.52561,1412,0,2
1529513491.346012,0.477936,1392,0,2
1528083133.324697,76.2495,92,0,0
1522964040.789461,1.84509,1412,0,4
1522853103.666592,4.61,1412,0,1
1529478747.624257,1.00065,1412,0,2
1522842693.184972,9.39389,175,1,1
1522859388.083638,11.4248,1412,0,1
1522886700.880668,12.0772,1412,0,1
1522964039.658924,0.714553,1412,0,4
1529626612.116677,0.129346,1412,0,2
1522956065.341952,45.6415,1412,0,4
1522647189.332443,7.48567,1294,1,3
1522928753.571146,48.1295,1294,0,4
1522956026.036024,6.33559,1412,0,4
1522768770.721827,19.8905,98,0,1
1522943046.815889,0.388,1412,0,4
1522868693.375063,8.41722,1412,0,1
1522928715.637987,10.1964,74,1,4
1527760554.302217,41.0639,385,1,0
1527924720.293904,69.7592,87,0,0
1522928753.273643,47.832,74,1,4
1522842690.958718,7.16764,1412,0,1
1529626612.557439,0.570108,1412,0,2
1529626612.191305,0.203974,1412,0,2
1522886705.313303,16.5099,101,1,1
1522928753.542637,48.101,1294,0,4
1522865358.232363,11.2622,1412,0,1
1529515408.204117,0.723349,1412,0,2
1522842707.747708,23.9566,1412,0,1
1522886701.187974,12.3845,1412,0,1
1522956053.177365,33.4769,1412,0,4
1522964051.297897,12.3535,1412,0,4
1522842704.217751,20.4267,1412,0,1
1522842691.820969,8.02989,1412,0,1
1527993495.944188,0.291321,1412,0,0
1522842708.1728,24.3817,104,1,1
1522922683.120798,39.7352,910,0,4
1522943073.255581,26.8277,1412,0,4
1522956056.48181,36.7814,1412,0,4
1529564285.817827,0.74599,1412,0,2
1529554551.841672,0.291744,125,1,2
1529634881.770315,1.36135,1412,0,2
1522763860.212158,15.1887,101,0,1
1522964076.645398,37.701,1412,0,4
1522981563.961099,6.0963,1412,0,4
1522940294.405907,39.4114,74,1,4
1529626612.224839,0.237508,1412,0,2
1522956077.417057,57.7166,1412,0,4
1529554551.720683,0.170755,1412,0,2
1522964083.203501,44.2591,1412,0,4
1527791971.178973,49.707,263,1,0
1529513491.696086,0.82801,1392,0,2
1522861277.04967,8.34079,1412,0,1
1522956020.069106,0.368676,930,0,4
1522956020.065043,0.364613,125,1,4
1522865358.25862,11.2885,1412,0,1
1529634882.012592,1.60363,117,1,2
1522865358.667535,11.6974,1412,0,1
1529554552.661485,1.11156,1412,0,2
1522956038.811213,19.1108,1412,0,4
1529634881.074433,0.66547,1412,0,2
1522943088.636727,42.2088,1412,0,4
1522918720.327152,19.9651,1412,0,4
1529478746.956752,0.333144,1412,0,2
1522964039.650221,0.70585,1412,0,4
1529564285.191199,0.119362,1412,0,2
1522943088.473893,42.046,126,1,4
1522842692.329935,8.53886,1412,0,1
1528085272.619653,108.849,148,0,0
1529564287.692979,2.62114,1412,0,2
1529634880.954055,0.545092,930,0,2
1522943107.286514,60.8586,1412,0,4
1522928748.583386,43.1418,74,1,4
1529513492.04263,1.17455,1392,0,2
1522917972.784887,6.46923,1412,0,4
1522853103.583861,4.52727,1412,0,1
1522768768.775469,17.9441,1412,1,1
1522922683.068048,39.6825,1392,0,4
1522861278.349381,9.6405,1412,0,1
1522940294.216857,39.2224,74,1,4
1522853102.678829,3.62223,1412,0,1
1527987816.402149,95.9976,148,0,0
1522940294.259212,39.2647,1294,0,4
1522861278.034887,9.326,1412,0,1
1522768770.919783,20.0884,1412,1,1
1522662276.829105,6.93821,74,1,3
1529644963.88338,1.12148,1412,0,2
1529541636.055449,0.537739,125,1,2
1522727178.695984,5.46055,148,0,3
1522964042.82139,3.87702,1412,0,4
1529513491.680286,0.81221,1392,0,2
1522981572.184656,14.3199,126,1,4
1522928758.403116,52.9615,1294,0,4
1522940285.824833,30.8304,74,1,4
1522928705.644404,0.202787,1294,0,4
1522918720.294054,19.932,1412,0,4
1522842707.153764,23.3627,104,1,1
1522954013.886302,22.4588,126,1,4
1522928715.876855,10.4352,74,1,4
1522861278.051379,9.34249,1412,0,1
1522865358.079526,11.1094,1412,0,1
1522842704.852941,21.0619,1412,0,1
1522928723.024132,17.5825,1294,0,4
1528085191.299707,27.5291,1358,1,0
1522853102.013594,2.957,1412,0,1
1529634881.317178,0.908215,1412,0,2
1522940261.592869,6.59841,1294,0,4
1529634881.952732,1.54377,1412,0,2
1529644962.91644,0.154536,1412,0,2
1522859387.96369,11.3049,1412,0,1
1522865358.909284,11.9391,1412,0,1
1529644963.641959,0.880055,1412,0,2
1522868693.348122,8.39028,1412,0,1
1529564287.764652,2.69282,1412,0,2
1527760605.531345,92.293,92,0,0
1522922683.270963,39.8854,1392,0,4
1522928731.452334,26.0107,1294,0,4
1522865358.495807,11.5256,1412,0,1
1522953995.155133,3.7276,1412,0,4
1522922669.736955,26.3514,1392,0,4
1522940288.976179,33.9817,1294,0,4
1522888894.635353,12.1436,1412,0,1
1522953993.286794,1.85926,1412,0,4
1522928758.976494,53.5349,1294,0,4
1522888894.911649,12.4199,125,1,1
1529541636.735077,1.21737,1412,0,2
1522744998.215541,7.66509,86,1,3
1522943078.600216,32.1723,1412,0,4
1529564285.828175,0.756338,1412,0,2
1522647191.945955,10.0992,74,1,3
1529634880.938024,0.529061,1412,0,2
1522940304.245706,49.2512,1294,0,4
1522922683.166636,39.7811,1392,0,4
1522981572.050538,14.1857,1412,0,4
1527760593.486232,80.2479,283,0,0
1529626612.536574,0.549243,1412,0,2
1522918719.143961,18.7819,1412,0,4
1527760524.304694,11.0664,114,0,0
1522768772.206643,21.3753,1412,1,1
1522940280.492456,25.498,1294,0,4
1522922662.112637,18.7271,1392,0,4
1522956065.364711,45.6643,1412,0,4
1522956031.468762,11.7683,1412,0,4
1522954026.622731,35.1952,125,1,4
1527850989.092699,27.5289,394,1,0
1522763858.013557,12.9901,1412,1,1
1522918702.469602,2.10759,1412,0,4
1522727179.719261,6.48383,112,0,3
1522922652.587683,9.20213,1392,0,4
1522981613.075821,55.211,1412,0,4
1529634880.944233,0.53527,1412,0,2
1529541636.080161,0.562451,1412,0,2
1522886705.413931,16.6105,1412,0,1
1522943082.746571,36.3187,1412,0,4
1522954003.223559,11.796,1412,0,4
1522853103.703004,4.64641,1412,0,1
1522886707.272785,18.4694,1412,0,1
1522940256.199056,1.20459,1294,0,4
1529541636.66991,1.1522,1412,0,2
1522763854.095876,9.07239,95,0,1
1522853100.391245,1.33465,1412,0,1
1522865358.481655,11.5115,1412,0,1
1522842698.695998,14.9049,1412,0,1
1522842695.205361,11.4143,1412,0,1
1529515408.251002,0.770234,126,1,2
1522853100.435598,1.379,1412,0,1
1529554552.850123,1.30019,1412,0,2
1522940270.057415,15.063,1294,0,4
1522842708.562969,24.7719,1412,0,1
1522918720.264497,19.9025,103,1,4
1522943082.692866,36.265,1412,0,4
1522865358.312064,11.3419,1412,0,1
1527760513.489556,0.25124,1412,0,0
1522956031.501562,11.8011,1412,0,4
1527745340.428375,115.351,310,0,0
1529554551.864221,0.314293,1412,0,2
1522865358.30276,11.3326,1412,0,1
1522953994.716337,3.28881,930,0,4
1529645506.713579,0.52111,1412,0,2
1522868694.59036,9.63251,1412,0,1
1522928717.714441,12.2728,1294,0,4
1522953998.686388,7.25886,1412,0,4
1522918701.948574,1.58656,1412,0,4
1529634881.305798,0.896835,1412,0,2
1522943078.590884,32.163,1412,0,4
1527924663.895761,13.3611,256,1,0
1522953993.236895,1.80937,125,1,4
1522865359.482331,12.5122,1412,0,1
1522853104.038054,4.98146,1412,0,1
1522943046.818256,0.390367,448,0,4
1522918739.279703,38.9177,1412,0,4
1522727179.909237,6.6738,74,1,3
1522886704.33032,15.5269,114,1,1
1522768774.28452,23.4532,1412,1,1
1522842705.449642,21.6586,98,1,1
1522940280.632975,25.6385,74,1,4
1529554551.761182,0.211254,1412,0,2
1522888894.303677,11.812,1412,0,1
1522861278.185435,9.47655,1412,0,1
1522868693.91486,8.95702,1412,0,1
1529626612.348804,0.361473,1412,0,2
1529644963.499799,0.737895,1412,0,2
1522940280.595533,25.6011,1294,0,4
1522943062.964706,16.5368,1412,0,4
1529478746.867373,0.243765,1412,0,2
1522964040.587278,1.64291,1412,0,4
1529478747.869776,1.24617,1412,0,2
1527741785.269432,67.367,258,1,0
1528085240.172672,76.402,92,0,0
1522964084.089922,45.1456,1412,0,4
1522928731.608664,26.167,74,1,4
1529645506.71204,0.519571,1412,0,2
1522940280.637186,25.6427,1294,0,4
1522861277.939106,9.23022,1412,0,1
1522940294.271091,39.2766,74,1,4
1522768760.69089,9.85955,806,1,1
1529513491.823569,0.955493,105,1,2
1529478746.884105,0.260497,1412,0,2
1529478746.675021,0.0514128,1412,0,2
1522954026.771581,35.3441,1412,0,4
1529515408.190102,0.709334,1412,0,2
1522928706.094514,0.652897,1294,0,4
1522943101.110242,54.6824,1412,0,4
1522842690.868592,7.07751,1412,0,1
1522943096.555609,50.1277,1412,0,4
1522861277.331627,8.62274,1412,0,1
1527987776.054654,55.6501,87,0,0
1522928706.112423,0.670806,74,1,4
1522868694.204903,9.24706,125,1,1
1522928723.10713,17.6655,1294,0,4
1522865358.986826,12.0167,1412,0,1
1522886712.145758,23.3423,101,1,1
1522943088.490642,42.0628,1412,0,4
1522940255.998047,1.00358,1294,0,4
1522943106.180265,59.7524,1412,0,4
1528085193.490588,29.72,170,0,0
1522886702.716183,13.9127,1412,0,1
1522928706.077924,0.636307,74,1,4
1522954045.262363,53.8348,1412,0,4
1529626612.735959,0.748628,1412,0,2
1522842693.914853,10.1238,1412,0,1
1529541636.7034,1.18569,125,1,2
1522868694.227991,9.27015,1412,0,1
1522922669.681272,26.2957,1392,0,4
1522853103.770422,4.71383,1412,0,1
1522861278.096874,9.38799,1412,0,1
1529478747.718689,1.09508,1412,0,2
1522842695.198587,11.4075,1412,0,1
1522886711.668246,22.8648,1412,0,1
1522940275.273572,20.2791,74,1,4
1527745308.436992,83.3599,107,1,0
1522888894.151705,11.66,1412,0,1
1522922645.236062,1.85051,1392,0,4
1522940261.658584,6.66412,1294,0,4
1529564287.743549,2.67171,1412,0,2
1522853100.74728,1.69068,1412,0,1
1527993580.208595,84.5557,179,0,0
1522956069.3394,49.639,1412,0,4
1522964051.503902,12.5595,1412,0,4
1522964039.298553,0.354182,1412,0,4
1522943082.699458,36.2716,1412,0,4
1529564287.081752,2.00992,1412,0,2
1522964075.794045,36.8497,1412,0,4
1522886709.613948,20.8105,1412,0,1
1522956046.959752,27.2593,951,0,4
1522865359.41769,12.4475,1412,0,1
1528085271.324872,107.554,87,0,0
1522865359.363711,12.3936,1412,0,1
1522861277.748944,9.04006,1412,0,1
1522917972.802414,6.48675,1412,0,4
1522964070.123128,31.1788,1412,0,4
1522861277.063035,8.35415,1412,0,1
1522861277.497446,8.78856,1412,0,1
1522928753.683558,48.2419,1294,0,4
1522868693.778533,8.82069,1412,0,1
1529515408.356837,0.876069,1412,0,2
1522954003.231679,11.8041,1412,0,4
1522940274.226423,19.232,1294,0,4
1529645507.43912,1.24665,1412,0,2
1522940274.220946,19.2265,74,1,4
1529626612.843288,0.855957,1412,0,2
1529541635.747641,0.229931,1412,0,2
1522865358.407579,11.4374,1412,0,1
1527850973.345525,11.7818,421,1,0
1522928715.615264,10.1736,1294,0,4
1522943082.844802,36.4169,1412,0,4
1522861277.309938,8.60105,125,1,1
1522888894.563446,12.0717,1412,0,1
1522853101.611011,2.55442,1412,0,1
1522943073.231767,26.8039,1412,0,4
1522859387.747206,11.0884,1412,0,1
1522954026.773154,35.3456,1412,0,4
1522943082.788129,36.3602,1412,0,4
1522964058.581432,19.6371,125,1,4
1529564286.034269,0.962432,1412,0,2
1522964075.548591,36.6042,1412,0,4
1522943106.460443,60.0326,1412,0,4
1529644964.154724,1.39282,1412,0,2
1522953998.739832,7.3123,126,1,4
1522763855.697221,10.6737,1412,1,1
1522928705.624712,0.183095,1294,0,4
1522861277.287039,8.57815,1412,0,1
1529554551.792583,0.242655,1412,0,2
1529564287.090288,2.01845,125,1,2
1522981563.926386,6.06158,1412,0,4
1522940303.890106,48.8956,1294,0,4
1529554552.794022,1.24409,1412,0,2
1522922656.005636,12.6201,1392,0,4
1522861278.388404,9.67952,1412,0,1
1522928705.583397,0.14178,74,1,4
1527851066.157703,104.594,148,0,0
1522868693.737287,8.77944,1412,0,1
1522859388.201038,11.5422,122,1,1
1527993596.112751,100.46,92,0,0
1522954026.73417,35.3066,1412,0,4
1522842709.036264,25.2452,1412,0,1
1522918720.329258,19.9672,1412,0,4
1522861277.255092,8.54621,1412,0,1
1522956047.102063,27.4016,1412,0,4
1522859388.014465,11.3556,1412,0,1
1528085257.473457,93.7028,104,1,0
1522768774.676625,23.8453,97,0,1
1528085240.471891,76.7013,148,0,0
1522981581.297078,23.4323,125,1,4
1522943057.577375,11.1495,1412,0,4
1522918739.170515,38.8085,1412,0,4
1522865358.150561,11.1804,1412,0,1
1529564287.185034,2.1132,1412,0,2
1522859388.478709,11.8199,1412,0,1
1522956031.608,11.9076,1412,0,4
1522768765.902022,15.0707,1412,1,1
1522928758.787475,53.3459,74,1,4
1529564285.886116,0.814279,1412,0,2
1529564285.681455,0.609618,1412,0,2
1522842692.862545,9.07147,165,1,1
1522964042.900411,3.95604,930,0,4
1522886703.160429,14.357,1412,0,1
1529478747.267992,0.644384,1412,0,2
1522888894.057099,11.5654,1412,0,1
1527850967.723583,6.15981,87,0,0
1529478747.348258,0.72465,1412,0,2
1522868693.997984,9.04014,1412,0,1
1522940302.614433,47.62,1294,0,4
1522768767.146546,16.3152,1412,1,1
1522861278.055916,9.34703,951,0,1
1522928758.941696,53.5001,74,1,4
1529515408.045674,0.564906,1412,0,2
1529554551.990479,0.440551,1412,0,2
1522886713.083793,24.2804,101,1,1
1522964051.295885,12.3515,1412,0,4
1522940288.95765,33.9632,1294,0,4
1522886711.702503,22.8991,1412,0,1
1522888894.060565,11.5688,1412,0,1
1522886710.865494,22.0621,1412,0,1
1522888894.246441,11.7547,1412,0,1
1522917966.62769,0.312029,1412,0,4
1522928705.957887,0.51627,1294,0,4
1522861277.839201,9.13032,1412,0,1
1522842710.964298,27.1732,1412,0,1
1529554552.772618,1.22269,1412,0,2
1522928747.499244,42.0576,74,1,4
1529541636.252067,0.734357,1412,0,2
1529644963.133076,0.371172,1412,0,2
1522940315.03904,60.0446,1294,0,4
1522928715.626484,10.1849,1294,0,4
1529478747.452582,0.828974,1412,0,2
1522888894.357415,11.8657,898,0,1
1522928748.339192,42.8976,74,1,4
1522886710.70468,21.9012,101,1,1
1522981606.526537,48.6617,153,1,4
1522940314.62942,59.635,74,1,4
1522853105.541325,6.48473,1412,0,1
1527745263.57859,38.5015,104,1,0
1529626612.716872,0.729541,1412,0,2
1522763861.96738,16.9439,1412,1,1
1529478747.571598,0.94799,1412,0,2
1522940303.064942,48.0705,1294,0,4
1522954035.093629,43.6661,1412,0,4
1529564286.377612,1.30578,1412,0,2
1522865358.397654,11.4275,1412,0,1
1522981563.984052,6.11925,1412,0,4
1522768768.321475,17.4901,116,0,1
1522943107.102246,60.6744,1412,0,4
1522928731.608942,26.1673,1294,0,4
1522940294.319201,39.3247,1294,0,4
1529478747.596315,0.972707,1412,0,2
1522940294.390719,39.3963,1294,0,4
1522768764.369606,13.5383,1412,1,1
1527760627.138932,113.901,130,0,0
1527791985.995701,64.5238,232,0,0
1522763856.413668,11.3902,92,0,1
1522953998.75705,7.32952,1412,0,4
1522928752.728186,47.2866,74,1,4
1522918753.022707,52.6607,1412,0,4
1522842708.0006,24.2095,1412,0,1
1522940288.961581,33.9671,74,1,4
1529515407.712256,0.231488,116,1,2
1522886703.841019,15.0376,1412,0,1
1522853104.189684,5.13309,125,1,1
1529513492.121934,1.25386,1392,0,2
1529626612.380971,0.39364,1412,0,2
1522928731.694817,26.2532,1294,0,4
1522954045.287228,53.8597,1412,0,4
1529626612.96585,0.978519,1412,0,2
1522918720.279888,19.9179,1412,0,4
1522964075.63881,36.6944,273,1,4
1522886703.849608,15.0462,1412,0,1
1527760552.351077,39.1128,262,1,0
1522842691.525669,7.73459,1412,0,1
1522940256.020051,1.02559,1294,0,4
1529541636.605475,1.08776,1412,0,2
1529644963.475598,0.713694,1412,0,2
1522953994.805328,3.3778,1412,0,4
1522928731.704356,26.2627,1294,0,4
1527987811.005903,90.6013,92,0,0
1529515407.765793,0.285025,125,1,2
1522953994.807083,3.37955,1412,0,4
1529554552.822937,1.27301,1412,0,2
1522868694.179882,9.22204,1412,0,1
1522956020.981574,1.28114,1412,0,4
1522943047.02307,0.595181,1412,0,4
1522861278.207687,9.4988,1412,0,1
1528083112.004325,54.9291,407,1,0
1527760542.30705,29.0687,148,0,0
1522964095.063379,56.119,1412,0,4
1529634881.134915,0.725952,1412,0,2
1522865358.158144,11.188,1412,0,1
1522917979.332775,13.0171,1412,0,4
1522928709.492297,4.05068,1294,0,4
1529513492.117981,1.2499,1392,0,2
1522865359.163633,12.1935,1412,0,1
1522943046.794771,0.366882,1412,0,4
1522928715.872405,10.4308,1294,0,4
1522865359.242647,12.2725,1412,0,1
1522865358.843084,11.8729,1412,0,1
1522928757.968311,52.5267,1294,0,4
1522763866.549968,21.5265,95,0,1
1522763861.908444,16.885,95,0,1
1522954026.622027,35.1945,1412,0,4
1522940261.670571,6.67611,74,1,4
1522853104.341575,5.28498,119,1,1
1529478747.606337,0.982729,122,1,2
1522859388.701435,12.0426,1412,0,1
1529541636.048685,0.530975,1412,0,2
1522954003.49003,12.0625,1412,0,4
1522868693.882831,8.92499,1412,0,1
1522964042.813408,3.86904,1412,0,4
1529478747.899278,1.27567,1412,0,2
1522853103.224756,4.16816,1412,0,1
1527924654.544449,4.00979,1412,1,0
1522918752.776167,52.4142,1412,0,4
1522940256.203085,1.20862,1294,0,4
1522964043.01567,4.0713,126,1,4
1522886700.715029,11.9116,101,1,1
1522940294.359195,39.3647,1294,0,4
1522940263.770409,8.77595,1294,0,4
1522943078.571745,32.1439,1412,0,4
1522954044.783921,53.3564,1412,0,4
1522940303.474802,48.4803,74,1,4
1522918720.260014,19.898,130,1,4
1522888895.051249,12.5595,1412,0,1
1522928729.263197,23.8216,1294,0,4
1522922683.235232,39.8497,1392,0,4
1529554552.531691,0.981763,1412,0,2
1529564285.646772,0.574935,1412,0,2
1529513491.880389,1.01231,1392,0,2
1529645507.131423,0.938954,1412,0,2
1522888894.717264,12.2255,1412,0,1
1522853100.217208,1.16061,1412,0,1
1522964075.658014,36.7136,257,1,4
1527791943.250086,21.7781,387,1,0
1529515407.683065,0.202297,1412,0,2
1522964075.412696,36.4683,1412,0,4
1522842710.468779,26.6777,1412,0,1
1522940274.25072,19.2563,74,1,4
1522861278.222565,9.51368,1412,0,1
1522918719.151626,18.7896,1412,0,4
1522922669.692231,26.3067,1392,0,4
1529634881.768618,1.35966,113,1,2
1522868694.338276,9.38043,1412,0,1
1529515408.438019,0.957251,1412,0,2
1522954003.498926,12.0714,1412,0,4
1522928709.4618,4.02018,110,1,4
1522865359.340996,12.3708,1412,0,1
1522956046.920895,27.2205,1412,0,4
1527745337.048984,111.972,104,1,0
1522868693.702881,8.74504,1412,0,1
1522964075.43856,36.4942,1412,0,4
1522861277.877382,9.1685,1412,0,1
1529513491.880563,1.01249,1392,0,2
1529564286.748374,1.67654,1412,0,2
1522956026.080809,6.38038,1412,0,4
1529554552.005764,0.455836,1412,0,2
1522940313.544911,58.5504,1294,0,4
1529634881.137672,0.728709,1412,0,2
1522865358.435688,11.4655,1412,0,1
1522886711.685363,22.8819,1412,0,1
1522853103.505164,4.44857,1412,0,1
1522768763.13072,12.2994,1412,1,1
1522956076.949761,57.2493,1412,0,4
1522922696.747334,53.3618,1392,0,4
1529644963.102227,0.340323,1412,0,2
1522859388.610606,11.9518,1412,0,1
1522768765.188485,14.3571,1412,1,1
1522956038.698531,18.9981,1412,0,4
1522842695.242107,11.451,1412,0,1
1522928729.331179,23.8896,294,0,4
1522886706.354461,17.551,1412,0,1
1522956038.841806,19.1414,1412,0,4
1522964058.5726,19.6282,125,1,4
1522744998.90675,8.3563,74,1,3
1522763862.556821,17.5333,1412,1,1
1527741724.266519,6.36404,87,0,0
1522861277.596746,8.88786,125,1,1
1522865359.055057,12.0849,1412,0,1
1527987733.183128,12.7786,87,0,0
1522943046.985197,0.557308,126,1,4
1527851002.788938,41.2252,391,1,0
1522861277.328544,8.61966,1412,0,1
1522918739.257134,38.8951,1412,0,4
1522928709.750579,4.30896,1294,0,4
1529645507.529282,1.33681,1412,0,2
1522853103.504683,4.44809,1412,0,1
1529645507.953528,1.76106,1412,0,2
1522940285.806887,30.8124,74,1,4
1522940255.777797,0.783334,1294,0,4
1522964076.407622,37.4633,1412,0,4
1522956069.459733,49.7593,1412,0,4
1522928739.099929,33.6583,74,1,4
1529515407.865334,0.384566,1412,0,2
1527745297.070659,71.9935,101,1,0
1522888894.628615,12.1369,1412,0,1
1522768767.530155,16.6988,103,0,1
1527791947.450266,25.9783,219,0,0
1522842700.263397,16.4723,1412,0,1
1522768772.789794,21.9585,1412,1,1
1522954045.279224,53.8517,1412,0,4
1522928717.698437,12.2568,74,1,4
1522888894.78054,12.2888,125,1,1
1522865359.082705,12.1125,1412,0,1
1522943047.039081,0.611192,1412,0,4
1527924756.257122,105.722,254,1,0
1522956068.332196,48.6318,1412,0,4
1529513491.950685,1.08261,1392,0,2
1529554552.00988,0.459952,1412,0,2
1522956046.922143,27.2217,1412,0,4
1522928705.960433,0.518816,1294,0,4
1522861278.322959,9.61407,1412,0,1
1529626612.384353,0.397022,1412,0,2
1522940275.205151,20.2107,74,1,4
1529644963.987346,1.22544,1412,0,2
1522964064.053974,25.1096,1412,0,4
1527760625.104704,111.866,104,1,0
1529541636.379131,0.861421,1412,0,2
1522868694.439507,9.48166,1412,0,1
1522943063.078079,16.6502,1412,0,4
1522956077.521794,57.8214,1412,0,4
1522940255.471203,0.47674,74,1,4
1522953998.762569,7.33504,1412,0,4
1522888894.240018,11.7483,1412,0,1
1522928709.458312,4.0167,1294,0,4
1522940313.221953,58.2275,1294,0,4
1522964070.147905,31.2035,1412,0,4
1522842694.391767,10.6007,1412,0,1
1522842698.18452,14.3934,1412,0,1
1522956046.922827,27.2224,1412,0,4
1522768767.377757,16.5464,100,0,1
1522853101.859742,2.80315,1412,0,1
1529515407.871859,0.391091,126,1,2
1522964040.758101,1.81373,1412,0,4
1527760521.938445,8.70013,144,1,0
1522953993.294218,1.86669,1412,0,4
1522928747.800567,42.3589,74,1,4
1522861278.1141,9.40522,1412,0,1
1522954045.32697,53.8994,125,1,4
1522953998.655719,7.22819,1412,0,4
1529634881.130208,0.721245,1412,0,2
1522886713.373544,24.5701,1412,0,1
1529634881.403683,0.99472,1412,0,2
1522928758.914745,53.4731,74,1,4
1529541636.064679,0.546969,1412,0,2
1522953992.053484,0.625954,1412,0,4
1522943096.533171,50.1053,1412,0,4
1522868694.110351,9.15251,1412,0,1
1529564286.010099,0.938262,1412,0,2
1522868694.575863,9.61802,469,0,1
1522868694.42972,9.47187,1412,0,1
1522763860.295974,15.2725,1412,1,1
1522928758.723242,53.2816,1294,0,4
1522763856.838809,11.8153,1412,1,1
1522859388.315025,11.6562,1412,0,1
1529645506.600096,0.407627,1412,0,2
1522768765.067451,14.2361,106,0,1
1527760594.340419,81.1021,87,0,0
1522940274.20736,19.2129,1294,0,4
1529564286.658841,1.587,1412,0,2
1522635941.677782,0.613519,1294,0,3
1522964042.88039,3.93602,1412,0,4
1527993537.877434,42.2246,235,0,0
1522918024.536951,58.2213,1412,0,4
1529564285.533008,0.461171,1412,0,2
1529644963.826945,1.06504,1412,0,2
1522859388.121733,11.4629,1412,0,1
1522956031.494029,11.7936,1412,0,4
1529564286.049186,0.977349,1412,0,2
1522859388.378545,11.7197,1412,0,1
1529478747.103821,0.480213,125,1,2
1522922683.17997,39.7944,106,1,4
1522859388.2786,11.6198,1412,0,1
1522940270.011078,15.0166,1294,0,4
1522917983.564075,17.2484,1412,0,4
1522888894.838869,12.3471,1412,0,1
1522964064.018978,25.0746,1412,0,4
1529541636.216215,0.698505,1412,0,2
1527741721.432602,3.53012,101,1,0
1529554551.761697,0.211769,125,1,2
1522956038.861863,19.1614,1412,0,4
1522842694.218125,10.427,104,1,1
1522842700.447166,16.6561,1412,0,1
1522888894.874484,12.3828,1412,0,1
1522888893.959182,11.4675,125,1,1
1522954035.06963,43.6421,1412,0,4
1522768750.831338,0.0,213,1,1
1522956031.492102,11.7917,1412,0,4
1522956056.412153,36.7117,1412,0,4
1522928731.531931,26.0903,74,1,4
1522768768.515102,17.6838,100,0,1
1529626612.487832,0.500501,1412,0,2
1529554552.932533,1.38261,1412,0,2
1527745239.131229,14.0541,100,1,0
1522868694.703582,9.74574,1412,0,1
1522888894.353624,11.8619,1412,0,1
1522928715.628271,10.1867,74,1,4
1522956031.467892,11.7675,1412,0,4
1528085257.713455,93.9428,95,0,0
1522954003.174167,11.7466,1412,0,4
1522940274.235462,19.241,1294,0,4
1522886713.319775,24.5163,101,1,1
1522768767.910756,17.0794,1412,1,1
1529645508.155657,1.96319,1412,0,2
1527851023.368151,61.8044,247,0,0
1522940275.28948,20.295,74,1,4
1522865359.03158,12.0614,1412,0,1
1522861278.314043,9.60516,1412,0,1
1529478746.746568,0.12296,1412,0,2
1527760621.035905,107.798,92,0,0
1522853105.828875,6.77228,1412,0,1
1529564285.659471,0.587634,1412,0,2
1522956038.899659,19.1992,1412,0,4
1522943088.570841,42.143,1412,0,4
1522940315.102667,60.1082,1294,0,4
1522918720.1392,19.7772,1412,0,4
1522943063.129753,16.7019,1412,0,4
1527987753.649974,33.2454,397,1,0
1522917972.785605,6.46994,1412,0,4
1522953993.24824,1.82071,1412,0,4
1522940280.63346,25.639,1294,0,4
1522918739.179685,38.8177,1412,0,4
1529626612.736667,0.749336,1412,0,2
1522943046.987135,0.559246,1412,0,4
1522956025.968344,6.26791,1412,0,4
1522868694.665475,9.70763,1412,0,1
1529478747.599934,0.976326,1412,0,2
1522928723.00486,17.5632,1294,0,4
1522853103.352575,4.29598,1412,0,1
1522868694.728334,9.77049,1412,0,1
1522940261.544398,6.54994,1294,0,4
1522956056.574707,36.8743,1412,0,4
1522865358.911746,11.9416,1412,0,1
1522954035.232078,43.8045,1412,0,4
1529515407.872517,0.391749,1412,0,2
1529626612.64398,0.656649,1412,0,2
1522861277.904853,9.19597,1412,0,1
1522853103.305597,4.249,129,1,1
1522953994.771,3.34347,126,1,4
1522853100.83339,1.77679,1412,0,1
1522853101.860912,2.80432,1412,0,1
1522917983.540466,17.2248,1412,0,4
1522842700.772069,16.981,1412,0,1
1529645507.124001,0.931532,1412,0,2
1529478747.299864,0.676256,1412,0,2
1529554552.643478,1.09355,1412,0,2
1522842691.633381,7.8423,1412,0,1
1522768763.067247,12.2359,1412,1,1
1522928723.117363,17.6757,1294,0,4
1522861277.501464,8.79258,1412,0,1
1528085164.375526,0.604894,1412,0,0
1527745258.870501,33.7934,260,1,0
1527851076.964056,115.4,391,1,0
1522940275.232707,20.2382,74,1,4
1522647182.264221,0.417444,74,0,3
1529554552.908621,1.35869,1412,0,2
1522861278.213499,9.50461,1412,0,1
1522928731.542951,26.1013,1294,0,4
1522888894.257886,11.7662,1412,0,1
1522868694.094589,9.13674,1412,0,1
1529513491.54336,0.675284,1392,0,2
1522763855.059444,10.036,1412,1,1
1529554552.7036,1.15367,1412,0,2
1522943078.465886,32.038,1412,0,4
1522964099.131604,60.1872,1412,0,4
1522922696.643126,53.2576,1392,0,4
1522654307.208163,6.11683,74,1,3
1522861277.341115,8.63223,1412,0,1
1522865358.471074,11.5009,125,1,1
1529564287.330505,2.25867,1412,0,2
1522922645.294074,1.90852,1392,0,4
1527741829.340983,111.439,185,0,0
1529645507.191691,0.999222,1412,0,2
1522853105.01837,5.96177,1412,0,1
1522842694.602106,10.811,104,1,1
1522928731.579834,26.1382,1294,0,4
1527924762.04376,111.509,1412,1,0
1522861278.527672,9.81879,1412,0,1
1522928744.370081,38.9285,1294,0,4
1522886699.749948,10.9465,1412,0,1
1522842691.559902,7.76882,181,1,1
1522964076.019004,37.0746,1412,0,4
1522956047.129749,27.4293,1412,0,4
1522943107.203571,60.7757,119,1,4
1522842709.945926,26.1548,104,1,1
1529513491.52122,0.653144,1392,0,2
1522940285.807596,30.8131,1294,0,4
1529541635.923151,0.405441,1412,0,2
1522768770.837562,20.0062,1412,1,1
1522943078.443492,32.0156,1412,0,4
1527745226.136368,1.05925,1412,0,0
1529644963.957915,1.19601,1412,0,2
1522928758.817629,53.376,1294,0,4
1522888894.601964,12.1102,1412,0,1
1522922655.987593,12.602,1392,0,4
1522888894.114287,11.6226,1412,0,1
1529645507.154916,0.962447,125,1,2
1522865358.139217,11.1691,1412,0,1
1529626612.319407,0.332076,1412,0,2
1529644963.376467,0.614563,1412,0,2
1529515408.541956,1.06119,1230,0,2
1522868693.888843,8.931,1412,0,1
1522922683.121679,39.7361,106,1,4
1522928729.21618,23.7746,74,1,4
1527987729.193083,8.78852,92,0,0
1522662270.674282,0.783383,1294,0,3
1522956021.080235,1.37981,1412,0,4
1522888894.840374,12.3487,1412,0,1
1522715511.340619,7.32496,174,1,3
1522853099.934636,0.878041,101,1,1
1522956069.43037,49.7299,110,1,4
1522928715.644319,10.2027,74,1,4
1529513491.513628,0.645552,1392,0,2
1522928722.939922,17.4983,1294,0,4
1522763862.329167,17.3057,1412,1,1
1522981572.23013,14.3653,1412,0,4
1527993526.551197,30.8983,107,1,0
1522943088.530437,42.1025,1412,0,4
1529513491.980388,1.11231,1392,0,2
1522981581.30015,23.4353,125,1,4
1522954044.764198,53.3367,1412,0,4
1522886712.975744,24.1723,1412,0,1
1522859388.735082,12.0763,1412,0,1
1522964070.315509,31.3711,1412,0,4
1529554552.71545,1.16552,864,0,2
1522956053.18109,33.4807,1412,0,4
1522842703.154441,19.3634,1412,0,1
1529554552.05334,0.503412,1412,0,2
1529626612.964773,0.977442,125,1,2
1522859387.841116,11.1823,1412,0,1
1522940275.271834,20.2774,1294,0,4
1522964095.180384,56.236,1412,0,4
1522859388.354666,11.6958,1412,0,1
1522842699.394589,15.6035,1412,0,1
1522861278.345119,9.63623,1412,0,1
1522865358.277721,11.3076,1412,0,1
1522868694.432538,9.47469,1412,0,1
1527993533.664408,38.0115,233,0,0
1522943046.840936,0.413047,1412,0,4
1522928739.019782,33.5782,1294,0,4
1529645506.900035,0.707566,1412,0,2
1529478747.442319,0.818711,113,1,2
1527760520.209966,6.97165,180,0,0
1528085223.440597,59.67,101,1,0
1522868694.207672,9.24983,1412,0,1
1522940302.685284,47.6908,1294,0,4
1529513491.861414,0.993338,1392,0,2
1522940303.001988,48.0075,1294,0,4
1522768767.013759,16.1824,1412,1,1
1522943082.766391,36.3385,1412,0,4
1522928747.795109,42.3535,74,1,4
1522868693.672926,8.71508,125,1,1
1522744998.580435,8.02998,74,1,3
1522861278.099246,9.39036,1412,0,1
1527987721.134681,0.730121,401,0,0
1529634880.955364,0.546401,1412,0,2
1522868694.650334,9.69249,1412,0,1
1522768765.275736,14.4444,1412,1,1
1522842697.116163,13.3251,121,1,1
1522928738.92279,33.4812,1294,0,4
1522853105.280597,6.224,1412,0,1
1522956064.943125,45.2427,110,1,4
1522940313.765747,58.7713,1294,0,4
1522842691.715858,7.92478,185,1,1
1527993533.089923,37.4371,580,1,0
1529645507.165469,0.973,1412,0,2
1529513491.387343,0.519267,1392,0,2
1522865358.961816,11.9917,1412,0,1
1522956025.954479,6.25405,126,1,4
1522859388.701117,12.0423,1412,0,1
1522739791.230651,6.058,1294,0,3
1522859387.878035,11.2192,1412,0,1
1522956077.261779,57.5613,1412,0,4
1522964075.98648,37.0421,1412,0,4
1529478747.738842,1.11523,1412,0,2
1527987784.838969,64.4344,87,0,0
1527792008.715658,87.2437,91,0,0
1522928709.688562,4.24694,1294,0,4
1522954026.798134,35.3706,1412,0,4
1522928759.234922,53.7933,1294,0,4
1527987736.192952,15.7884,1412,1,0
1522888894.544708,12.053,1412,0,1
1522928731.439183,25.9976,1294,0,4
1522940315.074347,60.0799,1294,0,4
1522763857.589042,12.5656,1412,1,1
1522956046.972443,27.272,1412,0,4
1522943063.145049,16.7172,1412,0,4
1528083104.079684,47.0045,148,0,0
1522886708.60955,19.8061,101,1,1
1522928758.492963,53.0513,1294,0,4
1522943088.599879,42.172,1412,0,4
1529626612.028632,0.041301,1412,0,2
1522922652.571966,9.18641,1392,0,4
1522922683.185985,39.8004,1392,0,4
1522956070.422033,50.7216,1412,0,4
1522886700.923347,12.1199,1412,0,1
1522888894.394473,11.9028,1412,0,1
1522763864.174426,19.1509,1412,1,1
1522917983.576992,17.2613,1412,0,4
1529554551.759984,0.210056,1412,0,2
1522842698.504603,14.7135,1412,0,1
1522922645.285814,1.90026,1392,0,4
1522922645.324075,1.93852,1392,0,4
1529478747.609893,0.986285,1412,0,2
1529515407.782556,0.301788,1412,0,2
1522763854.199466,9.17598,1412,1,1
1522928753.427928,47.9863,1294,0,4
1522956020.933564,1.23313,1412,0,4
1529644963.741684,0.97978,126,1,2
1522981612.986861,55.1221,1412,0,4
1522964075.852347,36.908,1412,0,4
1529515407.924476,0.443708,1412,0,2
1529645506.925559,0.73309,1412,0,2
1522922683.278321,39.8928,1392,0,4
1522940261.492863,6.4984,1294,0,4
1527987804.537209,84.1326,148,0,0
1527993530.634344,34.9815,101,1,0
1522917979.288596,12.9729,1412,0,4
1522868693.347729,8.38988,1412,0,1
1522956076.700275,56.9998,1412,0,4
1522928753.223959,47.7823,1294,0,4
1522859388.316879,11.658,1412,0,1
1529564287.705145,2.63331,1412,0,2
1522763856.628572,11.6051,1412,1,1
1529515408.763232,1.28246,1412,0,2
1522842710.419673,26.6286,1412,0,1
1522928753.297152,47.8555,1294,0,4
1522954035.15908,43.7315,1412,0,4
1522768775.625711,24.7944,1412,1,1
1522956077.74981,58.0494,1412,0,4
1522956020.073456,0.373026,1412,0,4
1522940275.284904,20.2904,1294,0,4
1529541636.471111,0.953401,1412,0,2
1527760542.757936,29.5196,101,1,0
1529626612.694636,0.707305,1412,0,2
1522964070.183892,31.2395,948,0,4
1522943107.040135,60.6122,1412,0,4
1522888894.952027,12.4603,1412,0,1
1529645506.908165,0.715696,1412,0,2
1522917979.310392,12.9947,1412,0,4
1522886707.300049,18.4966,1412,0,1
1522928758.179286,52.7377,1294,0,4
1522956068.225269,48.5248,1412,0,4
1522868694.527386,9.56954,898,0,1
1529541635.749183,0.231473,1412,0,2
1522865359.274975,12.3048,1412,0,1
1522940275.286301,20.2918,1294,0,4
1522928715.620265,10.1786,1294,0,4
1529513491.527352,0.659276,1392,0,2
1529626612.905927,0.918596,1412,0,2
1522940275.260038,20.2656,74,1,4
1522842704.129999,20.3389,1412,0,1
1529515408.698854,1.21809,1412,0,2
1522940313.111497,58.117,74,1,4
1522886710.561668,21.7582,101,1,1
1522918719.147398,18.7854,1412,0,4
1522922645.304082,1.91853,1392,0,4
1522842693.000245,9.20917,1412,0,1
1522853104.506363,5.44977,1412,0,1
1522953992.612214,1.18468,1412,0,4
1522886705.505987,16.7026,1412,0,1
1522953995.195001,3.76747,1412,0,4
1522853105.021787,5.96519,113,1,1
1522953992.641214,1.21368,1412,0,4
1522842693.238761,9.44768,1412,0,1
1522853102.963912,3.90732,1412,0,1
1529478747.309413,0.685805,1412,0,2
1529634881.78865,1.37969,1412,0,2
1529554552.474724,0.924796,1412,0,2
1522954035.124221,43.6967,1412,0,4
1522922643.986005,0.600452,1392,0,4
1522928705.664836,0.223219,1294,0,4
1527760530.783321,17.545,327,0,0
1522943096.368554,49.9407,1412,0,4
1522918024.561196,58.2455,1412,0,4
1529554552.315131,0.765203,138,1,2
1522853103.886321,4.82973,1412,0,1
1522917999.564944,33.2493,1412,0,4
1522956038.861459,19.161,126,1,4
1522861278.49553,9.78664,484,0,1
1529541636.718962,1.20125,1412,0,2
1529645507.120958,0.928489,1412,0,2
1528083086.245555,29.1704,101,1,0
1529644963.031638,0.269734,1412,0,2
1522859388.749659,12.0908,1412,0,1
1529645507.985607,1.79314,1412,0,2
1522928709.607799,4.16618,1294,0,4
1522964076.343182,37.3988,1412,0,4
1522859388.796665,12.1378,1412,0,1
1529644964.286771,1.52487,125,1,2
1527791969.616126,48.1442,261,1,0
1522964051.50689,12.5625,1412,0,4
1522842690.91382,7.12274,106,1,1
1527987781.717598,61.313,92,0,0
1522940261.534613,6.54015,1294,0,4
1522842709.99971,26.2086,1412,0,1
1522928753.252582,47.811,1294,0,4
1522940303.948633,48.9542,1294,0,4
1522888893.868067,11.3763,100,1,1
1522940269.969861,14.9754,1294,0,4
1522861277.915496,9.20661,1412,0,1
1522928715.641972,10.2004,74,1,4
1522868694.808025,9.85018,1412,0,1
1522928758.175924,52.7343,74,1,4
1522943057.585501,11.1576,1412,0,4
1522859388.538738,11.8799,1412,0,1
1522956020.595549,0.895119,1412,0,4
1522763864.798592,19.7751,1412,1,1
1529478746.922155,0.298547,1412,0,2
1529644963.992039,1.23013,1412,0,2
1528083112.149025,55.0738,104,1,0
1529634881.624645,1.21568,114,1,2
1522928731.47554,26.0339,1294,0,4
1522868693.573523,8.61568,1412,0,1
1522953994.729293,3.30176,126,1,4
1522859388.55175,11.8929,1412,0,1
1529626612.252952,0.265621,1412,0,2
1529634881.817654,1.40869,1412,0,2
1522868694.546483,9.58864,1412,0,1
1522918753.041547,52.6795,289,1,4
1522943052.275942,5.84805,1412,0,4
1522918700.951518,0.589504,1412,0,4
1522739788.317891,3.14524,193,1,3
1522768764.86369,14.0324,1412,1,1
1522886697.590303,8.78687,98,1,1
1522868694.605416,9.64757,1412,0,1
1522943073.281519,26.8536,1412,0,4
1522918739.24255,38.8805,1412,0,4
1527741763.795564,45.8931,385,1,0
1522886706.59649,17.7931,1412,0,1
1522918024.58825,58.2726,161,0,4
1522943052.361518,5.93363,1412,0,4
1522928744.413173,38.9716,1294,0,4
1522853105.350669,6.29407,1412,0,1
1522853100.416955,1.36036,1412,0,1
1522868693.352741,8.3949,1412,0,1
1522940313.170503,58.176,1294,0,4
1522842698.076444,14.2854,1412,0,1
1528085260.625942,96.8553,335,0,0
1529634881.953296,1.54433,1412,0,2
1522940294.29627,39.3018,74,1,4
1522842709.032638,25.2416,1412,0,1
1522964039.287091,0.34272,1412,0,4
1522928723.065181,17.6236,1294,0,4
1529541636.688367,1.17066,1412,0,2
1527924651.066975,0.532319,1412,0,0
1522964070.288825,31.3445,1412,0,4
1522861278.449756,9.74087,125,1,1
1522768767.389956,16.5586,1412,1,1
1522928731.477378,26.0358,74,1,4
1529515408.548298,1.06753,1412,0,2
1522865358.331782,11.3616,1412,0,1
1522768773.875825,23.0445,1412,1,1
1522918016.056217,49.7406,1412,0,4
1522940280.677416,25.683,74,1,4
1522865358.764116,11.794,1412,0,1
1522928739.085772,33.6442,1294,0,4
1522964043.027642,4.08327,126,1,4
1529513491.807545,0.939469,1392,0,2
1522886698.415879,9.61245,1412,0,1
1522865358.874408,11.9042,1412,0,1
1522861277.459792,8.75091,1412,0,1
1527924677.493535,26.9589,104,1,0
1522886702.155966,13.3525,1412,0,1
1529478747.606564,0.982956,1412,0,2
1522928731.62631,26.1847,1294,0,4
1529626612.523524,0.536193,1412,0,2
1529541635.654876,0.137166,124,1,2
1522888893.900345,11.4086,1412,0,1
1522842709.224461,25.4334,1412,0,1
1527987727.541944,7.13738,1412,0,0
1529554552.985178,1.43525,1412,0,2
1522964058.637316,19.6929,948,0,4
1529634881.109889,0.700926,1412,0,2
1522853101.333932,2.27734,1412,0,1
1522928747.659937,42.2183,1294,0,4
1522853102.498105,3.44151,1412,0,1
1529564287.220932,2.1491,1412,0,2
1522886704.035781,15.2323,1412,0,1
1529513491.163919,0.295843,1392,0,2
1522922662.141175,18.7556,1392,0,4
1522768766.455753,15.6244,97,0,1
1529554551.92227,0.372342,1412,0,2
1522954035.129648,43.7021,1412,0,4
1522868694.231689,9.27384,1412,0,1
1522928709.697865,4.25625,1294,0,4
1522940275.278162,20.2837,1294,0,4
1522940314.505477,59.511,1294,0,4
1522922645.125068,1.73952,1392,0,4
1522888894.890782,12.3991,1412,0,1
1522928723.039913,17.5983,74,1,4
1522956056.571326,36.8709,1412,0,4
1522943078.543167,32.1153,1412,0,4
1527760524.124003,10.8857,87,1,0
1522953995.133358,3.70583,1412,0,4
1522940304.312811,49.3183,1294,0,4
1522956038.672518,18.9721,1412,0,4
1522842703.347766,19.5567,1412,0,1
1529541636.579466,1.06176,1412,0,2
1522954013.983278,22.5557,1412,0,4
1522956031.637374,11.9369,1412,0,4
1529541636.569026,1.05132,1412,0,2
1522865358.046674,11.0765,1412,0,1
1522981572.239547,14.3747,1412,0,4
1522940294.251489,39.257,74,1,4
1522842710.525033,26.734,1412,0,1
1522956021.039565,1.33914,1412,0,4
1522861277.937927,9.22904,1412,0,1
1522647182.257324,0.410547,1294,1,3
1522940303.075755,48.0813,74,1,4
1522928715.542421,10.1008,1294,0,4
1522768773.899305,23.068,103,0,1
1522981568.210461,10.3457,1412,0,4
1522964051.504898,12.5605,1412,0,4
1522917972.799374,6.48371,1412,0,4
1529644963.700748,0.938844,1412,0,2
1522768763.185712,12.3544,103,0,1
1522861277.469827,8.76094,1412,0,1
1527741785.068476,67.166,253,1,0
1522940269.986602,14.9921,1294,0,4
1522956065.666162,45.9657,289,1,4
1527993574.489618,78.8368,392,1,0
1529564287.21771,2.14587,1412,0,2
1522964040.750278,1.80591,1412,0,4
1522928723.129391,17.6878,1294,0,4
1522768768.136104,17.3048,1412,1,1
1522888894.679897,12.1882,1412,0,1
1522956038.779464,19.079,1412,0,4
1522956077.200774,57.5003,1412,0,4
1528085234.153091,70.3825,148,0,0
1529626612.873214,0.885883,1412,0,2
1522940280.670198,25.6757,74,1,4
1527741795.083041,77.1806,101,1,0
1529478747.720413,1.0968,1412,0,2
1522928723.011409,17.5698,74,1,4
1522928747.552971,42.1114,102,1,4
1522943101.519184,55.0913,1391,0,4
1522917969.381093,3.06543,1412,0,4
1529513491.32938,0.461304,910,0,2
1529644963.996007,1.2341,1412,0,2
1522859387.653473,10.9946,100,1,1
1522943078.444163,32.0163,1412,0,4
1522922645.247068,1.86152,1392,0,4
1528083139.746694,82.6715,407,1,0
1529634881.954183,1.54522,1412,0,2
1522981558.217843,0.35304,1412,0,4
1522922645.231076,1.84552,1392,0,4
1522886707.651359,18.8479,1412,0,1
1522928731.727134,26.2855,74,1,4
1527760590.277141,77.0388,101,1,0
1522842692.630196,8.83912,1412,0,1
1522954013.893988,22.4665,1412,0,4
1522865358.532603,11.5624,1412,0,1
1522956020.633546,0.933116,1412,0,4
1522956021.077792,1.37736,1412,0,4
1529541635.748855,0.231145,1412,0,2
1522940280.558618,25.5642,1294,0,4
1522954045.261223,53.8337,1412,0,4
1522922677.817153,34.4316,105,1,4
1528085271.452338,107.682,110,1,0
1522928717.710028,12.2684,1294,0,4
1522922669.660475,26.2749,1392,0,4
1522886704.373841,15.5704,1412,0,1
1522886709.980527,21.1771,1412,0,1
1522943096.544592,50.1167,1412,0,4
1527741721.401155,3.49867,1412,0,0
1522928706.08891,0.647293,74,1,4
1522886697.987934,9.1845,101,1,1
1522888893.977787,11.4861,1412,0,1
1522886708.082831,19.2794,1412,0,1
1529515408.236177,0.755409,1412,0,2
1529554552.38739,0.837462,1412,0,2
1522768765.025535,14.1942,1412,1,1
1529478747.886623,1.26301,1412,0,2
1527745309.978117,84.901,148,0,0
1522768769.943651,19.1123,1412,1,1
1522842704.199192,20.4081,1412,0,1
1522943088.49641,42.0685,1412,0,4
1522886711.434145,22.6307,1412,0,1
1522922683.19927,39.8137,1392,0,4
1522922683.078252,39.6927,1392,0,4
1522953995.181349,3.75382,1412,0,4
1522868694.078,9.12016,1412,0,1
1522928729.332458,23.8908,1294,0,4
1528085260.77522,97.0046,148,0,0
1522940314.883656,59.8892,74,1,4
1522886698.088872,9.28544,1412,0,1
1529513492.038272,1.1702,1392,0,2
1522943096.728963,50.3011,207,1,4
1522886711.829468,23.026,1412,0,1
1522954034.582608,43.1551,1412,0,4
1529554552.188512,0.638584,1412,0,2
1522943100.901146,54.4733,1412,0,4
1522928731.593377,26.1518,74,1,4
1522865358.611802,11.6416,1412,0,1
1529515407.846774,0.366006,1412,0,2
1522763859.896691,14.8732,1412,1,1
1522943107.01596,60.5881,1412,0,4
1522853100.413243,1.35665,1412,0,1
1522928739.099653,33.658,74,1,4
1522888894.84062,12.3489,1412,0,1
1527760585.552249,72.3139,80,0,0
1529634881.599825,1.19086,1412,0,2
1522763864.952231,19.9287,1412,1,1
1522954035.187317,43.7598,1412,0,4
1522964063.95134,25.007,1412,0,4
1522763861.932982,16.9095,1412,1,1
1529644962.961783,0.199879,648,0,2
1522859388.718502,12.0597,1412,0,1
1529515408.057251,0.576483,1412,0,2
1522886708.167859,19.3644,1412,0,1
1522954026.671178,35.2436,1412,0,4
1522928738.957969,33.5164,1294,0,4
1522763852.780594,7.75711,100,1,1
1522888893.99229,11.5006,1412,0,1
1522886699.530576,10.7271,1412,0,1
1529478747.174351,0.550743,1412,0,2
1522956068.24273,48.5423,1412,0,4
1522940274.246027,19.2516,1294,0,4
1522853102.863183,3.80659,1412,0,1
1522865358.473549,11.5034,1412,0,1
1522928747.963585,42.522,74,1,4
1529634880.815169,0.406206,1412,0,2
1529644963.502222,0.740318,1412,0,2
1522861278.405295,9.69641,1412,0,1
1522853105.016005,5.95941,1412,0,1
1522922669.622516,26.237,1392,0,4
1529541636.175493,0.657783,1412,0,2
1522943082.699107,36.2712,1412,0,4
1522853104.358521,5.30193,1412,0,1
1522928709.652089,4.21047,1294,0,4
1529564285.690088,0.618251,138,1,2
1522956053.158035,33.4576,1412,0,4
1529645508.000831,1.80836,1412,0,2
1522865358.381565,11.4114,1412,0,1
1529541636.128926,0.611216,1412,0,2
1522853104.171502,5.11491,1412,0,1
1522715510.972504,6.95684,436,0,3
1522954035.089797,43.6623,1412,0,4
1522940280.593269,25.5988,1294,0,4
1522943047.035078,0.607189,1412,0,4
1529634881.365384,0.956421,1412,0,2
1522865358.976888,12.0067,1412,0,1
1522953994.475069,3.04754,1412,0,4
1522954045.341229,53.9137,487,0,4
1522853101.516923,2.46033,1412,0,1
1522943082.848235,36.4203,1412,0,4
1522886704.071632,15.2682,1412,0,1
1529644964.141167,1.37926,1412,0,2
1527987789.383747,68.9792,104,1,0
1522964039.216012,0.271641,1412,0,4
1522928723.10825,17.6666,74,1,4
1522964083.338493,44.3941,1412,0,4
1522859388.380381,11.7216,1412,0,1
1522954013.841474,22.4139,126,1,4
1522865358.538877,11.5687,1412,0,1
1522853102.976774,3.92018,1412,0,1
1522940269.978791,14.9843,74,1,4
1522981563.83086,5.96606,1412,0,4
1522943096.704898,50.277,1412,0,4
1522842704.842756,21.0517,104,1,1
1522918016.036775,49.7211,1412,0,4
1529541636.3721,0.85439,1412,0,2
1522928759.166595,53.725,1294,0,4
1522865358.382801,11.4126,1412,0,1
1522853101.080388,2.02379,113,1,1
1522928753.60761,48.166,1294,0,4
1522956038.815221,19.1148,1412,0,4
1522956031.532783,11.8324,1412,0,4
1527851056.940581,95.3768,112,1,0
1522763861.233293,16.2098,98,0,1
1522853102.283481,3.22689,1412,0,1
1522918024.565568,58.2499,1412,0,4
1527741721.263985,3.3615,1412,0,0
1529634880.431967,0.0230041,84,0,2
1522886704.6972,15.8938,1412,0,1
1522964095.201458,56.2571,294,1,4
1522868694.151753,9.19391,1412,0,1
1522918739.140471,38.7785,1412,0,4
1529645506.966542,0.774073,1412,0,2
1522928731.675893,26.2343,74,1,4
1522922696.749406,53.3639,1392,0,4
1522940303.793085,48.7986,1294,0,4
1522842698.587479,14.7964,1412,0,1
1522853102.738318,3.68172,1412,0,1
1522861278.203958,9.49507,1412,0,1
1522953993.979061,2.55153,1412,0,4
1522763864.55632,19.5328,1412,1,1
1522981606.092416,48.2276,1412,0,4
1529644964.186476,1.42457,1412,0,2
1529626612.981996,0.994665,1412,0,2
1529626612.895618,0.908287,1412,0,2
1522953994.755318,3.32779,1412,0,4
1522868694.686357,9.72851,1412,0,1
1522842698.91932,15.1282,1412,0,1
1528085225.86071,62.0901,885,1,0
1522763865.393432,20.3699,1412,1,1
1529564287.628456,2.55662,1412,0,2
1522886708.718564,19.9151,101,1,1
1527760620.243931,107.006,92,0,0
1522763860.033516,15.01,1412,1,1
1522763862.767253,17.7438,1412,1,1
1522964070.313938,31.3696,1412,0,4
1522918739.160219,38.7982,1412,0,4
1529644962.81814,0.056236,1412,0,2
1522768773.268485,22.4371,1412,1,1
1529478747.784016,1.16041,1412,0,2
1522918752.895027,52.533,173,1,4
1529515407.903175,0.422407,1412,0,2
1522842691.832897,8.04182,1412,0,1
1522861277.747502,9.03862,1412,0,1
1522964051.350551,12.4062,1412,0,4
1522868693.666507,8.70866,1412,0,1
1522768764.177164,13.3458,110,0,1
1522861277.488649,8.77976,1412,0,1
1527987762.89964,42.4951,263,1,0
1529564286.628499,1.55666,1412,0,2
1522928739.055064,33.6134,1294,0,4
1522768769.314144,18.4828,1412,1,1
1522859388.850113,12.1913,120,1,1
1522943052.280006,5.85212,1412,0,4
1522981606.80824,48.9434,1412,0,4
1529515408.695971,1.2152,1412,0,2
1522943106.30835,59.8805,1412,0,4
1522635948.186183,7.12192,1294,0,3
1528083097.994495,40.9193,92,0,0
1522768771.423614,20.5923,1397,1,1
1522964095.064178,56.1198,1412,0,4
1522842703.001585,19.2105,101,1,1
1529515407.816823,0.336055,1412,0,2
1529644963.051779,0.289875,1412,0,2
1529626612.234597,0.247266,1412,0,2
1529644964.143945,1.38204,1412,0,2
1522868694.655041,9.6972,1412,0,1
1522768773.795262,22.9639,103,0,1
1529564285.886534,0.814697,1412,0,2
1522956068.136345,48.4359,668,1,4
1522654306.879012,5.78768,1294,0,3
1522943100.978237,54.5503,109,1,4
1522940285.852434,30.858,74,1,4
1529513491.556673,0.688597,1392,0,2
1522964070.300914,31.3565,1412,0,4
1522868693.816394,8.85855,1412,0,1
1529564286.365632,1.2938,1412,0,2
1522918720.234216,19.8722,1412,0,4
1527760554.908957,41.6706,87,0,0
1522865358.142214,11.1721,1412,0,1
1522868694.148325,9.19048,1412,0,1
1522922683.24571,39.8602,1392,0,4
1522853104.210965,5.15437,1412,0,1
1522922696.691112,53.3056,1392,0,4
1522859388.266077,11.6072,1412,0,1
1522981581.345481,23.4807,1412,0,4
1529644964.042938,1.28103,1412,0,2
1522956056.489696,36.7893,1412,0,4
1522981605.823509,47.9587,107,1,4
1522928731.724599,26.283,1294,0,4
1522964094.943374,55.999,1412,0,4
1522861277.086857,8.37797,1412,0,1
1527745241.646361,16.5692,100,1,0
1522928738.947755,33.5061,1294,0,4
1529554552.85397,1.30404,1412,0,2
1522922645.254078,1.86853,1392,0,4
1522861277.04924,8.34036,124,1,1
1529644963.383342,0.621438,126,1,2
1522861277.896783,9.1879,1412,0,1
1522954013.814436,22.3869,1412,0,4
1522716080.423949,7.89867,1294,0,3
1522842700.67134,16.8803,1412,0,1
1522943107.35712,60.9292,1412,0,4
1522928709.445788,4.00417,110,1,4
1529541635.748227,0.230517,905,0,2
1529478747.570996,0.947388,1412,0,2
1529645507.199403,1.00693,1412,0,2
1522956065.541548,45.8411,1412,0,4
1522888893.937179,11.4455,1412,0,1
1522842703.877636,20.0866,104,1,1
1522842703.759594,19.9685,1412,0,1
1527745273.010015,47.9329,258,1,0
1522842690.693208,6.90213,104,1,1
1522943052.388105,5.96022,1412,0,4
1522865358.698998,11.7288,1412,0,1
1522940255.960045,0.965582,1294,0,4
1529645507.821365,1.6289,1412,0,2
1529513491.628849,0.760773,1392,0,2
1522842706.763047,22.972,1412,0,1
1522956068.182309,48.4819,1412,0,4
1522886710.476867,21.6734,1412,0,1
1528085250.07113,86.3005,104,1,0
1522865358.188705,11.2185,1412,0,1
1529478747.599692,0.976084,1412,0,2
1522842709.05947,25.2684,1412,0,1
1522842696.400946,12.6099,1412,0,1
1522943082.761463,36.3336,1412,0,4
1522853099.648953,0.592358,1412,0,1
1522922683.175172,39.7896,1392,0,4
1522956020.38654,0.68611,1412,0,4
1522861277.304637,8.59575,1412,0,1
1522888894.313509,11.8218,1412,0,1
1522928739.070772,33.6292,1294,0,4
1522842704.393324,20.6022,1412,0,1
1522981572.139447,14.2746,1412,0,4
1529644962.931657,0.169753,1412,0,2
1529554552.761374,1.21145,1412,0,2
1522861277.587617,8.87873,1412,0,1
1522928723.073385,17.6318,1294,0,4
1522928723.024688,17.5831,1294,0,4
1522763857.503166,12.4797,1412,1,1
1522868694.065568,9.10772,1412,0,1
1527993515.7545,20.1016,107,1,0
1522886709.892075,21.0886,1412,0,1
1522981596.819452,38.9546,1412,0,4
1522940315.080249,60.0858,1294,0,4
1522853100.991383,1.93479,119,1,1
1522928723.091482,17.6499,74,1,4
1527741776.920562,59.0181,104,1,0
1527760576.141526,62.9032,386,1,0
1529478747.587123,0.963515,1412,0,2
1522940275.276174,20.2817,1294,0,4
1522940314.486395,59.4919,1294,0,4
1529626612.243503,0.256172,1412,0,2
1529513491.65874,0.790664,1392,0,2
1522853102.872173,3.81558,1412,0,1
1529644964.339764,1.57786,1412,0,2
1527791995.603016,74.1311,100,1,0
1522842699.180334,15.3893,101,1,1
1528083100.229747,43.1546,490,1,0
1522922683.163124,39.7776,1392,0,4
1522918739.305248,38.9432,1412,0,4
1522888893.994764,11.503,1412,0,1
1522956046.958426,27.258,1412,0,4
1522964058.665187,19.7208,1412,0,4
1522865359.271625,12.3015,1412,0,1
1522763857.439843,12.4164,1412,1,1
1522940274.206412,19.2119,1294,0,4
1522956047.127973,27.4275,1412,0,4
1529541636.519528,1.00182,1412,0,2
1522861278.289175,9.58029,1412,0,1
1529644963.410759,0.648855,1412,0,2
1522953995.166357,3.73883,1412,0,4
1522943063.075239,16.6473,125,1,4
1529634881.829874,1.42091,1412,0,2
1522768773.447858,22.6165,1412,1,1
1522888895.059073,12.5674,1412,0,1
1529478747.646264,1.02266,1412,0,2
1529634880.708461,0.299498,1412,0,2
1522964040.565277,1.62091,1412,0,4
1522928723.149985,17.7084,1294,0,4
1522842708.53085,24.7398,104,1,1
1522861277.634986,8.9261,1412,0,1
1529515408.169064,0.688296,1412,0,2
1529478747.019464,0.395856,126,1,2
1522918700.914508,0.552494,1412,0,4
1522853104.879368,5.82277,1412,0,1
1529644963.493891,0.731987,126,1,2
1522886700.841061,12.0376,101,1,1
1522928731.627862,26.1862,1294,0,4
1522868694.52798,9.57014,1412,0,1
1522865359.106638,12.1365,1412,0,1
1522943100.831227,54.4033,1412,0,4
1522768767.111036,16.2797,100,0,1
1522868694.425218,9.46737,1412,0,1
1522953994.457369,3.02984,1412,0,4
1522954003.201957,11.7744,1412,0,4
1529541636.132831,0.615121,1412,0,2
1522953998.757725,7.33019,1412,0,4
1522953994.412713,2.98518,1412,0,4
1529513491.302753,0.434677,1392,0,2
1522865358.057317,11.0872,1412,0,1
1522763866.297182,21.2737,95,0,1
1522868694.148917,9.19107,1412,0,1
1527760603.524761,90.2864,148,0,0
1522954003.121111,11.6936,1412,0,4
1522868694.232743,9.2749,1412,0,1
1522768763.238159,12.4068,100,0,1
1522716080.426356,7.90108,1294,0,3
1522886713.385485,24.5821,1412,0,1
1529478747.590199,0.966591,1412,0,2
1522928706.032785,0.591168,1294,0,4
1522888894.775059,12.2833,125,1,1
1522865358.704709,11.7345,1412,0,1
1522918009.820319,43.5047,1412,0,4
1522956056.536511,36.8361,1412,0,4
1522922644.459019,1.07347,1392,0,4
1522956046.937929,27.2375,1412,0,4
1522940261.489838,6.49537,74,1,4
1522888894.241187,11.7495,1412,0,1
1522928723.060337,17.6187,74,1,4
1529513491.508696,0.64062,106,1,2
1522842704.224591,20.4335,1412,0,1
1527924740.571968,90.0373,92,0,0
1522940275.222443,20.228,1294,0,4
1529644964.126129,1.36422,1412,0,2
1522956020.990563,1.29013,890,0,4
1522928706.041972,0.600355,1294,0,4
1522865358.506125,11.536,948,0,1
1528083117.40656,60.3314,257,1,0
1529554552.933904,1.38398,1412,0,2
1529626612.571242,0.583911,1412,0,2
1522940294.401864,39.4074,1294,0,4
1529644963.168931,0.407027,1412,0,2
1522861277.50612,8.79724,1412,0,1
1527745280.326815,55.2497,104,1,0
1522928731.63856,26.1969,1294,0,4
1529564286.342008,1.27017,1412,0,2
1522861277.733898,9.02501,1412,0,1
1522868694.023667,9.06582,1412,0,1
1527745330.497788,105.421,389,1,0
1522928739.062844,33.6212,1294,0,4
1522940255.872257,0.877794,1294,0,4
1529645506.88512,0.692651,1412,0,2
1529478746.930079,0.306471,1412,0,2
1522928715.468205,10.0266,74,1,4
1522928715.481292,10.0397,74,1,4
1522943073.326902,26.899,1412,0,4
1529541636.232969,0.715259,1412,0,2
1529634881.841174,1.43221,1412,0,2
1522715511.310474,7.29481,74,1,3
1522768764.688814,13.8575,103,0,1
1522763855.354505,10.331,1412,1,1
1522922662.117568,18.732,1392,0,4
1522940270.00291,15.0084,1294,0,4
1522928731.707634,26.266,1294,0,4
1529564286.650528,1.57869,1412,0,2
1522943106.240611,59.8127,1412,0,4
1527745251.859001,26.7819,98,1,0
1522928739.103785,33.6622,1294,0,4
1522918720.245648,19.8836,930,0,4
1529645507.982128,1.78966,1412,0,2
1522918009.812615,43.497,1412,0,4
1522859388.636289,11.9775,1412,0,1
1522956020.991564,1.29113,1412,0,4
1522763860.878384,15.8549,1412,1,1
1522943096.183308,49.7554,1412,0,4
1522943046.844508,0.416619,1412,0,4
1529645507.425152,1.23268,1412,0,2
1522956021.022575,1.32214,1412,0,4
1522853103.539417,4.48282,1412,0,1
1529513490.924417,0.0563409,1392,0,2
1527987758.683175,38.2786,258,1,0
1522943106.335295,59.9074,1412,0,4
1522763854.754454,9.73097,1412,1,1
1522763862.84759,17.8241,1412,1,1
1522964042.985998,4.04163,125,1,4
1522940314.628154,59.6337,1294,0,4
1522940261.587534,6.59307,1294,0,4
1522943082.721806,36.2939,1412,0,4
1522943073.366323,26.9384,126,1,4
1522888894.791351,12.2996,1412,0,1
1522763854.886942,9.86346,98,0,1
1529515408.751414,1.27065,1412,0,2
1522964051.298891,12.3545,1412,0,4
1522865359.001702,12.0315,1412,0,1
1522744995.44945,4.899,112,1,3
1522928722.976391,17.5348,74,1,4
1522956020.950319,1.24989,1412,0,4
1529645506.711485,0.519016,1412,0,2
1522853104.792732,5.73614,1412,0,1
1522943082.854129,36.4262,1412,0,4
1522888894.521613,12.0299,1412,0,1
1522888894.617848,12.1261,1412,0,1
1522943101.211163,54.7833,1412,0,4
1522956038.850198,19.1498,1412,0,4
1529554552.080406,0.530478,1412,0,2
1522918700.698222,0.336208,1412,0,4
1522865358.223112,11.253,1412,0,1
1522768766.175585,15.3442,94,0,1
1522922677.816541,34.431,1392,0,4
1522928709.636463,4.19485,1294,0,4
1522940314.652881,59.6584,74,1,4
1529554551.866406,0.316478,1412,0,2
1527745319.461948,94.3848,393,1,0
1522865358.923544,11.9534,1412,0,1
1522943063.108513,16.6806,1412,0,4
1529634881.518179,1.10922,125,1,2
1522981612.980398,55.1156,1412,0,4
1528085237.209129,73.4385,87,0,0
1522853101.163311,2.10672,1412,0,1
1529554552.32916,0.779232,1412,0,2
1522888894.736953,12.2452,1412,0,1
1529554551.995569,0.445641,1412,0,2
1522853104.993387,5.93679,1412,0,1
1522956046.993233,27.2928,1412,0,4
1527993578.625196,82.9723,101,1,0
1522956020.449665,0.749235,125,1,4
1522716079.697168,7.17189,1294,0,3
1527741779.702267,61.7998,262,1,0
1522943063.123357,16.6955,1412,0,4
1522868694.487166,9.52932,1412,0,1
1522842695.195221,11.4041,1412,0,1
1529554552.490238,0.94031,1412,0,2
1522861277.087433,8.37855,1412,0,1
1522763858.423737,13.4003,1412,1,1
1522886704.315788,15.5124,1412,0,1
1529644963.203193,0.441289,1412,0,2
1522888894.93029,12.4386,1412,0,1
1522768774.510441,23.6791,100,0,1
1522928709.75726,4.31564,110,1,4
1522964063.906178,24.9618,1412,0,4
1522943107.24834,60.8205,1412,0,4
1529644963.454418,0.692514,1412,0,2
1522888894.828782,12.3371,1412,0,1
1522943052.281496,5.85361,1412,0,4
1522928731.720356,26.2787,1294,0,4
1522918016.077717,49.7621,1412,0,4
1522842699.451302,15.6602,117,1,1
1522964040.760257,1.81589,1412,0,4
1522861277.727661,9.01878,1412,0,1
1527741721.294479,3.392,193,1,0
1522861278.438861,9.72998,1412,0,1
1522928744.383817,38.9422,1294,0,4
1522940275.204895,20.2104,1294,0,4
1529515408.71075,1.22998,1412,0,2
1522853101.727517,2.67092,1412,0,1
1522981572.170042,14.3052,1412,0,4
1522928723.123609,17.682,1294,0,4
1529515407.950964,0.470196,86,0,2
1522940255.580959,0.586496,1294,0,4
1522886703.619719,14.8163,1412,0,1
1522861278.521935,9.81305,1412,0,1
1529626612.227627,0.240296,1412,0,2
1522861278.265341,9.55646,1412,0,1
1522868694.63866,9.68081,1412,0,1
1522768762.573656,11.7423,1412,1,1
1529644963.45893,0.697026,1412,0,2
1522842690.97564,7.18456,1412,0,1
1522842696.967154,13.1761,103,1,1
1522842710.714944,26.9239,1412,0,1
1522865359.331742,12.3616,1412,0,1
1529478747.144474,0.520866,1412,0,2
1522940275.137325,20.1429,1294,0,4
1522964083.802674,44.8583,1412,0,4
1522964070.280833,31.3365,1412,0,4
1522635941.678211,0.613948,1294,0,3
1522981613.02286,55.1581,1412,0,4
1522964040.58094,1.63657,1412,0,4
1522964039.669211,0.72484,1412,0,4
1522943057.503806,11.0759,126,1,4
1529554552.062366,0.512438,1412,0,2
1522886698.754969,9.95153,101,1,1
1522868693.374992,8.41715,1412,0,1
1522922643.974996,0.589443,1392,0,4
1522917999.53421,33.2185,1412,0,4
1522943106.431088,60.0032,1412,0,4
1522956020.986564,1.28613,1412,0,4
1522859388.430698,11.7719,1412,0,1
1522888894.861096,12.3694,1412,0,1
1522953992.644207,1.21668,1412,0,4
1522853102.97792,3.92132,138,1,1
1529634882.008594,1.59963,114,1,2
1529478747.716522,1.09291,1412,0,2
1522853104.289193,5.2326,1412,0,1
1522918700.943695,0.581681,125,1,4
1522635948.992072,7.92781,74,1,3
1522918752.928394,52.5664,211,1,4
1528085249.932652,86.162,261,1,0
1522928738.998636,33.557,1294,0,4
1522886702.67022,13.8668,101,1,1
1522964039.391746,0.447375,125,1,4
1522940288.978647,33.9842,74,1,4
1527745315.63929,90.5622,87,0,0
1522859387.732424,11.0736,1412,0,1
1522861278.213296,9.50441,1412,0,1
1522954003.191766,11.7642,1412,0,4
1522922683.264682,39.8791,119,1,4
1529634881.534159,1.1252,1412,0,2
1529634880.819018,0.410055,1412,0,2
1522768767.64029,16.809,1412,1,1
1522861278.134829,9.42594,1412,0,1
1522868694.664742,9.7069,1412,0,1
1522956053.189054,33.4886,1412,0,4
1522888893.969246,11.4775,1412,0,1
1527993546.565431,50.9126,92,0,0
1522956025.945448,6.24502,1412,0,4
1522768766.463613,15.6323,1412,1,1
1522853104.914859,5.85826,1412,0,1
1522865359.250956,12.2808,1412,0,1
1522943096.685848,50.258,1412,0,4
1522842701.228423,17.4373,104,1,1
1522859387.838121,11.1793,1412,0,1
1522956053.162658,33.4622,125,1,4
1522888894.000856,11.5091,1412,0,1
1529644963.366892,0.604988,1412,0,2
1522928748.110012,42.6684,1294,0,4
1522954026.697157,35.2696,1412,0,4
1522940263.771534,8.77707,1294,0,4
1527760609.259001,96.0207,104,1,0
1522940313.309577,58.3151,74,1,4
1522954035.181006,43.7535,1412,0,4
1527987733.939077,13.5345,107,1,0
1522865359.448772,12.4786,1412,0,1
1529644964.120025,1.35812,1412,0,2
1522922696.627759,53.2422,1392,0,4
1522953998.689598,7.26207,1412,0,4
1522981596.836244,38.9714,125,1,4
1522853104.836294,5.7797,1412,0,1
1522943088.638211,42.2103,1412,0,4
1522981558.759325,0.894522,1412,0,4
1522768775.228989,24.3977,1412,1,1
1529644963.163492,0.401588,1412,0,2
1522964051.30851,12.3641,1412,0,4
1522981606.123174,48.2584,1412,0,4
1529645507.465891,1.27342,1412,0,2
1522940294.267241,39.2728,1294,0,4
1522859387.863249,11.2044,1412,0,1
1522886701.30435,12.5009,1412,0,1
1522928731.443624,26.002,1294,0,4
1522768775.250548,24.4192,90,0,1
1522763859.681983,14.6585,1412,1,1
1522964070.184013,31.2396,126,1,4
1529554552.231818,0.68189,1412,0,2
1522865359.083008,12.1128,1412,0,1
1522861277.554901,8.84602,1412,0,1
1522956021.499398,1.79897,585,0,4
1522943107.015151,60.5873,1412,0,4
1522842708.149878,24.3588,101,1,1
1522956021.058568,1.35814,1412,0,4
1522964043.023766,4.0794,1412,0,4
1522853104.081921,5.02533,1412,0,1
1522943101.580187,55.1523,1412,0,4
1522868694.181779,9.22393,1412,0,1
1522861277.471672,8.76279,1412,0,1
1522886711.129684,22.3263,101,1,1
1522940312.964317,57.9699,74,1,4
1522943052.234358,5.80647,1412,0,4
1522928739.023981,33.5824,1294,0,4
1522940274.211026,19.2166,74,1,4
1527993582.651137,86.9983,313,0,0
1522954003.205026,11.7775,126,1,4
1522964058.683439,19.7391,1412,0,4
1522768771.880631,21.0493,1412,1,1
1522842708.23858,24.4475,1412,0,1
1522953994.781329,3.3538,1412,0,4
1522842698.520331,14.7293,104,1,1
1522956019.766341,0.0659111,1412,0,4
1522940304.395833,49.4014,74,1,4
1522964051.408883,12.4645,1412,0,4
1529478747.808909,1.1853,1412,0,2
1522940294.214254,39.2198,1294,0,4
1529644963.804761,1.04286,1412,0,2
1522859388.414067,11.7552,116,1,1
1522943057.502444,11.0746,1412,0,4
1522861278.216702,9.50782,1412,0,1
1522868694.031075,9.07323,1412,0,1
1522981563.95805,6.09325,1412,0,4
1528083134.5193,77.4441,87,0,0
1522964075.643135,36.6988,288,1,4
1522861278.298165,9.58928,1412,0,1
1522859388.335904,11.6771,1412,0,1
1522922652.561626,9.17607,1392,0,4
1529644964.016046,1.25414,1412,0,2
1522928753.684222,48.2426,1294,0,4
1522956038.664324,18.9639,1412,0,4
1522768774.808752,23.9774,1412,1,1
1522964099.040324,60.096,1412,0,4
1522859387.707187,11.0484,1412,0,1
1522842704.489124,20.698,1412,0,1
1522868694.770074,9.81223,1412,0,1
1522928722.970867,17.5292,1294,0,4
1522964042.80339,3.85902,930,0,4
1522964075.712424,36.7681,1412,0,4
1522943063.072982,16.6451,1412,0,4
1522922652.571364,9.18581,1392,0,4
1522868694.233641,9.2758,111,1,1
1527745241.637057,16.5599,232,0,0
1522964076.322919,37.3785,1412,0,4
1529644963.892618,1.13071,126,1,2
1522940294.375314,39.3809,1294,0,4
1529513491.585517,0.717441,1392,0,2
1522928723.004868,17.5633,1294,0,4
1522956028.217702,8.51727,1412,0,4
1529478746.705464,0.0818558,100,1,2
1522888894.187705,11.696,1412,0,1
1522922655.960505,12.575,1392,0,4
1522853105.25121,6.19461,1412,0,1
1522956021.050566,1.35014,1412,0,4
1529626612.827646,0.840315,125,1,2
1529634882.017124,1.60816,1412,0,2
1522865358.915778,11.9456,1412,0,1
1522768771.375784,20.5444,1412,1,1
1529626612.681462,0.694131,1412,0,2
1522886708.424655,19.6212,1412,0,1
1527987733.155873,12.7513,1412,1,0
1522853105.403633,6.34704,113,1,1
1522943063.075745,16.6479,1412,0,4
1529564287.995662,2.92383,1412,0,2
1522943062.977437,16.5495,1412,0,4
1522940261.54765,6.55319,1294,0,4
1522868693.864514,8.90667,1412,0,1
1522861277.077307,8.36842,1412,0,1
1522940275.174502,20.18,74,1,4
1522886699.784014,10.9806,1412,0,1
1522922656.024966,12.6394,129,0,4
1527993538.906237,43.2534,256,1,0
1522928758.332676,52.8911,86,1,4
1522918700.914506,0.552492,1412,0,4
1529541635.700908,0.183198,1412,0,2
1522928748.222337,42.7807,1294,0,4
1522940275.239352,20.2449,1294,0,4
1522853104.227598,5.171,1412,0,1
1527741779.230949,61.3285,259,1,0
1522956065.120487,45.4201,1412,0,4
1522763866.372147,21.3487,1412,1,1
1522922696.648836,53.2633,1392,0,4
1522956053.211077,33.5106,1412,0,4
1522940274.252281,19.2578,1294,0,4
1527851051.855396,90.2916,102,0,0
1522981606.178761,48.314,1412,0,4
1522964051.502891,12.5585,1412,0,4
1522886708.552426,19.749,1412,0,1
1522888894.523164,12.0314,1412,0,1
1522928739.029152,33.5875,74,1,4
1522940285.866925,30.8725,74,1,4
1522886705.365291,16.5619,101,1,1
1522886697.737344,8.93391,1412,0,1
1522964076.2293,37.2849,1412,0,4
1529513491.583041,0.714965,1392,0,2
1529564285.785737,0.7139,1412,0,2
1529645507.129412,0.936943,1412,0,2
1522853105.246318,6.18972,1412,0,1
1522861277.821882,9.113,125,1,1
1529644963.458542,0.696638,1412,0,2
1522886711.857103,23.0537,1412,0,1
1522940256.078101,1.08364,1294,0,4
1522842705.944754,22.1537,114,1,1
1529564285.666073,0.594236,1412,0,2
1522943088.524476,42.0966,1412,0,4
1529645507.746693,1.55422,1412,0,2
1522964095.031379,56.087,1412,0,4
1522922643.98401,0.598457,1392,0,4
1522981563.944348,6.07955,1412,0,4
1527760561.732984,48.4947,87,0,0
1522940270.028926,15.0345,1294,0,4
1522886709.350603,20.5472,1412,0,1
1529513492.117403,1.24933,1392,0,2
1522868694.355702,9.39786,1412,0,1
1522716080.093533,7.56825,1294,0,3
1522956020.063771,0.363341,1412,0,4
1522953999.11458,7.68705,1412,0,4
1522922644.494029,1.10848,1392,0,4
1522918024.585702,58.27,1412,0,4
1522886700.918201,12.1148,1412,0,1
1522964051.395886,12.4515,1412,0,4
1522842704.861651,21.0706,101,1,1
1522964058.554586,19.6102,1412,0,4
1522763857.338277,12.3148,1412,1,1
1522940280.574792,25.5803,1294,0,4
1522842707.557043,23.766,1412,0,1
1529645507.507254,1.31479,1412,0,2
1522956065.662867,45.9624,1412,0,4
1522917994.310119,27.9945,1412,0,4
1522981605.881492,48.0167,104,1,4
1522981568.222355,10.3576,125,1,4
1522865358.182035,11.2119,468,0,1
1522943046.983078,0.555189,1412,0,4
1522964083.427715,44.4833,1412,0,4
1522768766.922418,16.0911,103,0,1
1522662271.335469,1.44457,74,1,3
1522918720.323778,19.9618,126,1,4
1529645507.951157,1.75869,125,1,2
1527987773.571653,53.1671,92,0,0
1522928738.953505,33.5119,1294,0,4
1529541636.666743,1.14903,131,1,2
1522888893.935895,11.4442,1412,0,1
1529564286.119223,1.04739,1412,0,2
1522918739.235311,38.8733,1412,0,4
1522861277.575968,8.86708,1412,0,1
1529634881.588295,1.17933,1412,0,2
1522981558.740031,0.875228,1412,0,4
1522943046.583438,0.155549,1412,0,4
1522928709.559879,4.11826,1294,0,4
1529515407.852239,0.371471,1412,0,2
1529515408.249626,0.768858,125,1,2
1522861277.924803,9.21592,1412,0,1
1522853100.899211,1.84262,1412,0,1
1522842699.373383,15.5823,104,1,1
1522853105.256415,6.19982,1412,0,1
1522956020.506533,0.806103,1412,0,4
1522954003.169236,11.7417,1412,0,4
1522928753.550105,48.1085,1294,0,4
1522868693.721877,8.76403,1412,0,1
1527760623.570925,110.333,89,0,0
1522859388.646334,11.9875,1412,0,1
1522768771.407315,20.576,1412,1,1
1522918720.237165,19.8752,1412,0,4
1522922669.593387,26.2078,108,1,4
1529478747.556875,0.933267,1412,0,2
1522964051.444837,12.5005,1412,0,4
1522928747.685279,42.2437,86,1,4
1522888894.57564,12.0839,1412,0,1
1529513492.007819,1.13974,1392,0,2
1522763856.649464,11.626,1412,1,1
1529513491.056317,0.188241,104,1,2
1529634881.837107,1.42814,1412,0,2
1522928723.121854,17.6802,1294,0,4
1522928747.658587,42.217,1294,0,4
1522917968.293312,1.97765,1412,0,4
1522865358.055547,11.0854,1412,0,1
1522940314.349209,59.3547,1294,0,4
1522861277.320083,8.6112,1412,0,1
1522964076.456471,37.5121,1412,0,4
1522853103.936319,4.87972,1412,0,1
1522853102.961864,3.90527,1412,0,1
1522853099.643317,0.586722,124,1,1
1522940256.013043,1.01858,1294,0,4
1522954013.858709,22.4312,1412,0,4
1522981596.817804,38.953,125,1,4
1529644962.982781,0.220877,1412,0,2
1529513491.939013,1.07094,1392,0,2
1522859388.061166,11.4023,1412,0,1
1522956038.765809,19.0654,125,1,4
1529478747.185296,0.561688,114,1,2
1522954034.595169,43.1676,1412,0,4
1529515407.914012,0.433244,126,1,2
1529513491.354268,0.486192,1392,0,2
1529515407.902662,0.421894,1412,0,2
1522981572.090883,14.2261,1412,0,4
1522964083.223659,44.2793,1412,0,4
1522768771.696894,20.8656,1412,1,1
1527993549.444869,53.792,260,1,0
1527987749.145464,28.7409,87,0,0
1522917966.41091,0.0952489,1412,0,4
1529634880.97157,0.562607,1412,0,2
1527760567.144441,53.9061,101,1,0
1529541636.533179,1.01547,1412,0,2
1522953994.428306,3.00078,1412,0,4
1527745267.978128,42.901,255,1,0
1522940275.26626,20.2718,1294,0,4
1522940294.387084,39.3926,1294,0,4
1522964063.92562,24.9812,1412,0,4
1529554552.786061,1.23613,1412,0,2
1527924730.396318,79.8617,468,1,0
1522886703.444266,14.6408,101,1,1
1522861277.759372,9.05049,1412,0,1
1522763854.87142,9.84794,1412,1,1
1527851010.226674,48.6629,106,1,0
1522956069.40746,49.707,1412,0,4
1529554552.525253,0.975325,1412,0,2
1527993594.630459,98.9776,87,0,0
1522943101.384172,54.9563,1412,0,4
1522943078.546681,32.1188,1412,0,4
1522886713.106469,24.303,1412,0,1
1522940313.115956,58.1215,1294,0,4
1529515408.263418,0.78265,126,1,2
1522943078.489876,32.062,1412,0,4
1522654301.244117,0.152787,74,1,3
1522861278.40717,9.69829,1412,0,1
1522943097.135281,50.7074,1412,0,4
1529478747.160662,0.537054,1412,0,2
1522954013.965219,22.5377,1412,0,4
1529634881.798952,1.38999,1412,0,2
1522918739.309421,38.9474,1412,0,4
1529554552.636363,1.08644,1412,0,2
1522763854.091346,9.06786,1412,1,1
1527791927.805424,6.33348,115,1,0
1522861278.401729,9.69284,1412,0,1
1522922683.099236,39.7137,910,0,4
1522940314.674505,59.68,1294,0,4
1522956038.690531,18.9901,1412,0,4
1529541636.429782,0.912072,125,1,2
1522886698.004951,9.20152,101,1,1
1522888894.234978,11.7433,1412,0,1
1522956026.116874,6.41644,122,1,4
1522861277.898953,9.19007,1412,0,1
1529515408.400455,0.919687,1412,0,2
1522842701.388707,17.5976,1412,0,1
1522768771.511081,20.6797,103,0,1
1522964039.614224,0.669853,1412,0,4
1522928709.554374,4.11276,94,1,4
1522763858.6765,13.653,1412,1,1
1522956046.919031,27.2186,1412,0,4
1522865358.644767,11.6746,1412,0,1
1522917983.55976,17.2441,1412,0,4
1522954045.329407,53.9019,126,1,4
1522886712.616579,23.8131,1412,0,1
1529554551.857923,0.307995,1412,0,2
1529564285.39238,0.320543,1412,0,2
1529515407.700404,0.219636,1412,0,2
1527924657.203776,6.66912,1412,0,0
1522842707.858326,24.0672,1412,0,1
1529644964.134469,1.37257,1412,0,2
1522859388.017371,11.3585,1412,0,1
1522859388.584257,11.9254,1412,0,1
1522964051.52535,12.581,1412,0,4
1522956020.533534,0.833104,1412,0,4
1522964040.59975,1.65538,1412,0,4
1522842706.828798,23.0377,104,1,1
1522956065.478723,45.7783,1412,0,4
1522768767.129273,16.2979,1412,1,1
1522853104.799477,5.74288,125,1,1
1522940294.381252,39.3868,1294,0,4
1522763857.781929,12.7584,90,0,1
1529478747.179187,0.555579,1412,0,2
1522888894.499389,12.0077,1412,0,1
1522953992.120971,0.693441,1412,0,4
1522922645.23406,1.84851,1392,0,4
1522917967.036978,0.721317,1412,0,4
1522922683.172324,39.7868,482,0,4
1522940280.637643,25.6432,1294,0,4
1522853103.851569,4.79497,1412,0,1
1522842697.806298,14.0152,114,1,1
1529515408.527771,1.047,1412,0,2
1522964042.98373,4.03936,1412,0,4
1529513492.085087,1.21701,1392,0,2
1522888894.721021,12.2293,1412,0,1
1529478747.495974,0.872366,1412,0,2
1529564287.200451,2.12861,1412,0,2
1522940314.554118,59.5597,74,1,4
1522928744.44971,39.0081,74,1,4
1529554552.025617,0.475689,1412,0,2
1522922696.733499,53.3479,1392,0,4
1529564286.366197,1.29436,1412,0,2
1522865358.228613,11.2585,126,1,1
1522727178.065592,4.83016,74,0,3
1522865359.466353,12.4962,1412,0,1
1529513490.966828,0.098752,1392,0,2
1529541636.556973,1.03926,1412,0,2
1522918720.139487,19.7775,1412,0,4
1522853102.064377,3.00778,1412,0,1
1522861277.629429,8.92054,1412,0,1
1529554552.450492,0.900564,1412,0,2
1527851044.262453,82.6987,148,0,0
1522964051.392291,12.4479,1412,0,4
1529644963.442119,0.680215,1412,0,2
1522859388.797156,12.1383,1412,0,1
1522940275.257239,20.2628,1294,0,4
1529541635.88069,0.36298,1412,0,2
1529644963.711741,0.949837,1412,0,2
1522861278.515367,9.80648,125,1,1
1522842696.653978,12.8629,1412,0,1
1522964095.414399,56.47,1412,0,4
1529645507.119545,0.927076,1412,0,2
1529644963.866235,1.10433,1412,0,2
1527791949.236575,27.7646,275,1,0
1522964070.124579,31.1802,1412,0,4
1522853103.999539,4.94294,116,1,1
1529645506.928654,0.736185,1412,0,2
1522943088.475094,42.0472,1412,0,4
1522888894.871773,12.3801,1412,0,1
1522940255.576724,0.582261,1294,0,4
1522918739.281898,38.9199,1412,0,4
1522943063.131506,16.7036,1412,0,4
1522853100.162388,1.10579,1412,0,1
1522918739.215495,38.8535,1412,0,4
1522940288.985385,33.9909,74,1,4
1522964039.23941,0.295039,1412,0,4
1522954035.20559,43.7781,1412,0,4
1522928729.338397,23.8968,1294,0,4
1529645507.16756,0.975091,1412,0,2
1522861277.602469,8.89358,1412,0,1
1522964040.747281,1.80291,1412,0,4
1522928715.523326,10.0817,1294,0,4
1529634881.599579,1.19062,114,1,2
1522853101.380179,2.32358,1412,0,1
1522865358.633781,11.6636,1412,0,1
1527993541.896473,46.2436,227,0,0
1522922683.245014,39.8595,1392,0,4
1522928729.288223,23.8466,1294,0,4
1527987768.819515,48.415,107,1,0
1522940294.366894,39.3724,1294,0,4
1522943088.475408,42.0475,126,1,4
1527851049.488201,87.9244,115,1,0
1522886710.028641,21.2252,101,1,1
1522868694.801293,9.84345,1412,0,1
1529513491.995668,1.12759,1392,0,2
1522956077.238777,57.5383,1412,0,4
1522956019.806018,0.105588,1412,0,4
1529626612.648973,0.661642,1412,0,2
1522859388.682057,12.0232,110,1,1
1522928738.979847,33.5382,74,1,4
1522940313.78034,58.7859,74,1,4
1522886705.045351,16.2419,101,1,1
1522865358.446764,11.4766,1412,0,1
1522956038.895984,19.1956,1412,0,4
1522865358.68872,11.7186,1412,0,1
1522940256.154056,1.15959,1294,0,4
1522940261.57459,6.58013,1294,0,4
1522853101.794657,2.73806,1412,0,1
1522943062.97759,16.5497,1412,0,4
1522853104.772977,5.71638,1412,0,1
1522981568.245772,10.381,1412,0,4
1522928748.427364,42.9857,74,1,4
1529541636.102522,0.584812,1412,0,2
1522868694.544312,9.58647,1412,0,1
1528083086.722556,29.6474,218,0,0
1522940285.787309,30.7928,1294,0,4
1529478747.881645,1.25804,1412,0,2
1529645507.993342,1.80087,1412,0,2
1522964058.607428,19.6631,960,0,4
1529634881.555863,1.1469,1412,0,2
1522886706.197393,17.394,101,1,1
1529626612.393136,0.405805,1412,0,2
1529634880.943245,0.534282,1412,0,2
1522953995.181354,3.75382,1412,0,4
1522768771.64823,20.8169,1412,1,1
1522940261.635219,6.64076,74,1,4
1529554552.365199,0.815271,1412,0,2
1527745319.060459,93.9833,391,1,0
1522940280.641613,25.6472,1294,0,4
1522888894.358919,11.8672,1412,0,1
1522940294.341766,39.3473,74,1,4
1522922645.305077,1.91952,1392,0,4
1522964070.321271,31.3769,1412,0,4
1529644963.038005,0.276101,1412,0,2
1522956056.495462,36.795,125,1,4
1522922655.84922,12.4637,1392,0,4
1529541636.612191,1.09448,1412,0,2
1522954013.821691,22.3942,1412,0,4
1522768775.390057,24.5587,100,0,1
1529554552.310198,0.76027,1412,0,2
1522928715.579452,10.1378,1294,0,4
1529644963.450301,0.688397,1412,0,2
1522918739.285448,38.9234,1412,0,4
1529513491.886373,1.0183,1392,0,2
1522954035.223575,43.796,1412,0,4
1522928706.185743,0.744126,74,1,4
1522842696.204212,12.4131,104,1,1
1522940261.51841,6.52395,74,1,4
1527760589.375773,76.1375,87,0,0
1529554551.757806,0.207878,1412,0,2
1522922656.011827,12.6263,1392,0,4
1522853103.534277,4.47768,1412,0,1
1522842698.958767,15.1677,1412,0,1
1522943088.470435,42.0425,1412,0,4
1529554551.896628,0.3467,1412,0,2
1529626612.48677,0.499439,1412,0,2
1522922669.701997,26.3164,106,1,4
1529644963.731183,0.969279,126,1,2
1529513492.037641,1.16956,1392,0,2
1529644963.025623,0.263719,1412,0,2
1522943101.290172,54.8623,1412,0,4
1522861278.350776,9.64189,1412,0,1
1522928709.472611,4.03099,1294,0,4
1522888893.917818,11.4261,1412,0,1
1529515407.682179,0.201411,1412,0,2
1522928729.266746,23.8251,1294,0,4
1522886704.117209,15.3138,101,1,1
1522861277.747021,9.03814,1412,0,1
1522940285.740894,30.7464,1294,0,4
1522943088.523052,42.0952,1412,0,4
1522861277.041877,8.33299,1412,0,1
1522768774.741599,23.9103,100,0,1
1522842700.305351,16.5143,107,1,1
1529626612.647211,0.65988,1412,0,2
1529626612.850101,0.86277,126,1,2
1522940275.141285,20.1468,1294,0,4
1522647184.803005,2.95623,328,1,3
1529513491.678448,0.810372,1392,0,2
1522954044.788184,53.3607,1412,0,4
1527993534.239422,38.5866,87,0,0
1529634881.317352,0.908389,1412,0,2
1522928738.963458,33.5218,74,1,4
1522964042.999992,4.05562,1412,0,4
1522943107.020017,60.5921,1412,0,4
1522768762.916689,12.0854,1412,1,1
1522868693.558601,8.60076,1412,0,1
1522928715.470929,10.0293,1294,0,4
1522922645.301084,1.91553,1392,0,4
1522943046.883602,0.455713,154,0,4
1522853105.820448,6.76385,1412,0,1
1522928731.511734,26.0701,74,1,4
1529645506.567118,0.374649,1412,0,2
1522953992.614216,1.18669,1412,0,4
1522943052.363236,5.93535,1412,0,4
1522964076.438098,37.4937,1412,0,4
1522928709.491862,4.05025,94,1,4
1522861277.619734,8.91085,1412,0,1
1522943046.970279,0.54239,1412,0,4
1529644963.050746,0.288842,1412,0,2
1522943062.976259,16.5484,1412,0,4
1522842703.618587,19.8275,1412,0,1
1522964095.183388,56.239,1412,0,4
1529634881.748262,1.3393,1412,0,2
1522865358.615655,11.6455,1412,0,1
1522861277.738589,9.0297,1412,0,1
1522928706.106887,0.66527,1294,0,4
1529554552.012256,0.462328,1412,0,2
1522981558.743641,0.878838,1412,0,4
1522842692.254412,8.46333,1412,0,1
1522861277.399701,8.69082,1412,0,1
1522861278.031618,9.32273,1412,0,1
1522768764.959251,14.1279,1412,1,1
1522842703.627539,19.8365,104,1,1
1529478747.792833,1.16922,1412,0,2
1522943088.491899,42.064,1412,0,4
1522853105.190111,6.13352,1412,0,1
1527760559.542394,46.3041,130,0,0
1522853101.063403,2.00681,110,1,1
1522956076.821798,57.1214,110,1,4
1522954003.174802,11.7473,1412,0,4
1522928723.149568,17.708,1294,0,4
1529554552.491191,0.941263,1412,0,2
1522886698.811843,10.0084,1412,0,1
1529564285.804821,0.732984,1412,0,2
1522886700.222605,11.4192,1412,0,1
1522956038.662234,18.9618,1412,0,4
1522918702.381595,2.01958,1412,0,4
1522964063.899792,24.9554,1412,0,4
1522928758.737516,53.2959,1294,0,4
1522763854.290394,9.26691,1412,1,1
1522943073.298124,26.8702,1412,0,4
1522964075.803566,36.8592,1412,0,4
1527993498.432628,2.77976,180,1,0
1522861277.447178,8.73829,1412,0,1
1522918720.298984,19.937,1412,0,4
1522922669.692907,26.3074,1392,0,4
1522865358.043129,11.073,1412,0,1
1522943046.533544,0.105655,1412,0,4
1522768766.541936,15.7106,1412,1,1
1522886711.589731,22.7863,101,1,1
1528083070.092201,13.017,98,1,0
1522842701.45805,17.667,1412,0,1
1529564287.077482,2.00565,1412,0,2
1522763861.26539,16.2419,1412,1,1
1522918739.194701,38.8327,1412,0,4
1522842703.452339,19.6613,1412,0,1
1522853103.186585,4.12999,113,1,1
1522928748.19138,42.7498,86,1,4
1522853104.755646,5.69905,1412,0,1
1522956065.978873,46.2784,1412,0,4
1522956020.070937,0.370507,1412,0,4
1522654301.749215,0.657885,1294,0,3
1522953992.648215,1.22069,1412,0,4
1522943101.011243,54.5834,207,1,4
1529645507.93914,1.74667,1412,0,2
1522853105.512642,6.45605,1412,0,1
1529564286.333042,1.2612,1412,0,2
1522922692.33105,48.9455,1392,0,4
1527851049.614474,88.0507,389,1,0
1522940261.596388,6.60193,1294,0,4
1522865358.075552,11.1054,1412,0,1
1529564287.758261,2.68642,1412,0,2
1522956077.383073,57.6826,1412,0,4
1527987755.421694,35.0171,104,1,0
1522865358.930241,11.9601,1412,0,1
1522964099.190627,60.2463,1412,0,4
1522918708.642767,8.28075,1412,0,4
1522940261.493711,6.49925,74,1,4
1522868694.469778,9.51193,1412,0,1
1522928731.693669,26.2521,1294,0,4
1522943046.950064,0.522175,1412,0,4
1529564286.62621,1.55437,1412,0,2
1527791927.794869,6.32293,1412,0,0
1528085197.748916,33.9783,918,1,0
1522956065.696872,45.9964,1412,0,4
1522842694.867284,11.0762,1412,0,1
1527993585.843671,90.1908,92,0,0
1522868694.090468,9.13262,1412,0,1
1522943063.072985,16.6451,1412,0,4
1522953993.232241,1.80471,1412,0,4
1522842703.075605,19.2845,104,1,1
1529554551.921772,0.371844,1412,0,2
1522886702.426819,13.6234,1412,0,1
1522886710.520665,21.7172,101,1,1
1522928759.249571,53.808,1294,0,4
1522768769.49832,18.667,1412,1,1
1522964076.055294,37.1109,1412,0,4
1522981563.909687,6.04488,1412,0,4
1522964076.377678,37.4333,1412,0,4
1522842707.781388,23.9903,1412,0,1
1522888894.581106,12.0894,1412,0,1
1522768766.468363,15.637,100,0,1
1522940285.801194,30.8067,1294,0,4
1529645506.568255,0.375786,1412,0,2
1529478747.243889,0.620281,1412,0,2
1522943106.810536,60.3826,116,1,4
1522953993.308251,1.88072,1412,0,4
1529478747.508811,0.885203,1412,0,2
1527760555.985186,42.7469,87,0,0
1522868693.854566,8.89672,1412,0,1
1522940304.187319,49.1929,74,1,4
1522853102.907593,3.851,1412,0,1
1522956065.562209,45.8618,1412,0,4
1522768767.140628,16.3093,100,0,1
1522922655.950238,12.5647,928,0,4
1522956021.063573,1.36314,1412,0,4
1527760616.192663,102.954,261,1,0
1529554552.346964,0.797036,1412,0,2
1522859388.593801,11.935,1412,0,1
1529541636.086399,0.568689,126,1,2
1522940294.243523,39.2491,74,1,4
1527993560.86315,65.2103,256,0,0
1522859387.704661,11.0458,1412,0,1
1527987820.175686,99.7711,160,0,0
1529515408.183625,0.702857,1412,0,2
1522868693.612487,8.65464,1412,0,1
1522940270.11786,15.1234,1294,0,4
1522918748.521895,48.1599,1412,0,4
1522918752.841997,52.48,1412,0,4
1522928715.480428,10.0388,1294,0,4
1522940261.556244,6.56178,1294,0,4
1529645507.42465,1.23218,1412,0,2
1529645507.44864,1.25617,1412,0,2
1522763858.414633,13.3912,104,0,1
1522768763.043697,12.2124,1412,1,1
1522918739.206194,38.8442,125,1,4
1522940294.232346,39.2379,74,1,4
1522953992.074979,0.647449,1412,0,4
1522928705.591722,0.150105,74,1,4
1522940285.786908,30.7924,74,1,4
1529554552.210897,0.660969,1412,0,2
1529478747.296046,0.672438,1412,0,2
1522922656.001052,12.6155,1392,0,4
1529541636.552586,1.03488,1412,0,2
1522956020.041947,0.341517,1412,0,4
1522956065.2277,45.5273,1412,0,4
1522954035.137942,43.7104,1412,0,4
1522928709.40803,3.96641,1294,0,4
1522940294.391268,39.3968,74,1,4
1522954003.099961,11.6724,125,1,4
1522886710.358499,21.5551,1412,0,1
1522918733.895182,33.5332,1412,0,4
1522964083.353363,44.409,1412,0,4
1522981606.873999,49.0092,161,0,4
1529554552.499585,0.949657,1412,0,2
1522922677.850096,34.4645,106,1,4
1522954045.330551,53.903,1412,0,4
1522662270.379178,0.488279,74,1,3
1529626612.826747,0.839416,1412,0,2
1527924744.087123,93.5525,148,0,0
1528083129.510983,72.4358,92,0,0
1522956020.458306,0.757876,125,1,4
1522763866.550135,21.5267,1412,1,1
1529634881.556354,1.14739,1412,0,2
1528083166.365676,109.29,104,1,0
1522713581.114422,8.71101,86,1,3
1522859388.551016,11.8922,1412,0,1
1522868694.313819,9.35597,1412,0,1
1522940285.933401,30.9389,1294,0,4
1522940303.853782,48.8593,1294,0,4
1522861277.222371,8.51349,1412,0,1
1522954003.195665,11.7681,1412,0,4
1522943082.791706,36.3638,1412,0,4
1522888894.157901,11.6662,1412,0,1
1522861278.027522,9.31864,1412,0,1
1522842692.991798,9.20072,1412,0,1
1527924698.011718,47.4771,92,0,0
1522940270.00457,15.0101,74,1,4
1522647181.93662,0.089843,74,0,3
1522981606.089736,48.2249,1412,0,4
1522956056.445054,36.7446,1412,0,4
1522922645.305074,1.91952,1392,0,4
1522865358.836882,11.8667,1412,0,1
1522922645.248513,1.86296,1392,0,4
1527760589.358052,76.1197,263,1,0
1522940261.620344,6.62588,74,1,4
1522981596.816425,38.9516,1412,0,4
1522928715.422887,9.98127,74,1,4
1522662270.348006,0.457107,74,1,3
1522940255.962045,0.967582,1294,0,4
1522859388.208019,11.5492,1412,0,1
1528083171.724182,114.649,87,0,0
1522859388.819957,12.1611,1412,0,1
1527745285.722459,60.6453,91,0,0
1522943106.372501,59.9446,1412,0,4
1522842696.925382,13.1343,1412,0,1
1522940294.363058,39.3686,1294,0,4
1522859387.789051,11.1302,1412,0,1
1527792037.509143,116.037,232,0,0
1522917969.397918,3.08226,125,1,4
1522859388.170212,11.5114,1412,0,1
1529554552.839832,1.2899,1316,0,2
1522940285.844737,30.8503,1294,0,4
1529645506.598802,0.406333,1412,0,2
1522943052.226354,5.79846,1412,0,4
1527993565.301697,69.6488,259,0,0
1522763866.222576,21.1991,98,0,1
1522853100.453526,1.39693,1412,0,1
1522954013.853417,22.4259,1412,0,4
1522763860.217727,15.1942,1412,1,1
1522739791.256228,6.08358,1294,0,3
1522943073.370796,26.9429,1412,0,4
1522928731.549003,26.1074,74,1,4
1527745277.057724,51.9806,91,0,0
1522943082.84741,36.4195,1412,0,4
1522635948.99793,7.93367,1294,0,3
1522888894.080716,11.589,1412,0,1
1522842706.103709,22.3126,104,1,1
1522956069.312362,49.6119,110,1,4
1522768765.038414,14.2071,1412,1,1
1522940294.218429,39.224,74,1,4
1529478747.560161,0.936553,1412,0,2
1522918752.954813,52.5928,815,0,4
1522918752.874323,52.5123,1412,0,4
1522943088.514049,42.0862,1412,0,4
1529513491.16326,0.295184,910,0,2
1529541636.612821,1.09511,1412,0,2
1522768768.462972,17.6316,1412,1,1
1522842703.611824,19.8207,1412,0,1
1529564287.629755,2.55792,1412,0,2
1522940261.553434,6.55897,1294,0,4
1522943047.058507,0.630618,1412,0,4
1522940263.759034,8.76457,1294,0,4
1529634881.828113,1.41915,1412,0,2
1522868694.098962,9.14112,1412,0,1
1529541636.720963,1.20325,1412,0,2
1522956077.167774,57.4673,1412,0,4
1522763864.682792,19.6593,1412,1,1
1522768768.805795,17.9745,1412,1,1
1522953993.254303,1.82677,1412,0,4
1522964063.982082,25.0377,930,0,4
1522981572.262797,14.398,1412,0,4
1522861277.400906,8.69202,1412,0,1
1522918753.132452,52.7704,1412,0,4
1529626612.722625,0.735294,1412,0,2
1522918720.256115,19.8941,1412,0,4
1522861276.988963,8.28008,1412,0,1
1522956065.049124,45.3487,110,1,4
1522954013.887131,22.4596,1412,0,4
1529541636.376817,0.859107,1412,0,2
1522853102.533055,3.47646,1412,0,1
1522922662.145229,18.7597,1392,0,4
1529478747.348266,0.724658,1412,0,2
1522928739.042173,33.6006,1294,0,4
1522842708.850851,25.0598,1412,0,1
1522943101.718198,55.2903,1412,0,4
1522865359.417991,12.4478,1412,0,1
1522768772.94441,22.1131,100,0,1
1522662276.836742,6.94584,1294,0,3
1522940280.625175,25.6307,1294,0,4
1522859388.57536,11.9165,1412,0,1
1522943046.776885,0.348996,1412,0,4
1522842694.64104,10.85,104,1,1
1522918739.201682,38.8397,125,1,4
1529515408.242516,0.761748,1412,0,2
1522922696.623028,53.2375,1392,0,4
1522943046.979288,0.551399,126,1,4
1529478747.242183,0.618575,1412,0,2
1522842700.95281,17.1617,1412,0,1
1522928709.537796,4.09618,1294,0,4
1522943096.610014,50.1821,1412,0,4
1522918702.370594,2.00858,1412,0,4
1522964099.41669,60.4723,116,1,4
1522940285.722326,30.7279,1294,0,4
1527792034.083577,112.612,147,0,0
1522943046.578942,0.151053,1412,0,4
1522868693.721254,8.76341,1412,0,1
1522865359.109394,12.1392,1412,0,1
1522842698.963662,15.1726,1412,0,1
1529554552.91211,1.36218,1412,0,2
1522954003.161714,11.7342,1412,0,4
1522940274.230104,19.2356,1294,0,4
1522964082.901981,43.9576,1412,0,4
1522964076.652365,37.708,1412,0,4
1529644963.740226,0.978322,126,1,2
1522763864.814673,19.7912,1412,1,1
1522928709.585455,4.14384,110,1,4
1522928709.672201,4.23058,74,1,4
1529478747.48541,0.861802,1412,0,2
1522964099.864264,60.9199,1412,0,4
1522956038.963405,19.263,1412,0,4
1522918748.454453,48.0924,1412,0,4
1522940280.520462,25.526,1294,0,4
1522981612.828849,54.964,1412,0,4
1522842706.49251,22.7014,1412,0,1
1522886701.024988,12.2216,1412,0,1
1522922655.905654,12.5201,1392,0,4
1522956047.008636,27.3082,1412,0,4
1522943046.789496,0.361607,1412,0,4
1522940285.7604,30.7659,1294,0,4
1522943106.409595,59.9817,1412,0,4
1522654306.850094,5.75876,1294,0,3
1522861277.428267,8.71938,1412,0,1
1529554551.857129,0.307201,1412,0,2
1527924719.441755,68.9071,258,1,0
1522940280.582118,25.5877,74,1,4
1522956038.967278,19.2668,1412,0,4
1522954013.965748,22.5382,1412,0,4
1522953994.457367,3.02984,1412,0,4
1522842710.057988,26.2669,104,1,1
1522868693.895753,8.93791,1412,0,1
1522928723.12573,17.6841,74,1,4
1522953993.334251,1.90672,151,0,4
1522943101.402175,54.9743,1412,0,4
1522981558.272379,0.407576,125,1,4
1529644963.7975,1.0356,1412,0,2
1522886699.997241,11.1938,1412,0,1
1527987792.799447,72.3949,87,0,0
1522768772.155836,21.3245,1412,1,1
1528085170.33938,6.56875,104,1,0
1529564287.694968,2.62313,1412,0,2
1529626612.966248,0.978917,1412,0,2
1528083063.939661,6.86447,110,1,0
1529554552.17216,0.622232,1412,0,2
1529645507.143795,0.951326,1412,0,2
1527745264.295108,39.218,91,0,0
1522886701.116092,12.3127,101,1,1
1522853105.149262,6.09267,1412,0,1
1529515407.837242,0.356474,1412,0,2
1522981572.15439,14.2896,1412,0,4
1529634881.816783,1.40782,1412,0,2
1527791969.402199,47.9303,260,1,0
1522859388.099019,11.4402,1412,0,1
1529515408.689505,1.20874,1412,0,2
1522953992.616207,1.18868,1412,0,4
1522763854.137379,9.1139,1412,1,1
1522928706.114895,0.673278,1294,0,4
1529554552.246496,0.696568,1412,0,2
1522859388.393492,11.7347,1412,0,1
1522964070.103191,31.1588,1412,0,4
1529513491.328206,0.46013,1392,0,2
1522865358.053833,11.0837,1412,0,1
1522763859.948254,14.9248,1412,1,1
1522964042.850034,3.90566,1412,0,4
1522928753.453063,48.0114,74,1,4
1522928705.596186,0.154569,1294,0,4
1529644964.291585,1.52968,930,0,2
1522954026.694298,35.2668,126,1,4
1522943101.234982,54.8071,1412,0,4
1529645507.78073,1.58826,1412,0,2
1522842709.434167,25.6431,1412,0,1
1522868693.934266,8.97642,1412,0,1
1529478747.019676,0.396068,1412,0,2
1527792011.502945,90.031,100,1,0
1522943073.353649,26.9258,126,1,4
1522888894.019993,11.5283,1412,0,1
1522964095.236389,56.292,1412,0,4
1528085182.538957,18.7683,148,0,0
1522928715.572586,10.131,1294,0,4
1522763859.930068,14.9066,98,0,1
1529541636.198883,0.681173,1412,0,2
1522768773.352027,22.5207,1412,1,1
1522768775.070921,24.2396,100,0,1
1522928715.630239,10.1886,1294,0,4
1522763866.325653,21.3022,1412,1,1
1522940280.540455,25.546,1294,0,4
1529513491.374979,0.506903,106,1,2
1522859388.778407,12.1196,1412,0,1
1529634881.34203,0.933067,1412,0,2
1522981606.386531,48.5217,158,1,4
1522842710.205453,26.4144,1412,0,1
1522662270.65396,0.763061,1294,0,3
1522768772.806763,21.9754,100,0,1
1529645507.823583,1.63111,1412,0,2
1522888894.924126,12.4324,1412,0,1
1529541635.829636,0.311926,1412,0,2
1522763859.117656,14.0942,1412,1,1
1522886707.999466,19.196,101,1,1
1522981572.112805,14.248,1412,0,4
1529554551.84154,0.291612,1412,0,2
1522943063.030794,16.6029,1412,0,4
1522956056.409545,36.7091,1412,0,4
1522888894.61259,12.1209,1412,0,1
1522928753.261053,47.8194,1294,0,4
1529513491.479461,0.611385,1392,0,2
1522928731.622372,26.1808,1294,0,4
1522888894.442727,11.951,1412,0,1
1522853099.789455,0.73286,1412,0,1
1529564287.76675,2.69491,125,1,2
1529564287.188536,2.1167,126,1,2
1522842710.932029,27.1409,101,1,1
1522868693.919349,8.9615,1412,0,1
1522928748.534312,43.0927,1294,0,4
1522763864.589983,19.5665,1412,1,1
1522886710.260628,21.4572,101,1,1
1522928715.834177,10.3926,74,1,4
1522956065.247804,45.5474,1412,0,4
1522861277.1706,8.46171,1412,0,1
1527987721.067896,0.663336,190,0,0
1522928752.94951,47.5079,74,1,4
1529515408.576389,1.09562,1412,0,2
1522861277.829004,9.12012,1412,0,1
1522853105.680769,6.62417,1412,0,1
1522859387.732724,11.0739,1412,0,1
1528085194.991131,31.2205,148,0,0
1529554552.829593,1.27966,1412,0,2
1522940261.564398,6.56994,74,1,4
1522886708.574582,19.7711,1412,0,1
1522940275.160273,20.1658,74,1,4
1529541636.509475,0.991765,1412,0,2
1522886699.62602,10.8226,1412,0,1
1522886702.205649,13.4022,1412,0,1
1522918702.3766,2.01459,1412,0,4
1522964039.619221,0.67485,930,0,4
1522953993.305243,1.87771,1412,0,4
1522886711.43572,22.6323,101,1,1
1522940285.87566,30.8812,1294,0,4
1522861277.909054,9.20017,1412,0,1
1522940303.476403,48.4819,74,1,4
1522853102.598962,3.54237,1412,0,1
1522956020.952573,1.25214,1412,0,4
1527850967.512757,5.94899,87,0,0
1522981606.249055,48.3843,1412,0,4
1529541635.654548,0.136838,1412,0,2
1522865358.463777,11.4936,1412,0,1
1522940313.982044,58.9876,74,1,4
1522928709.520949,4.07933,86,1,4
1529513491.661948,0.793872,1392,0,2
1522842703.72464,19.9336,1412,0,1
1522886709.258855,20.4554,1412,0,1
1527791977.605797,56.1339,259,1,0
1522928731.60426,26.1626,1294,0,4
1522918739.286576,38.9246,1412,0,4
1529513491.866464,0.998388,1392,0,2
1522865359.051415,12.0813,1412,0,1
1522768768.878968,18.0476,103,0,1
1522842706.019779,22.2287,104,1,1
1522940275.261042,20.2666,1294,0,4
1529513492.147022,1.27895,1392,0,2
1522922655.93287,12.5473,106,1,4
1527851034.770534,73.2068,148,0,0
1522918752.701564,52.3396,1412,0,4
1522981572.160063,14.2953,1412,0,4
1522861277.799538,9.09065,1412,0,1
1529626612.343257,0.355926,1412,0,2
1522940313.96464,58.9702,1294,0,4
1522763860.130918,15.1074,1412,1,1
1529634881.988647,1.57968,1412,0,2
1529644963.369403,0.607499,1412,0,2
1522859387.650642,10.9918,100,1,1
1522853103.614151,4.55756,1412,0,1
1522928753.287587,47.846,1294,0,4
1522886713.425989,24.6226,1412,0,1
1522861277.707325,8.99844,1412,0,1
1522954026.753164,35.3256,1412,0,4
1529564286.274282,1.20245,1412,0,2
1522768775.473172,24.6418,1412,1,1
1522981596.860004,38.9952,110,1,4
1522865358.900847,11.9307,1412,0,1
1522918702.369767,2.00775,138,1,4
1529564287.757663,2.68583,1412,0,2
1522763854.94839,9.92491,1412,1,1
1522940313.216338,58.2219,74,1,4
1522865358.268696,11.2985,1412,0,1
1529626613.05616,1.06883,1412,0,2
1522853104.38715,5.33055,1412,0,1
1522842701.951648,18.1606,1412,0,1
1522868694.256774,9.29893,1412,0,1
1529564287.113592,2.04175,1412,0,2
1522953994.717311,3.28978,1412,0,4
1522886710.490615,21.6872,1412,0,1
1522768764.907273,14.0759,1412,1,1
1529554551.986689,0.436761,1412,0,2
1522964070.177987,31.2336,1412,0,4
1522865359.391735,12.4216,1412,0,1
1522964075.340565,36.3962,1412,0,4
1528083091.805481,34.7303,370,1,0
1522715511.310048,7.29439,1294,0,3
1528085224.802832,61.0322,92,0,0
1522953998.765108,7.33758,1412,0,4
1527745253.577035,28.4999,234,0,0
1529513491.51851,0.650434,1392,0,2
1522922652.582642,9.19709,1392,0,4
1522953998.643499,7.21597,1412,0,4
1527741729.308071,11.4056,390,1,0
1522888894.728684,12.237,1412,0,1
1529645507.50478,1.31231,126,1,2
1522886708.289625,19.4862,1412,0,1
1522859387.824082,11.1653,1412,0,1
1522888894.645819,12.1541,1412,0,1
1522918733.886635,33.5246,1412,0,4
1522859387.907659,11.2488,1412,0,1
1522888894.621268,12.1295,1412,0,1
1522865358.644853,11.6747,1412,0,1
1522940294.2879,39.2934,1294,0,4
1522964099.905141,60.9608,1412,0,4
1522928748.034309,42.5927,74,1,4
1529564287.66182,2.58998,1412,0,2
1522853099.895252,0.838657,1412,0,1
1522861278.098557,9.38967,1412,0,1
1529626613.173871,1.18654,1412,0,2
1522964042.79439,3.85002,1412,0,4
1522940274.23753,19.2431,1294,0,4
1522842701.008436,17.2174,1412,0,1
1522763853.554597,8.53111,101,0,1
1522886707.402714,18.5993,1412,0,1
1522981572.185079,14.3203,469,0,4
1522842702.373058,18.582,1412,0,1
1522768772.146848,21.3155,1412,1,1
1522859388.632726,11.9739,1412,0,1
1529634881.609562,1.2006,1412,0,2
1522888894.227813,11.7361,125,1,1
1522868693.759016,8.80117,1412,0,1
1522763859.046593,14.0231,1412,1,1
1529541636.363016,0.845306,1412,0,2
1529564287.347288,2.27545,1412,0,2
1522954045.264223,53.8367,1412,0,4
1522654305.319349,4.22802,112,0,3
1529513491.085001,0.216925,1392,0,2
1522964039.27648,0.332109,1412,0,4
1522861278.235364,9.52648,1412,0,1
1527760542.421318,29.183,875,1,0
1522768764.497727,13.6664,1412,1,1
1522956053.176033,33.4756,1412,0,4
1522943063.14793,16.72,948,0,4
1522964051.34491,12.4005,1412,0,4
1522940303.415252,48.4208,74,1,4
1522964083.174824,44.2305,263,1,4
1522940270.077829,15.0834,1294,0,4
1529541635.845742,0.328032,1412,0,2
1522954003.23808,11.8105,1412,0,4
1529645508.043596,1.85113,1412,0,2
1529645507.192622,1.00015,1412,0,2
1529564287.776452,2.70462,1412,0,2
1522853099.815209,0.758614,1412,0,1
1522981572.197728,14.3329,1412,0,4
1522635942.787874,1.72361,74,1,3
1529645508.047098,1.85463,1412,0,2
1522928715.879111,10.4375,74,1,4
1522865358.219409,11.2492,485,0,1
1529644963.967393,1.20549,1412,0,2
1522956038.856402,19.156,1412,0,4
1529645507.993344,1.80088,1412,0,2
1522956020.065753,0.365323,1412,0,4
1527760617.433996,104.196,104,1,0
1522940285.812805,30.8183,1294,0,4
1529645506.757823,0.565354,1412,0,2
1529513490.974509,0.106433,80,1,2
1522928709.762166,4.32055,110,1,4
1529478747.415167,0.791559,125,1,2
1522886706.135983,17.3325,1412,0,1
1522853105.197703,6.14111,1412,0,1
1522928705.61392,0.172303,1294,0,4
1529564287.781213,2.70938,1412,0,2
1522861277.550643,8.84176,1412,0,1
1529554551.855637,0.305709,1412,0,2
1522964083.083987,44.1396,1412,0,4
1529644964.292988,1.53108,1412,0,2
1529478746.937298,0.31369,1412,0,2
1522940280.603552,25.6091,74,1,4
1522928758.980625,53.539,1294,0,4
1522956038.687898,18.9875,1412,0,4
1522865358.796538,11.8264,1412,0,1
1522954026.707153,35.2796,1412,0,4
1522956077.613877,57.9134,110,1,4
1522940303.999736,49.0053,1294,0,4
1522768772.346994,21.5157,1412,1,1
1522868694.632561,9.67472,1412,0,1
1522886710.934674,22.1312,101,1,1
1522956020.564549,0.864119,1412,0,4
1522842699.076701,15.2856,1412,0,1
1522868694.458917,9.50107,1412,0,1
1529634880.949806,0.540843,1412,0,2
1529644963.191414,0.42951,1412,0,2
1529554551.672017,0.122089,1412,0,2
1522861277.353092,8.64421,1412,0,1
1522928715.542701,10.1011,1294,0,4
1522853103.523652,4.46706,1412,0,1
1529478746.927544,0.303936,1412,0,2
1522842703.356602,19.5655,98,1,1
1522928709.621669,4.18005,94,1,4
1522981572.174012,14.3092,1412,0,4
1522868693.823213,8.86537,1412,0,1
1522964095.210461,56.2661,247,1,4
1529554552.457028,0.9071,1412,0,2
1522940256.126057,1.13159,1294,0,4
1522888894.902744,12.411,1412,0,1
1522981606.408604,48.5438,1412,0,4
1522981558.769904,0.905101,1412,0,4
1522868694.162442,9.2046,1412,0,1
1522940285.933004,30.9385,74,1,4
1522953995.161529,3.734,1412,0,4
1522763866.660622,21.6371,98,0,1
1522956021.000203,1.29977,1412,0,4
1529564287.971655,2.89982,1412,0,2
1522763857.132284,12.1088,1412,1,1
1529554552.935462,1.38553,1412,0,2
1522956053.211183,33.5108,1412,0,4
1522918702.467603,2.10559,1412,0,4
1522768765.28706,14.4557,100,0,1
1522918752.7676,52.4056,1412,0,4
1529513491.944734,1.07666,1392,0,2
1522853103.877044,4.82045,1412,0,1
1529626612.371729,0.384398,1412,0,2
1522859387.95753,11.2987,1412,0,1
1522918748.591277,48.2293,117,1,4
1527745273.052205,47.9751,87,0,0
1529554552.354408,0.80448,1412,0,2
1527924651.630401,1.09574,1412,0,0
1522943088.510535,42.0826,1412,0,4
1522842701.564419,17.7733,1412,0,1
1529645506.943291,0.750822,1412,0,2
1522981563.936058,6.07125,1412,0,4
1529644963.871872,1.10997,1412,0,2
1522853104.445684,5.38909,1412,0,1
1522928709.521809,4.08019,86,1,4
1522886702.161151,13.3577,1412,0,1
1522865358.399551,11.4294,1412,0,1
1522842695.466071,11.675,101,1,1
1522886701.709879,12.9064,1412,0,1
1522713581.488018,9.0846,1294,0,3
1522981606.27549,48.4107,1412,0,4
1522964042.966638,4.02227,125,1,4
1522964040.831286,1.88691,1412,0,4
1522940285.900559,30.9061,1294,0,4
1522940294.298248,39.3038,1294,0,4
1522853104.608169,5.55157,1412,0,1
1529634880.810103,0.40114,1412,0,2
1522853101.90909,2.85249,110,1,1
1522768775.092609,24.2613,1412,1,1
1522865358.454263,11.4841,1412,0,1
1522861278.347897,9.63901,125,1,1
1522956026.054674,6.35424,1412,0,4
1529626612.078955,0.091624,100,1,2
1522842696.644386,12.8533,1412,0,1
1522842710.902037,27.111,104,1,1
1522918753.231667,52.8697,1412,0,4
1522768763.366711,12.5354,1412,1,1
1529554552.459643,0.909715,125,1,2
1522886712.50179,23.6984,101,1,1
1522940280.659048,25.6646,1294,0,4
1522943046.942072,0.514183,1412,0,4
1522861277.567067,8.85818,1412,0,1
1527741719.360283,1.4578,451,1,0
1522928723.08474,17.6431,74,1,4
1522888894.694635,12.2029,1412,0,1
1522943052.273969,5.84608,1412,0,4
1522853103.473179,4.41658,1412,0,1
1522943088.460937,42.033,1412,0,4
1522956070.357889,50.6575,1412,0,4
1522859388.582131,11.9233,110,1,1
1522868693.306261,8.34842,106,1,1
1522763861.100275,16.0768,1412,1,1
1529564285.799044,0.727207,1412,0,2
1527745339.184466,114.107,390,1,0
1522768768.366165,17.5348,1412,1,1
1522888894.443349,11.9516,1412,0,1
1522865358.696291,11.7261,469,0,1
1522861277.90291,9.19403,1412,0,1
1529541636.454636,0.936926,1412,0,2
1522842707.765664,23.9746,1412,0,1
1529478747.246501,0.622893,1412,0,2
1522940285.788005,30.7935,1294,0,4
1522943078.611092,32.1832,1412,0,4
1522917979.287392,12.9717,1412,0,4
1529564286.098231,1.02639,1412,0,2
1522842695.348047,11.557,1412,0,1
1522888894.77427,12.2826,1412,0,1
1522940269.99084,14.9964,1294,0,4
1522868693.866725,8.90888,126,1,1
1522928709.523636,4.08202,86,1,4
1522842705.769116,21.978,1412,0,1
1522842707.665508,23.8744,1412,0,1
1522922645.269062,1.88351,1392,0,4
1522768768.798815,17.9675,100,0,1
1529645507.715942,1.52347,1412,0,2
1522964039.216983,0.272612,100,1,4
1527745233.835222,8.7581,1412,1,0
1522981558.254445,0.389642,1412,0,4
1522865359.241789,12.2716,1412,0,1
1522842699.843995,16.0529,1412,0,1
1522763855.920895,10.8974,107,0,1
1522928709.773479,4.33186,1294,0,4
1522940303.312752,48.3183,1294,0,4
1522886700.868034,12.0646,101,1,1
1529564285.293047,0.22121,1412,0,2
1529626612.325714,0.338383,125,1,2
1522842699.087377,15.2963,104,1,1
1529626612.737342,0.750011,1412,0,2
1522956053.210761,33.5103,1412,0,4
1522964051.312444,12.3681,1412,0,4
1529478747.578323,0.954715,1412,0,2
1529478747.009761,0.386153,1412,0,2
1527993567.287584,71.6347,87,0,0
1529513492.160719,1.29264,1392,0,2
1522763861.400823,16.3773,1412,1,1
1522886712.557189,23.7538,1412,0,1
1522768769.009322,18.178,1412,1,1
1522964040.590279,1.64591,1412,0,4
1529564285.512319,0.440482,1412,0,2
1522943082.859098,36.4312,116,0,4
1522940255.583623,0.58916,166,0,4
1522861278.177325,9.46844,1412,0,1
1522956076.965798,57.2654,110,1,4
1529645507.757252,1.56478,1412,0,2
1527924695.83257,45.2979,104,1,0
1522956019.759663,0.0592332,1412,0,4
1522763861.438525,16.415,98,0,1
1522956077.54882,57.8484,113,1,4
1529478747.910057,1.28645,87,0,2
1529478747.469821,0.846213,1412,0,2
1522940261.523482,6.52902,74,1,4
1529564287.631949,2.56011,1412,0,2
1522713580.788003,8.38459,1100,0,3
1529554551.785208,0.23528,1412,0,2
1522888894.218571,11.7269,1412,0,1
1522981606.461803,48.597,1412,0,4
1527760548.357282,35.119,87,0,0
1527760513.480982,0.242666,101,1,0
1522956069.673305,49.9729,1412,0,4
1522928753.803974,48.3624,1294,0,4
1522763860.675979,15.6525,1412,1,1
1522859387.978628,11.3198,1412,0,1
1522888894.409646,11.9179,1412,0,1
1522868694.653854,9.69601,1412,0,1
1522842692.204061,8.41298,193,1,1
1522763866.834997,21.8115,1412,1,1
1522940314.236182,59.2417,74,1,4
1522953994.794687,3.36716,1412,0,4
1529513491.690463,0.822387,1392,0,2
1529626612.870772,0.883441,126,1,2
1522922662.114446,18.7289,1392,0,4
1522943101.523184,55.0953,1412,0,4
1522842698.687515,14.8964,1412,0,1
1522888894.057801,11.5661,1412,0,1
1522861277.891282,9.1824,125,1,1
1522928706.062886,0.621269,1294,0,4
1529564286.277351,1.20551,1412,0,2
1529478746.968336,0.344728,1412,0,2
1522918748.592225,48.2302,1412,0,4
1522953998.743389,7.31586,1412,0,4
1529478747.157271,0.533663,1412,0,2
1522888894.351927,11.8602,1412,0,1
1522868693.370732,8.41289,1412,0,1
1522964095.272389,56.328,1412,0,4
1522861278.471665,9.76278,1412,0,1
1529515408.069019,0.588251,126,1,2
1522888894.63886,12.1471,119,1,1
1522763863.911513,18.888,1412,1,1
1522953993.262239,1.83471,1412,0,4
1522886713.211598,24.4082,1412,0,1
1522981563.819733,5.95493,1412,0,4
1522886709.200098,20.3967,1412,0,1
1522868693.738808,8.78096,1412,0,1
1522940288.982828,33.9884,1294,0,4
1522964039.297004,0.352633,1412,0,4
1522940263.781568,8.78711,1044,0,4
1522886701.383068,12.5796,101,1,1
1522981572.176938,14.3121,1412,0,4
1522861277.890352,9.18147,1412,0,1
1522964095.402465,56.4581,1412,0,4
1527741719.150571,1.24809,98,1,0
1529515407.851088,0.37032,126,1,2
1529515408.781947,1.30118,1412,0,2
1522647189.700449,7.85367,74,0,3
1529645507.941914,1.74945,1412,0,2
1522886702.951238,14.1478,114,1,1
1522886700.103008,11.2996,1412,0,1
1522922683.231591,39.846,1392,0,4
1529554552.763682,1.21375,1412,0,2
1522842692.993541,9.20246,1412,0,1
1522940255.114836,0.120373,1294,0,4
1522928758.821722,53.3801,74,1,4
1527745312.337749,87.2606,395,1,0
1522842691.978644,8.18756,1412,0,1
1522943073.275604,26.8477,126,1,4
1522918752.736227,52.3742,1412,0,4
1522842706.281075,22.49,1412,0,1
1522859388.680498,12.0217,1412,0,1
1529634881.603716,1.19475,1412,0,2
1522956047.026493,27.3261,1412,0,4
1529541635.859038,0.341328,1412,0,2
1522981563.945167,6.08036,1412,0,4
1522763861.866793,16.8433,1412,1,1
1522853102.793927,3.73733,1412,0,1
1522928715.509349,10.0677,1294,0,4
1529626612.994326,1.007,1412,0,2
1527924758.316157,107.782,87,0,0
1529554552.778509,1.22858,1412,0,2
1522853101.346407,2.28981,110,1,1
1522956065.638177,45.9377,291,1,4
1522940270.14477,15.1503,1294,0,4
1522861278.163938,9.45505,1412,0,1
1529634882.005826,1.59686,1412,0,2
1529644963.824937,1.06303,1412,0,2
1529554552.450717,0.900789,1412,0,2
1529541636.075918,0.558208,1412,0,2
1522940270.05752,15.0631,1294,0,4
1527924651.537601,1.00294,87,0,0
1522635948.591171,7.52691,74,1,3
1522928758.496425,53.0548,1294,0,4
1529541636.417104,0.899394,1412,0,2
1522940261.612266,6.6178,1294,0,4
1522956077.171775,57.4713,1412,0,4
1528083067.52907,10.4539,113,1,0
1527745307.389918,82.3128,101,1,0
1522928752.9363,47.4947,1294,0,4
1522928747.555651,42.114,1234,0,4
1529634880.946324,0.537361,1412,0,2
1522928747.495201,42.0536,1294,0,4
1529478747.114981,0.491373,1412,0,2
1529554552.354188,0.80426,126,1,2
1522940275.231194,20.2367,74,1,4
1522918009.801868,43.4862,1412,0,4
1527850975.816305,14.2525,87,0,0
1522865358.569474,11.5993,125,1,1
1527760589.486784,76.2485,101,1,0
1529541636.235928,0.718218,1412,0,2
1522943106.765567,60.3377,119,1,4
1529478747.25778,0.634172,1412,0,2
1522861277.30785,8.59896,125,1,1
1522763872.648442,27.625,1053,1,1
1522842691.413303,7.62222,1412,0,1
1529626612.98237,0.995039,1412,0,2
1529515408.48959,1.00882,1412,0,2
1522956077.649802,57.9494,1412,0,4
1522888894.355802,11.8641,1412,0,1
1529564287.71932,2.64748,125,1,2
1522917972.783996,6.46834,1412,0,4
1522868694.12635,9.1685,1412,0,1
1522940261.673061,6.6786,1294,0,4
1522956065.082411,45.382,1412,0,4
1522918752.91962,52.5576,196,1,4
1522763860.374008,15.3505,1412,1,1
1522886707.132476,18.329,1412,0,1
1522964099.615884,60.6715,1412,0,4
1522918739.262851,38.9008,1412,0,4
1529634881.315463,0.9065,1412,0,2
1522886706.422433,17.619,101,1,1
1522940303.668109,48.6736,74,1,4
1522940303.433024,48.4386,74,1,4
1522888894.474765,11.983,1412,0,1
1529478746.874324,0.250716,1412,0,2
1522917999.562165,33.2465,126,1,4
1522956046.994278,27.2938,1412,0,4
1522861277.428746,8.71986,1412,0,1
1529513491.84828,0.980204,1392,0,2
1522928731.67743,26.2358,1294,0,4
1522859388.362381,11.7036,1412,0,1
1522861277.648705,8.93982,1412,0,1
1527791927.818697,6.34676,1412,0,0
1529554552.178248,0.62832,126,1,2
1522956031.482024,11.7816,1412,0,4
1522886699.305442,10.502,1412,0,1
1522868694.696712,9.73887,1412,0,1
1522954035.053045,43.6255,1412,0,4
1527851043.257307,81.6935,87,0,0
1529634882.019636,1.61067,1412,0,2
1529515408.039242,0.558474,125,1,2
1522886703.226223,14.4228,1412,0,1
1522956056.444188,36.7438,1412,0,4
1522943101.288904,54.861,1412,0,4
1522943052.254146,5.82626,1412,0,4
1522635949.005026,7.94076,74,1,3
1529478747.262294,0.638686,113,1,2
1522956020.044022,0.343592,1412,0,4
1522861277.482335,8.77345,1412,0,1
1522886704.583607,15.7802,1412,0,1
1522865359.238087,12.2679,1412,0,1
1522940280.616063,25.6216,1294,0,4
1529644963.458743,0.696839,1412,0,2
1522928759.075815,53.6342,74,1,4
1522954045.292228,53.8647,1412,0,4
1522928731.721366,26.2797,1294,0,4
1522922696.648013,53.2625,1392,0,4
1522964039.6053,0.660929,1412,0,4
1522868693.860341,8.9025,1412,0,1
1522886697.792733,8.9893,1412,0,1
1522981568.228368,10.3636,1412,0,4
1529478747.617924,0.994316,1412,0,2
1522865358.312487,11.3423,1412,0,1
1522853102.640559,3.58396,119,1,1
1522918720.337138,19.9751,126,1,4
1522956047.112438,27.412,1412,0,4
1529513491.491489,0.623413,1392,0,2
1522953998.663115,7.23558,1412,0,4
1522868693.624957,8.66711,1412,0,1
1527851047.568989,86.0052,235,0,0
1522964099.367673,60.4233,116,1,4
1522928715.629144,10.1875,1294,0,4
1522654301.571862,0.480532,74,1,3
1529644963.091774,0.32987,1412,0,2
1522940303.8148,48.8203,1294,0,4
1522928705.639983,0.198366,1294,0,4
1522956065.762466,46.062,1412,0,4
1529513491.845201,0.977125,1392,0,2
1522964075.745272,36.8009,1412,0,4
1529478747.103679,0.480071,1412,0,2
1522886711.369451,22.566,1412,0,1
1529478747.30705,0.683442,125,1,2
1522954026.635733,35.2082,1412,0,4
1522918739.171482,38.8095,1412,0,4
1522964099.820582,60.8762,1412,0,4
1527760619.531607,106.293,267,0,0
1522928753.54118,48.0996,1294,0,4
1522861277.468485,8.7596,1412,0,1
1529644964.064634,1.30273,1412,0,2
1522928731.562139,26.1205,1294,0,4
1522842701.523442,17.7324,104,1,1
1522868693.9292,8.97135,1412,0,1
1522928752.862685,47.4211,1294,0,4
1529554552.050067,0.500139,1412,0,2
1522647187.649105,5.80233,74,1,3
1522981572.277051,14.4122,126,1,4
1522768762.957693,12.1264,1412,1,1
1522940280.651932,25.6575,1294,0,4
1529645507.502673,1.3102,1412,0,2
1522768766.82843,15.9971,103,0,1
1522859388.122814,11.464,1412,0,1
1522943052.240373,5.81248,1412,0,4
1522868693.749505,8.79166,1412,0,1
1522861278.315899,9.60701,1412,0,1
1522763860.391908,15.3684,112,0,1
1522943106.777737,60.3498,1412,0,4
1522861277.542709,8.83382,1412,0,1
1522868693.843671,8.88583,1412,0,1
1529554552.227588,0.67766,126,1,2
1529645506.976989,0.78452,1412,0,2
1529515407.906499,0.425731,126,1,2
1529541635.865493,0.347783,1412,0,2
1529478747.822851,1.19924,1412,0,2
1529564286.797333,1.7255,1412,0,2
1522953995.211225,3.78369,1412,0,4
1522940314.497487,59.503,74,1,4
1522763856.732689,11.7092,1412,1,1
1529626612.224295,0.236964,1412,0,2
1522865358.199686,11.2295,1412,0,1
1522917979.332104,13.0164,491,0,4
1522956031.525309,11.8249,1412,0,4
1522940294.330819,39.3364,74,1,4
1522943057.537685,11.1098,1412,0,4
1522842698.25182,14.4607,1412,0,1
1522859388.577795,11.919,1412,0,1
1522888895.030291,12.5386,1412,0,1
1522964099.188657,60.2443,110,1,4
1522868693.879208,8.92136,1412,0,1
1522865359.400076,12.4299,125,1,1
1529644963.531792,0.769888,1412,0,2
1522886709.632727,20.8293,1412,0,1
1522888894.379012,11.8873,1412,0,1
1522940288.995325,34.0009,1294,0,4
1522886698.047821,9.24439,1412,0,1
1522918753.250265,52.8883,1412,0,4
1522943096.530729,50.1028,1412,0,4
1522886703.51243,14.709,1412,0,1
1527791969.616035,48.1441,394,1,0
1522886704.06993,15.2665,1412,0,1
1529513491.484231,0.616155,1392,0,2
1522954013.820427,22.3929,1412,0,4
1522842695.031826,11.2407,1412,0,1
1522922644.477291,1.09174,118,1,4
1522943046.529006,0.101117,100,1,4
1529644963.832096,1.07019,1412,0,2
1529554552.68267,1.13274,1412,0,2
1522940314.58622,59.5918,1294,0,4
1529554552.68427,1.13434,1412,0,2
1529478746.763387,0.139779,1412,0,2
1522768770.126497,19.2952,1412,1,1
1522956021.0623,1.36187,1412,0,4
1522853102.746937,3.69034,1412,0,1
1522953995.216363,3.78883,1412,0,4
1522918752.964216,52.6022,231,1,4
1522886705.938395,17.135,101,1,1
1522763856.319868,11.2964,1412,1,1
1529564286.381289,1.30945,1412,0,2
1528085241.715026,77.9444,92,0,0
1522918719.179931,18.8179,1412,0,4
1522865358.547832,11.5777,1412,0,1
1522964051.323461,12.3791,1412,0,4
1522928757.947242,52.5056,74,1,4
1529644963.545041,0.783137,1412,0,2
1529541636.414509,0.896799,1412,0,2
1522956056.544369,36.8439,1412,0,4
1522956065.752875,46.0524,1412,0,4
1528085242.394062,78.6234,87,0,0
1522964099.756583,60.8122,1412,0,4
1522964064.05845,25.1141,1412,0,4
1522964070.164359,31.22,1412,0,4
1522928717.701427,12.2598,1294,0,4
1522956047.06624,27.3658,1412,0,4
1522940314.596394,59.6019,74,1,4
1522918720.135871,19.7739,1412,0,4
1522842699.708593,15.9175,1412,0,1
1528085214.628852,50.8582,87,0,0
1529541635.902231,0.384521,1412,0,2
1522868694.82114,9.8633,1412,0,1
1522886700.209001,11.4056,1412,0,1
1522853102.74455,3.68795,116,1,1
1522918720.332111,19.9701,1412,0,4
1529478747.409953,0.786345,1412,0,2
1522861278.207168,9.49828,1412,0,1
1522981581.313775,23.449,1412,0,4
1522918702.335594,1.97358,1412,0,4
1522940275.225016,20.2306,74,1,4
1522888894.884236,12.3925,1412,0,1
1527924710.305913,59.7713,148,0,0
1527993547.492572,51.8397,148,0,0
1522940304.243084,49.2486,74,1,4
1522853100.856387,1.79979,113,1,1
1522928705.957714,0.516097,1294,0,4
1522886712.542786,23.7394,114,1,1
1527791927.839343,6.3674,100,1,0
1522842705.981273,22.1902,1412,0,1
1522886701.79409,12.9907,101,1,1
1529564287.067534,1.9957,1412,0,2
1528083089.844796,32.7696,87,0,0
1522865359.413454,12.4433,1412,0,1
1522922645.275067,1.88951,1392,0,4
1529645507.491318,1.29885,126,1,2
1522635945.113134,4.04887,74,1,3
1529626612.067473,0.080142,1412,0,2
1522859388.426381,11.7676,1412,0,1
1522940280.668019,25.6736,1294,0,4
1522918720.27358,19.9116,1412,0,4
1527851009.72643,48.1627,262,0,0
1522928709.523078,4.08146,86,1,4
1522943046.771192,0.343303,1412,0,4
1522956020.996572,1.29614,1412,0,4
1522954034.578612,43.1511,1412,0,4
1522928706.028935,0.587318,1294,0,4
1522928715.451604,10.01,1294,0,4
1527850964.998433,3.43466,1412,0,0
1522928731.65346,26.2118,1294,0,4
1522981563.900438,6.03563,1412,0,4
1522943078.509463,32.0816,1412,0,4
1522662277.213613,7.32271,74,1,3
1522842695.861779,12.0707,1412,0,1
1522886706.021344,17.2179,101,1,1
1522917983.573107,17.2574,1412,0,4
1522763854.470414,9.44693,1412,1,1
1522940285.742094,30.7476,1294,0,4
1522943106.939579,60.5117,1412,0,4
1527993507.657579,12.0047,87,0,0
1522940261.522525,6.52806,1294,0,4
1522953993.973291,2.54576,1412,0,4
1522940275.223869,20.2294,74,1,4
1529634881.117688,0.708725,1412,0,2
1522918753.013547,52.6515,273,1,4
1529634881.587677,1.17871,1412,0,2
1522964042.983733,4.03936,1412,0,4
1522964040.597274,1.6529,1412,0,4
1522853103.508094,4.4515,1412,0,1
1529515408.763157,1.28239,1412,0,2
1522859387.888995,11.2302,139,1,1
1522865358.114008,11.1438,1412,0,1
1522953995.147452,3.71992,125,1,4
1522922692.331416,48.9459,1392,0,4
1529515408.521723,1.04096,1412,0,2
1522865358.328522,11.3584,1412,0,1
1522964095.162479,56.2181,160,1,4
1522943088.497987,42.0701,1412,0,4
1522943078.600859,32.173,1412,0,4
1527741721.792829,3.89035,1412,1,0
1522940261.558057,6.56359,74,1,4
1529644964.276814,1.51491,1412,0,2
1522842690.633082,6.842,1412,0,1
1522662271.29849,1.40759,378,1,3
1522888894.814014,12.3223,1412,0,1
1527741753.446359,35.5439,101,1,0
1522886701.913298,13.1099,1412,0,1
1529554552.715697,1.16577,1412,0,2
1522868694.622424,9.66458,1412,0,1
1522763858.900383,13.8769,103,0,1
1522918739.245919,38.8839,1412,0,4
1522647189.697613,7.85084,1294,1,3
1529478747.775038,1.15143,1412,0,2
1522853104.01062,4.95403,1412,0,1
1522928738.935781,33.4942,1294,0,4
1522853100.772623,1.71603,1412,0,1
1522940303.709956,48.7155,74,1,4
1529554552.776996,1.22707,1412,0,2
1522956038.689305,18.9889,1412,0,4
1529564285.626029,0.554192,1412,0,2
1529644963.045544,0.28364,1412,0,2
1522763862.78457,17.7611,1412,1,1
1522954035.244285,43.8168,1412,0,4
1529634881.315973,0.90701,1412,0,2
1522954013.843067,22.4155,1412,0,4
1522956056.424426,36.724,125,1,4
1527851051.534993,89.9712,263,1,0
1522868694.100305,9.14246,1412,0,1
1522953992.638215,1.21069,1412,0,4
1522859387.74681,11.088,1412,0,1
1529515408.421305,0.940537,1412,0,2
1522763854.922457,9.89897,1412,1,1
1522943096.873487,50.4456,1412,0,4
1522865358.464344,11.4942,1412,0,1
1522768768.343173,17.5118,1412,1,1
1522842703.428618,19.6375,104,1,1
1522922669.59314,26.2076,1392,0,4
1522763865.401369,20.3779,1412,1,1
1522868693.980313,9.02247,1412,0,1
1522886703.400069,14.5966,1412,0,1
1522940294.358172,39.3637,74,1,4
1529564286.37185,1.30001,1412,0,2
1522928758.454978,53.0134,1294,0,4
1522928738.923803,33.4822,1294,0,4
1528083154.124604,97.0494,101,1,0
1522964039.404275,0.459904,1412,0,4
1529515407.923867,0.443099,1412,0,2
1522943096.741667,50.3138,1412,0,4
1522964039.62021,0.675839,1412,0,4
1522861277.757914,9.04903,1412,0,1
1522859387.972055,11.3132,113,1,1
1522964082.890964,43.9466,930,0,4
1529644963.318258,0.556354,1412,0,2
1522928758.812335,53.3707,74,1,4
1529513491.728758,0.860682,1392,0,2
1529515408.356468,0.8757,1412,0,2
1529554551.647107,0.0971789,100,1,2
1522859388.787296,12.1285,1412,0,1
1529645507.158194,0.965725,1412,0,2
1522928739.074846,33.6332,1294,0,4
1522918016.05591,49.7402,1412,0,4
1522635945.798514,4.73425,204,1,3
1522859388.71966,12.0608,1412,0,1
1522861277.785869,9.07698,1412,0,1
1529554552.450791,0.900863,1412,0,2
1522918700.428479,0.0664649,1412,0,4
1528083085.273451,28.1983,110,1,0
1522842694.52204,10.731,1412,0,1
1522853102.866858,3.81026,1412,0,1
1529541636.704927,1.18722,1412,0,2
1522868694.874317,9.91647,1412,0,1
1522956070.275042,50.5746,1412,0,4
1522853103.647229,4.59063,1412,0,1
1522928747.817272,42.3757,1294,0,4
1522918024.547614,58.232,1412,0,4
1522861278.123195,9.41431,1412,0,1
1522954003.498931,12.0714,1412,0,4
1522842709.062794,25.2717,1412,0,1
1522940280.611631,25.6172,1294,0,4
1522964051.356584,12.4122,1412,0,4
1522954035.079633,43.6521,1412,0,4
1522954045.257227,53.8297,1412,0,4
1522922662.141757,18.7562,1392,0,4
1529513491.633248,0.765172,1392,0,2
1529645507.135446,0.942977,1412,0,2
1528083069.341609,12.2664,1412,1,0
1522981563.809398,5.94459,1412,0,4
1522861277.333343,8.62446,1412,0,1
1522853102.355174,3.29858,1412,0,1
1522928709.768021,4.3264,1294,0,4
1529515407.872004,0.391236,1412,0,2
1522917966.3839,0.068239,1412,0,4
1529626612.848256,0.860925,1412,0,2
1529478746.980743,0.357135,126,1,2
1522868694.025391,9.06755,138,1,1
1527741718.662363,0.759881,1412,1,0
1522922669.663141,26.2776,106,1,4
1529515408.441861,0.961093,1412,0,2
1522842696.923634,13.1326,1412,0,1
1522886698.55999,9.75656,101,1,1
1522956019.739481,0.0390511,100,1,4
1522886704.966275,16.1628,101,1,1
1522964063.965282,25.0209,126,1,4
1522886713.29583,24.4924,101,1,1
1522917999.545825,33.2302,1412,0,4
1522943046.943076,0.515187,1412,0,4
1529515408.354389,0.873621,1412,0,2
1522922646.501156,3.1156,1392,0,4
1522888893.997606,11.5059,1412,0,1
1529554552.200153,0.650225,1412,0,2
1527745339.913534,114.836,87,0,0
1522917983.558423,17.2428,1412,0,4
1522943052.332223,5.90433,1412,0,4
1529515408.22632,0.745552,1412,0,2
1527993567.386624,71.7338,104,1,0
1529564285.660883,0.589046,1412,0,2
1522868693.944242,8.9864,1412,0,1
1522861277.734607,9.02572,1412,0,1
1522886699.148992,10.3456,101,1,1
1522859388.556048,11.8972,114,1,1
1522928729.2205,23.7789,1294,0,4
1522943046.81088,0.382991,1412,0,4
1522956026.036129,6.3357,1412,0,4
1522940261.585311,6.59085,1294,0,4
1522940255.567811,0.573348,74,1,4
1529513491.562175,0.694099,1392,0,2
1522842694.03246,10.2414,1412,0,1
1529478747.296853,0.673245,1412,0,2
1522928748.358627,42.917,74,1,4
1527760528.045089,14.8068,101,1,0
1522954045.295138,53.8676,1412,0,4
1522928731.485681,26.0441,1294,0,4
1522956077.639883,57.9395,1412,0,4
1522886706.351076,17.5476,1412,0,1
1522768767.783038,16.9517,1412,1,1
1529478747.014972,0.391364,126,1,2
1528083117.559211,60.484,148,0,0
1522943082.826486,36.3986,1412,0,4
1529515408.75628,1.27551,1412,0,2
1527987744.383451,23.9789,87,0,0
1522868694.819042,9.8612,1412,0,1
1522763856.723508,11.7,1412,1,1
1529626612.397455,0.410124,1412,0,2
1522768772.262472,21.4311,97,0,1
1529645506.738267,0.545798,1412,0,2
1529564287.314686,2.24285,1412,0,2
1522940285.899846,30.9054,1294,0,4
1527993511.531907,15.879,92,0,0
1522763858.215497,13.192,92,0,1
1522888895.038636,12.5469,1412,0,1
1522868694.432469,9.47462,1412,0,1
1522964083.918326,44.974,1412,0,4
1522940255.899068,0.904605,74,1,4
1522865358.903197,11.933,1412,0,1
1529634882.004228,1.59527,1412,0,2
1529554552.488249,0.938321,1412,0,2
1522956076.703269,57.0028,1412,0,4
1522964058.655078,19.7107,1412,0,4
1522943088.615036,42.1871,1412,0,4
1522868694.395388,9.43754,1412,0,1
1522943063.005988,16.5781,1412,0,4
1522768771.212451,20.3811,1412,1,1
1522943106.17249,59.7446,116,1,4
1529554552.852209,1.30228,1412,0,2
1522763865.938402,20.9149,101,0,1
1522859387.931069,11.2722,116,1,1
1528085251.844478,88.0738,104,1,0
1527987733.820486,13.4159,338,0,0
1522842701.882727,18.0916,1412,0,1
1529541636.208466,0.690756,1412,0,2
1522842696.041633,12.2506,1412,0,1
1522886707.62148,18.818,101,1,1
1522922696.713015,53.3275,1392,0,4
1529541636.095815,0.578105,475,0,2
1522943096.308964,49.8811,119,1,4
1522853104.120765,5.06417,1412,0,1
1522853104.740215,5.68362,1412,0,1
1522943096.375921,49.948,1412,0,4
1522763864.206468,19.183,1412,1,1
1522868693.669396,8.71155,1412,0,1
1522954035.163288,43.7358,1412,0,4
1522922655.979248,12.5937,1392,0,4
1522861278.484619,9.77573,1412,0,1
1522886713.318743,24.5153,1412,0,1
1522943047.057075,0.629186,1412,0,4
1529645508.1567,1.96423,1412,0,2
1522956053.176335,33.4759,1412,0,4
1522940285.706276,30.7118,1294,0,4
1522763859.434025,14.4105,98,0,1
1522940313.637728,58.6433,74,1,4
1522865358.589951,11.6198,1412,0,1
1522940314.028382,59.0339,74,1,4
1527745273.789844,48.7127,261,1,0
1522943062.996138,16.5682,1412,0,4
1522842701.868044,18.077,1412,0,1
1522953993.272235,1.8447,1412,0,4
1522763863.130207,18.1067,98,0,1
1529515408.701162,1.22039,125,1,2
1529554552.636183,1.08626,1412,0,2
1522943073.236121,26.8082,1412,0,4
1529515407.70634,0.225572,1412,0,2
1522981606.264489,48.3997,1412,0,4
1522888894.097358,11.6056,1412,0,1
1522888894.522865,12.0311,1412,0,1
1529644963.317223,0.555319,1412,0,2
1522768767.434877,16.6035,1412,1,1
1529478746.969184,0.345576,1412,0,2
1522981563.935062,6.07026,1412,0,4
1522956038.859003,19.1586,1412,0,4
1522940285.858903,30.8644,1294,0,4
1522917968.293262,1.9776,1412,0,4
1522842700.556446,16.7654,109,1,1
1522654306.861276,5.76995,1294,0,3
1522922645.371088,1.98554,1392,0,4
1522928729.361147,23.9195,1294,0,4
1522763860.154803,15.1313,1412,1,1
1522943096.211137,49.7832,1412,0,4
1522918752.799907,52.4379,1412,0,4
1522940256.176058,1.1816,1294,0,4
1522865358.508734,11.5386,1412,0,1
1522865358.852208,11.882,125,1,1
1522868694.76773,9.80989,1412,0,1
1522868694.280686,9.32284,1412,0,1
1522763867.09927,22.0758,95,0,1
1522922655.936286,12.5507,1392,0,4
1522861277.904551,9.19567,1412,0,1
1527791921.818759,0.346819,1412,0,0
1527851052.480757,90.917,263,1,0
1522763864.817629,19.7941,1412,1,1
1529515408.087826,0.607058,1412,0,2
1522940294.216246,39.2218,1294,0,4
1522768766.878574,16.0472,1412,1,1
1522868694.842341,9.8845,1412,0,1
1522964064.035004,25.0906,1412,0,4
1522922669.645219,26.2597,1392,0,4
1527987751.560431,31.1559,101,1,0
1522964099.77237,60.828,1412,0,4
1522768773.535255,22.7039,100,0,1
1529541636.075133,0.557423,1412,0,2
1529515408.097144,0.616376,1412,0,2
1522964058.662301,19.7179,1412,0,4
1527851037.736553,76.1728,106,1,0
1522868693.727133,8.76929,1412,0,1
1527745288.422238,63.3451,101,1,0
1529644964.114716,1.35281,1412,0,2
1529513492.145767,1.27769,1392,0,2
1529626612.309694,0.322363,1412,0,2
1522964076.31676,37.3724,1412,0,4
1522981558.284714,0.419911,1412,0,4
1522940280.671952,25.6775,74,1,4
1522868694.70033,9.74249,1412,0,1
1529515407.54012,0.0593519,1412,0,2
1522940280.547376,25.5529,1294,0,4
1522918748.603082,48.2411,118,1,4
1529554552.464986,0.915058,1412,0,2
1522940275.215775,20.2213,74,1,4
1522940280.512478,25.518,1294,0,4
1522953998.758444,7.33091,1412,0,4
1522940261.682385,6.68792,1294,0,4
1522943088.498679,42.0708,1412,0,4
1522861278.110708,9.40182,1412,0,1
1522954013.940332,22.5128,1412,0,4
1529513491.71146,0.843384,1392,0,2
1522956020.590549,0.890119,1412,0,4
1522928709.461277,4.01966,1294,0,4
1522928723.015374,17.5738,74,1,4
1522940280.691965,25.6975,74,1,4
1527851015.623485,54.0597,245,0,0
1522922683.111241,39.7257,1392,0,4
1527993518.384338,22.7315,92,0,0
1529478747.141389,0.517781,1412,0,2
1522868694.102803,9.14496,125,1,1
1522842707.200993,23.4099,1412,0,1
1529515408.402084,0.921316,1412,0,2
1522888894.839734,12.348,1412,0,1
1522886701.511346,12.7079,1412,0,1
1527745256.000355,30.9232,147,0,0
1522763865.664941,20.6415,1412,1,1
1527987771.274564,50.87,92,0,0
1522928715.443821,10.0022,74,1,4
1522918700.429603,0.067589,100,1,4
1522940256.040055,1.04559,1294,0,4
1522635948.557389,7.49313,1294,0,3
1529513492.148948,1.28087,1392,0,2
1522868694.827754,9.86991,1412,0,1
1522922683.147231,39.7617,1392,0,4
1529513491.808515,0.940439,1392,0,2
1522981612.996858,55.1321,1412,0,4
1522842693.454949,9.66387,1412,0,1
1522943101.756194,55.3283,1412,0,4
1522865358.100074,11.1299,1412,0,1
1527987816.249419,95.8449,391,1,0
1527745286.613307,61.5362,390,1,0
1522956056.504639,36.8042,951,0,4
1529634881.795942,1.38698,1412,0,2
1522647182.152221,0.305444,74,1,3
1522888894.661872,12.1702,125,1,1
1522964063.980849,25.0365,1412,0,4
1527741721.112387,3.2099,995,0,0
1522940294.273494,39.279,1294,0,4
1522928723.129529,17.6879,74,1,4
1529554552.592944,1.04302,1412,0,2
1522928758.295872,52.8543,74,1,4
1522981606.294491,48.4297,1412,0,4
1522943057.521663,11.0938,1412,0,4
1522861277.213291,8.50441,1412,0,1
1522964070.183168,31.2388,1412,0,4
1522928757.946558,52.5049,1294,0,4
1522956077.739401,58.039,1412,0,4
1522865358.058521,11.0884,1412,0,1
1529564287.876721,2.80488,1412,0,2
1527741765.951731,48.0492,148,0,0
1529564285.815854,0.744017,1412,0,2
1529645506.869462,0.676993,125,1,2
1522964058.697303,19.7529,1412,0,4
1529626612.91716,0.929829,126,1,2
1529513491.301026,0.43295,1392,0,2
1522763856.179745,11.1563,1412,1,1
1527924765.514793,114.98,87,0,0
1522842702.458801,18.6677,1412,0,1
1522928709.73698,4.29536,1294,0,4
1529626612.33702,0.349689,1412,0,2
1522763863.256431,18.2329,1412,1,1
1527760555.205686,41.9674,101,1,0
1522956047.000764,27.3003,1412,0,4
1529644963.693234,0.93133,1412,0,2
1522853104.128545,5.07195,113,1,1
1522853104.606588,5.54999,1412,0,1
1522865358.505191,11.535,1412,0,1
1522768767.816062,16.9847,1412,1,1
1529634882.037234,1.62827,1412,0,2
1522865359.134909,12.1647,1412,0,1
1529478747.54626,0.922652,1412,0,2
1522956077.709461,58.009,1412,0,4
1522886710.827848,22.0244,1412,0,1
1527850996.931618,35.3678,87,0,0
1527924745.856035,95.3214,256,0,0
1522868694.691702,9.73386,1412,0,1
1528083129.293291,72.2181,267,0,0
1522981558.238259,0.373456,1412,0,4
1522768770.418256,19.5869,103,0,1
1522888893.936968,11.4452,1412,0,1
1522886701.518082,12.7146,1412,0,1
1529515407.749744,0.268976,1412,0,2
1522956056.585861,36.8854,1412,0,4
1522943078.588887,32.161,1412,0,4
1522922656.021581,12.636,1392,0,4
1522928752.767307,47.3257,1294,0,4
1522842708.407848,24.6168,104,1,1
1522981572.160298,14.2955,1412,0,4
1522853101.634821,2.57823,1412,0,1
1522853103.118157,4.06156,1412,0,1
1522953992.651221,1.22369,1412,0,4
1522928706.133947,0.69233,86,1,4
1522917999.56364,33.248,126,1,4
1529564285.820452,0.748615,1412,0,2
1522928715.549461,10.1078,1294,0,4
1529541636.514957,0.997247,1412,0,2
1522763861.680697,16.6572,1412,1,1
1522956047.089722,27.3893,1412,0,4
1522940294.240081,39.2456,1294,0,4
1529626612.897739,0.910408,1412,0,2
1522868693.604893,8.64705,1412,0,1
1529644964.02928,1.26738,1412,0,2
1529645507.745657,1.55319,125,1,2
1529645507.529758,1.33729,382,0,2
1522861277.979864,9.27098,1412,0,1
1522861277.07394,8.36506,125,1,1
1527987768.815347,48.4108,232,0,0
1522943063.03061,16.6027,1412,0,4
1522953998.684739,7.25721,126,1,4
1529564285.630789,0.558952,1412,0,2
1522943078.465864,32.038,1412,0,4
1522868694.750076,9.79223,1412,0,1
1522928739.060168,33.6186,1294,0,4
1522888894.791579,12.2999,1412,0,1
1522928717.694563,12.2529,74,1,4
1522859388.652032,11.9932,1412,0,1
1529515408.211869,0.731101,1412,0,2
1529541636.549081,1.03137,1412,0,2
1522886702.440444,13.637,1412,0,1
1522888894.681138,12.1894,1412,0,1
1522964094.928734,55.9844,1412,0,4
1522861277.444854,8.73597,1412,0,1
1522842706.612179,22.8211,1412,0,1
1529515408.24617,0.765402,1412,0,2
1522853103.310297,4.2537,1412,0,1
1522956056.550367,36.8499,1412,0,4
1522853105.06394,6.00734,1412,0,1
1522964070.347779,31.4034,930,0,4
1522964083.45183,44.5075,1412,0,4
1522842694.505105,10.714,104,1,1
1529626612.550233,0.562902,1412,0,2
1527760571.234617,57.9963,313,0,0
1522954003.186165,11.7586,1412,0,4
1522886707.292483,18.489,101,1,1
1522940313.949469,58.955,74,1,4
1522853103.574858,4.51826,1412,0,1
1522886703.277518,14.4741,1412,0,1
1522956068.192931,48.4925,1412,0,4
1522868694.478973,9.52113,951,0,1
1522842708.539854,24.7488,104,1,1
1522964051.299885,12.3555,1412,0,4
1522886706.216565,17.4131,1412,0,1
1529541635.692931,0.175221,1412,0,2
1522940294.264248,39.2698,1294,0,4
1522928722.971646,17.53,1294,0,4
1522928752.941908,47.5003,1294,0,4
1529554551.890684,0.340756,1412,0,2
1522964099.584563,60.6402,1412,0,4
1529513491.370391,0.502315,106,1,2
1522763861.564625,16.5411,1412,1,1
1522964083.186795,44.2424,1412,0,4
1522954026.640382,35.2129,1412,0,4
1522956020.65055,0.95012,1412,0,4
1522981606.621173,48.7564,1412,0,4
1522865359.452769,12.4826,1412,0,1
1522868693.511902,8.55406,1412,0,1
1529541636.21213,0.69442,1412,0,2
1529645506.760456,0.567987,1412,0,2
1522954045.259222,53.8317,1412,0,4
1522886702.98751,14.1841,1412,0,1
1522865359.390111,12.42,1412,0,1
1522842707.863426,24.0723,1412,0,1
1522943052.352019,5.92413,1412,0,4
1529564286.02847,0.956633,1412,0,2
1529644963.54204,0.780136,126,1,2
1522981581.305501,23.4407,1412,0,4
1527993530.52541,34.8725,388,1,0
1529564286.360929,1.28909,1412,0,2
1522953993.282244,1.85471,1412,0,4
1522868693.399296,8.44145,1412,0,1
1522940285.840718,30.8463,1294,0,4
1522865359.392538,12.4224,1412,0,1
1529541636.430005,0.912295,1412,0,2
1522886704.365277,15.5618,1412,0,1
1522940261.502429,6.50797,74,1,4
1522842697.091566,13.3005,128,1,1
1522956038.886885,19.1865,1412,0,4
1522956020.960573,1.26014,1412,0,4
1522842710.374973,26.5839,1412,0,1
1522868694.660751,9.70291,1412,0,1
1522853102.728694,3.6721,1412,0,1
1522768760.709231,9.87789,97,0,1
1522954003.101621,11.6741,1412,0,4
1522943063.066455,16.6386,1412,0,4
1522886712.091769,23.2883,101,1,1
1522715512.101997,8.08634,112,1,3
1529478747.189539,0.565931,1412,0,2
1529478747.512945,0.889337,1412,0,2
1522853105.401741,6.34515,1412,0,1
1522654304.382361,3.29103,74,1,3
1522861278.246739,9.53785,1412,0,1
1522917966.565924,0.250263,1412,0,4
1529541636.221171,0.703461,1412,0,2
1522928759.280939,53.8393,1294,0,4
1522865358.143825,11.1737,1412,0,1
1529554551.995055,0.445127,1412,0,2
1522964042.88339,3.93902,1412,0,4
1522868693.980815,9.02297,1412,0,1
1529626612.320482,0.333151,1412,0,2
1522922645.224239,1.83869,1392,0,4
1522943106.703561,60.2757,116,1,4
1522859388.649133,11.9903,1412,0,1
1522928744.21828,38.7767,1294,0,4
1522928739.099348,33.6577,1294,0,4
1522943046.542964,0.115075,1412,0,4
1522842710.846191,27.0551,1412,0,1
1522768766.0844,15.2531,1412,1,1
1522868693.39128,8.43343,1412,0,1
1522954026.788316,35.3608,1412,0,4
1527987804.078538,83.674,107,1,0
1522868694.086684,9.12884,1412,0,1
1529645508.158082,1.96561,1412,0,2
1522842704.405575,20.6145,104,1,1
1527760544.792053,31.5537,104,1,0
1527993574.915461,79.2626,390,1,0
1529513491.530758,0.662682,106,1,2
1522886698.229971,9.42654,1412,0,1
1522922683.116554,39.731,1392,0,4
1522861277.425549,8.71666,1412,0,1
1522918720.1655,19.8035,1412,0,4
1522865358.795024,11.8249,1412,0,1
1522964083.072263,44.1279,1412,0,4
1522886712.860002,24.0566,1412,0,1
1529564286.741704,1.66987,1412,0,2
1527993495.919233,0.266366,180,0,0
1528083098.280849,41.2057,148,0,0
1522928729.180154,23.7385,1294,0,4
1522940256.143976,1.14951,1294,0,4
1522956069.929643,50.2292,1412,0,4
1522928739.089328,33.6477,1294,0,4
1522859388.389305,11.7305,1412,0,1
1522861278.282851,9.57397,1412,0,1
1522928753.716703,48.2751,74,1,4
1527741724.709897,6.80742,1412,0,0
1529478747.331689,0.708081,1412,0,2
1522763856.057069,11.0336,1412,1,1
1528085174.847597,11.077,101,1,0
1529564287.327235,2.2554,1412,0,2
1529634881.367963,0.959,1412,0,2
1529541635.651103,0.133393,1412,0,2
1522763864.28095,19.2575,1412,1,1
1529644963.113916,0.352012,1412,0,2
1522868693.922648,8.9648,1412,0,1
1522918701.535562,1.17355,1412,0,4
1522928715.60108,10.1595,1294,0,4
1529564285.868063,0.796226,1412,0,2
1529626612.236952,0.249621,1412,0,2
1522861277.225509,8.51662,125,1,1
1522888894.908231,12.4165,1412,0,1
1522956031.618697,11.9183,1412,0,4
1529564285.833327,0.76149,1412,0,2
1522763859.912038,14.8886,115,0,1
1522859388.481375,11.8225,1412,0,1
1522842699.248204,15.4571,1412,0,1
1522922644.505043,1.11949,1392,0,4
1522918009.804059,43.4884,1412,0,4
1522859388.077082,11.4183,116,1,1
1522763857.982367,12.9589,1412,1,1
1522868693.691509,8.73366,1412,0,1
1529564286.009805,0.937968,1412,0,2
1522918700.899509,0.537495,1412,0,4
1522918702.338586,1.97657,1412,0,4
1522918720.144047,19.782,1412,0,4
1522964051.404895,12.4605,1412,0,4
1522886705.358311,16.5549,101,1,1
1522763854.854878,9.8314,79,0,1
1522954044.762206,53.3347,1412,0,4
1522886709.590294,20.7869,1412,0,1
1522940294.23273,39.2383,1294,0,4
1522953995.159201,3.73167,125,1,4
1522853099.572487,0.515892,1412,0,1
1529515408.225008,0.74424,1412,0,2
1522768762.438815,11.6075,1412,1,1
1527741755.917941,38.0155,385,1,0
1522928731.521797,26.0802,1294,0,4
1522853101.695442,2.63885,110,1,1
1522868693.601476,8.64363,1412,0,1
1529554552.38765,0.837722,1412,0,2
1529513491.160897,0.292821,105,1,2
1522922652.566421,9.18087,1392,0,4
1522865358.278452,11.3083,1412,0,1
1522888894.278635,11.7869,1412,0,1
1522865358.958104,11.9879,1412,0,1
1522953993.259247,1.83172,1412,0,4
1527987785.912853,65.5083,392,1,0
1529513491.341654,0.473578,1392,0,2
1522922696.610812,53.2253,1392,0,4
1522954013.933661,22.5061,1412,0,4
1522928705.607137,0.16552,1294,0,4
1522853100.015834,0.959239,1412,0,1
1522842705.891278,22.1002,1412,0,1
1522859388.098817,11.44,1412,0,1
1522918752.802174,52.4402,1412,0,4
1522940314.746796,59.7523,74,1,4
1522917979.297486,12.9818,125,1,4
1522859388.436163,11.7773,1412,0,1
1529626612.566095,0.578764,1412,0,2
1522928753.006695,47.5651,74,1,4
1522922683.08803,39.7025,1392,0,4
1522954034.582936,43.1554,1412,0,4
1522662270.68779,0.796891,1294,0,3
1522956025.964648,6.26422,1412,0,4
1529554552.073698,0.52377,1412,0,2
1522842710.515941,26.7249,101,1,1
1522842696.22677,12.4357,1412,0,1
1522859388.484587,11.8258,1412,0,1
1527851054.299086,92.7353,265,1,0
1522928731.547927,26.1063,1294,0,4
1529634881.80645,1.39749,1412,0,2
1522928705.590845,0.149228,74,1,4
1522928731.658218,26.2166,1294,0,4
1522918720.190979,19.829,1412,0,4
1529564285.845206,0.773369,1412,0,2
1527993507.760939,12.1081,146,0,0
1522865359.261717,12.2916,1412,0,1
1527987732.143566,11.739,1412,1,0
1529478747.104262,0.480654,125,1,2
1522859388.073754,11.4149,1412,0,1
1522853102.250258,3.19366,1412,0,1
1522861278.41607,9.70719,1412,0,1
1522940303.88358,48.8891,1294,0,4
1522940294.384245,39.3898,1294,0,4
1529515408.810215,1.32945,87,0,2
1522928731.535905,26.0943,1294,0,4
1522853101.21186,2.15526,1412,0,1
1529478747.31283,0.689222,1412,0,2
1522964075.758399,36.814,1412,0,4
1522956038.881423,19.181,1412,0,4
1522861277.980316,9.27143,1412,0,1
1522956020.451534,0.751104,1412,0,4
1522953992.12041,0.69288,1412,0,4
1522922655.954851,12.5693,1392,0,4
1529645506.71283,0.520361,1412,0,2
1522886702.972026,14.1686,1412,0,1
1522763860.295741,15.2723,1412,1,1
1522861268.744888,0.0360031,97,1,1
1522886698.731554,9.92812,1412,0,1
1529515408.523589,1.04282,1412,0,2
1522763853.142303,8.11882,1412,1,1
1522865359.438917,12.4688,1412,0,1
1529478746.940532,0.316924,930,0,2
1522922669.64513,26.2596,1392,0,4
1522868684.992568,0.034723,103,1,1
1522956031.586504,11.8861,1412,0,4
1527924662.991103,12.4564,103,1,0
1529645507.165415,0.972946,125,1,2
1522859388.04954,11.3907,1412,0,1
1522918739.283995,38.922,1412,0,4
1527924724.643474,74.1088,148,0,0
1522943106.525277,60.0974,1412,0,4
1522940304.077452,49.083,1294,0,4
1522956046.979046,27.2786,1412,0,4
1529541636.549633,1.03192,1412,0,2
1522940313.970281,58.9758,1294,0,4
1522940275.256435,20.262,1294,0,4
1527791921.817984,0.346044,100,1,0
1522859388.625062,11.9662,1412,0,1
1522768754.868889,4.03755,228,0,1
1522842694.510103,10.719,1412,0,1
1522865358.160749,11.1906,1412,0,1
1529541636.174548,0.656838,1412,0,2
1522964075.316279,36.3719,110,1,4
1529634882.0416,1.63264,127,1,2
1529644963.357012,0.595108,1412,0,2
1522943088.644848,42.217,487,0,4
1527924717.469595,66.9349,257,1,0
1522888894.917811,12.4261,1412,0,1
1529515408.45296,0.972192,125,1,2
1522922677.84332,34.4578,1392,0,4
1529634881.541661,1.1327,1412,0,2
1529478747.40521,0.781602,1412,0,2
1522940304.071747,49.0773,1294,0,4
1522859387.938018,11.2792,110,1,1
1522886709.617351,20.8139,1412,0,1
1522861277.80485,9.09597,1412,0,1
1529478747.768325,1.14472,113,1,2
1522964040.748278,1.80391,1412,0,4
1522940263.747737,8.75327,1294,0,4
1522763861.493433,16.47,95,0,1
1522842695.959182,12.1681,104,1,1
1522964083.052127,44.1078,1412,0,4
1522768767.839154,17.0078,1412,1,1
1522922655.87275,12.4872,1392,0,4
1528085164.395764,0.625132,1412,0,0
1522865359.390546,12.4204,1412,0,1
1522888895.069173,12.5775,1412,0,1
1522922646.501153,3.1156,1392,0,4
1522868694.745686,9.78784,1412,0,1
1522918720.1846,19.8226,1412,0,4
1522886711.473411,22.67,1412,0,1
1527741721.318612,3.41613,160,0,0
1522964064.031077,25.0867,1412,0,4
1527792018.267375,96.7954,87,0,0
1529564288.145848,3.07401,1412,0,2
1522768762.4384,11.6071,1412,1,1
1522922645.321098,1.93555,1392,0,4
1522928709.751894,4.31028,1294,0,4
1522940275.166114,20.1717,1294,0,4
1522956021.072569,1.37214,1412,0,4
1528085228.68099,64.9104,107,1,0
1522956053.177996,33.4776,1412,0,4
1522918720.336439,19.9744,1412,0,4
1529644963.341392,0.579488,1412,0,2
1522956056.471694,36.7713,1412,0,4
1529645507.145267,0.952798,1412,0,2
1522886712.517868,23.7144,1412,0,1
1522943063.029041,16.6012,125,1,4
1522763857.03264,12.0092,1412,1,1
1527745338.000594,112.923,257,0,0
1522928723.060476,17.6189,1294,0,4
1529634880.943622,0.534659,1412,0,2
1522853104.355798,5.2992,1412,0,1
1522943082.786121,36.3582,1412,0,4
1529634881.954336,1.54537,1412,0,2
1529626613.066322,1.07899,1412,0,2
1522940261.487702,6.49324,1294,0,4
1522763859.306768,14.2833,1412,1,1
1529554552.172892,0.622964,1412,0,2
1522922696.660718,53.2752,1392,0,4
1522954045.313703,53.8862,125,1,4
1522768767.767305,16.936,1412,1,1
1522716078.09191,5.56663,74,1,3
1529478747.454145,0.830537,1412,0,2
1522954034.604299,43.1768,1412,0,4
1522917994.307374,27.9917,1412,0,4
1529644963.689929,0.928025,1412,0,2
1529626612.245138,0.257807,1412,0,2
1522763860.263806,15.2403,1412,1,1
1522956070.29644,50.596,113,1,4
1522842699.6711,15.88,1412,0,1
1529515408.507921,1.02715,1412,0,2
1522853105.304737,6.24814,1412,0,1
1522922696.671009,53.2855,1392,0,4
1522964083.861645,44.9173,1412,0,4
1529513492.002719,1.13464,1392,0,2
1522868694.617559,9.65971,1412,0,1
1522928753.793666,48.352,74,1,4
1527924659.947458,9.4128,513,0,0
1529564286.70581,1.63397,1412,0,2
1522956056.47732,36.7769,126,1,4
1529644963.322549,0.560645,1412,0,2
1529644963.71026,0.948356,1412,0,2
1522956077.756358,58.0559,1412,0,4
1522964095.389407,56.445,1412,0,4
1522917979.310558,12.9949,125,1,4
1522943052.270253,5.84236,1412,0,4
1522868694.055008,9.09716,117,1,1
1522954013.821114,22.3936,1412,0,4
1522861277.429223,8.72034,125,1,1
1527851057.135288,95.5715,87,0,0
1522918700.838503,0.476489,1412,0,4
1529634881.313693,0.90473,1412,0,2
1522886706.195986,17.3926,1412,0,1
1522956020.528717,0.828287,126,1,4
1529541636.209948,0.692238,122,1,2
1529513491.585371,0.717295,1392,0,2
1522918733.90784,33.5458,1412,0,4
1522981572.270884,14.4061,1412,0,4
1522964039.647217,0.702846,1412,0,4
1529644963.201169,0.439265,126,1,2
1522868694.185321,9.22748,1412,0,1
1522842692.805747,9.01467,1412,0,1
1522886703.13139,14.328,1412,0,1
1522981572.248527,14.3837,1412,0,4
1522918739.218167,38.8562,138,1,4
1522922683.244377,39.8588,1392,0,4
1522865358.956617,11.9865,1412,0,1
1522940256.192102,1.19764,74,1,4
1522918708.643272,8.28126,1412,0,4
1522886705.425867,16.6224,1412,0,1
1522842698.15393,14.3629,1412,0,1
1529645506.91214,0.719671,1412,0,2
1522853102.204684,3.14809,1412,0,1
1522868693.954657,8.99681,1412,0,1
1527993578.115356,82.4625,388,1,0
1522954035.135996,43.7085,1412,0,4
1522922696.626192,53.2406,105,1,4
1522954035.166065,43.7385,1412,0,4
1522964042.8144,3.87003,1412,0,4
1522943106.73965,60.3118,119,1,4
1522842702.624064,18.833,1412,0,1
1522861277.471933,8.76305,125,1,1
1522842699.420811,15.6297,1412,0,1
1522964099.04999,60.1056,1412,0,4
1522886700.403032,11.5996,101,1,1
1522940303.463179,48.4687,1294,0,4
1522956031.636501,11.9361,1412,0,4
1529645506.72331,0.530841,1412,0,2
1529478747.187709,0.564101,1412,0,2
1529541636.39381,0.8761,1412,0,2
1522956031.49816,11.7977,1412,0,4
1522940313.651252,58.6568,1294,0,4
1522943106.45961,60.0317,1412,0,4
1529513491.719211,0.851135,1392,0,2
1522865358.993711,12.0236,1412,0,1
1529645507.80107,1.6086,1412,0,2
1527791927.77753,6.30559,1412,0,0
1522956038.659359,18.9589,125,1,4
1522662272.707468,2.81657,299,0,3
1522956069.751571,50.0511,1412,0,4
1529626612.536881,0.54955,1412,0,2
1522928715.544682,10.1031,74,1,4
1522964099.891157,60.9468,1412,0,4
1522763857.398736,12.3753,98,0,1
1522842702.20245,18.4114,104,1,1
1522940263.781021,8.78656,1294,0,4
1522940280.568376,25.5739,1294,0,4
1529644963.337497,0.575593,1412,0,2
1522956056.433568,36.7331,1412,0,4
1522953994.807498,3.37997,1412,0,4
1522763854.629413,9.60593,1412,1,1
1522868694.56662,9.60878,1412,0,1
1529645506.455258,0.262789,1412,0,2
1522768767.300761,16.4694,106,0,1
1522954045.334244,53.9067,1412,0,4
1522928753.392115,47.9505,74,1,4
1522865357.978049,11.0079,1412,0,1
1529541636.167596,0.649886,1412,0,2
1522859387.945371,11.2865,1412,0,1
1522943073.253575,26.8257,1412,0,4
1522868694.53107,9.57323,1412,0,1
1522859388.266277,11.6074,1412,0,1
1522859388.329777,11.6709,1412,0,1
1522861278.351264,9.64238,1412,0,1
1527760513.493643,0.255327,1412,0,0
1522859388.147867,11.489,1412,0,1
1529564287.91475,2.84291,125,1,2
1522964070.35185,31.4075,1412,0,4
1529515408.268309,0.787541,1412,0,2
1529541635.895282,0.377572,1412,0,2
1522918739.270452,38.9084,1412,0,4
1528083161.00078,103.926,148,0,0
1522861277.412342,8.70346,1412,0,1
1529515408.728184,1.24742,1412,0,2
1529513491.803756,0.93568,1392,0,2
1527745340.862176,115.785,104,1,0
1522981612.818298,54.9535,1412,0,4
1529554552.967994,1.41807,1412,0,2
1522922669.780498,26.3949,1392,0,4
1529513491.486918,0.618842,910,0,2
1522940294.282803,39.2883,1294,0,4
1522956047.018784,27.3184,1412,0,4
1522928723.045552,17.6039,1294,0,4
1522953993.27326,1.84573,1412,0,4
1529564287.3254,2.25356,1412,0,2
1522940255.876893,0.88243,1294,0,4
1527993534.32156,38.6687,101,1,0
1522928723.151696,17.7101,1294,0,4
1529515408.459418,0.97865,125,1,2
1522981606.676418,48.8116,1412,0,4
1522917994.349501,28.0338,1412,0,4
1527851000.443368,38.8796,103,1,0
1527851062.069486,100.506,395,1,0
1529564287.91559,2.84375,1412,0,2
1522842697.131398,13.3403,121,1,1
1522943063.131035,16.7031,1412,0,4
1522861278.202134,9.49325,1412,0,1
1522953993.273257,1.84573,1412,0,4
1522928759.245959,53.8043,74,1,4
1522956031.519159,11.8187,1412,0,4
1527987807.31667,86.9121,107,1,0
1522853103.483431,4.42684,1412,0,1
1522943101.558184,55.1303,1412,0,4
1527745286.494559,61.4174,91,0,0
1522981572.237098,14.3723,1412,0,4
1529515407.609416,0.128648,1412,0,2
1527993589.251092,93.5982,87,0,0
1522928753.321024,47.8794,1294,0,4
1522940285.71375,30.7193,1294,0,4
1527741796.737517,78.835,87,0,0
1529634881.762482,1.35352,1412,0,2
1522981563.993992,6.12919,126,1,4
1522964075.557296,36.6129,1412,0,4
1529513491.958486,1.09041,1392,0,2
1522928706.198911,0.757294,74,1,4
1528085232.537358,68.7667,260,1,0
1522888894.699629,12.2079,1412,0,1
1522940256.129534,1.13507,1294,0,4
1522842702.275912,18.4848,1412,0,1
1529513491.883937,1.01586,1392,0,2
1529644963.059113,0.297209,1412,0,2
1527741721.792633,3.89015,254,1,0
1522956025.980552,6.28012,1412,0,4
1522842704.930872,21.1398,1412,0,1
1522940280.477466,25.483,1294,0,4
1522964064.021605,25.0772,1412,0,4
1522763855.00597,9.98249,98,0,1
1522964051.404897,12.4605,1412,0,4
1522943046.996084,0.568195,1412,0,4
1527741728.649502,10.747,92,0,0
1522859387.758153,11.0993,1412,0,1
1522943052.194745,5.76686,1412,0,4
1522865358.161641,11.1915,1412,0,1
1522861278.369174,9.66029,1412,0,1
1522918016.04638,49.7307,1412,0,4
1529478747.189541,0.565933,1412,0,2
1529564286.332651,1.26081,1412,0,2
1522763856.838639,11.8152,98,0,1
1522861278.499259,9.79037,125,1,1
1522928709.659491,4.21787,1294,0,4
1522940275.215097,20.2206,1294,0,4
1529564287.217401,2.14556,1412,0,2
1522956038.692111,18.9917,1412,0,4
1522868694.306031,9.34819,1412,0,1
1522868693.595745,8.6379,1412,0,1
1522918009.818851,43.5032,1412,0,4
1529626612.178476,0.191145,1412,0,2
1522865358.637907,11.6677,1412,0,1
1522943096.440305,50.0124,1412,0,4
1529634881.778754,1.36979,1412,0,2
1522943073.389757,26.9619,126,1,4
1522853100.291207,1.23461,1412,0,1
1529515408.057505,0.576737,1412,0,2
1527791933.762252,12.2903,117,0,0
1522943101.275021,54.8471,1412,0,4
1522918739.179776,38.8178,1412,0,4
1522868693.796428,8.83858,1412,0,1
1522940313.065166,58.0707,1294,0,4
1522956038.911598,19.2112,1412,0,4
1522865359.203674,12.2335,1412,0,1
1529515408.367198,0.88643,1412,0,2
1529626612.545074,0.557743,1412,0,2
1527987814.687593,94.283,261,1,0
1522928709.66192,4.2203,1294,0,4
1522853100.685401,1.62881,1412,0,1
1522917966.387908,0.072247,1412,0,4
1522842692.352465,8.56139,1412,0,1
1527924696.704507,46.1699,256,0,0
1522861277.496616,8.78773,1412,0,1
1522859388.823824,12.165,1412,0,1
1522859387.804129,11.1453,1412,0,1
1522865358.536006,11.5658,1412,0,1
1528085276.597436,112.827,297,0,0
1522868693.546027,8.58818,1412,0,1
1522888893.869148,11.3774,100,1,1
1529645508.163217,1.97075,1412,0,2
1522868694.108871,9.15103,1412,0,1
1522865358.14946,11.1793,126,1,1
1522768764.369409,13.5381,1412,1,1
1522768772.062177,21.2308,1412,1,1
1529626612.193633,0.206302,1412,0,2
1522763854.205102,9.18162,1412,1,1
1522888894.936267,12.4445,1412,0,1
1522868694.532408,9.57456,1412,0,1
1522953994.755075,3.32754,1412,0,4
1522842697.606238,13.8152,1412,0,1
1522853100.036731,0.980136,1412,0,1
1522853105.354256,6.29766,1412,0,1
1522865359.491291,12.5211,1412,0,1
1522953994.80795,3.38042,1412,0,4
1522940255.997043,1.00258,1294,0,4
1522943078.544371,32.1165,951,0,4
1522865359.193069,12.2229,1412,0,1
1522763858.409533,13.3861,1412,1,1
1522956065.847183,46.1468,285,1,4
1529634881.532008,1.12304,930,0,2
1529478747.873922,1.25031,1412,0,2
1522868694.849173,9.89133,1412,0,1
1522954014.223084,22.7956,1412,0,4
1522768771.750028,20.9187,103,0,1
1522763865.582447,20.559,1412,1,1
1529626612.734984,0.747653,1412,0,2
1522953994.808579,3.38105,1412,0,4
1527987737.551063,17.1465,256,1,0
1529645507.753758,1.56129,1412,0,2
1522928706.140066,0.698449,74,1,4
1522865358.739394,11.7692,1412,0,1
1522953994.772059,3.34453,490,0,4
1522943047.060069,0.63218,1412,0,4
1522964098.83141,59.887,1412,0,4
1522922696.638253,53.2527,1392,0,4
1522763858.22146,13.198,1412,1,1
1522886708.880554,20.0771,101,1,1
1529541636.239192,0.721482,1412,0,2
1522954003.495831,12.0683,1412,0,4
1522953998.684745,7.25722,1412,0,4
1529513492.161098,1.29302,1392,0,2
1522868694.054053,9.09621,1412,0,1
1522956068.344434,48.644,1412,0,4
1522943096.414941,49.9871,117,1,4
1522715511.31005,7.29439,1294,0,3
1522943096.357598,49.9297,1412,0,4
1522956038.78245,19.082,1412,0,4
1522917979.310385,12.9947,1412,0,4
1527741788.073294,70.1708,1412,1,0
1522964075.593265,36.6489,1412,0,4
1522853104.902183,5.84559,1412,0,1
1522922655.936051,12.5505,1392,0,4
1522763859.648755,14.6253,1412,1,1
1522865358.577169,11.607,1412,0,1
1527745274.005022,48.9279,98,1,0
1522842693.434322,9.64324,1412,0,1
1522886698.104277,9.30084,1412,0,1
1522964063.790857,24.8465,1412,0,4
1522842709.115849,25.3248,1412,0,1
1522956031.44747,11.747,1412,0,4
1522868693.484267,8.52642,1412,0,1
1522918739.247453,38.8854,1412,0,4
1522940294.315615,39.3212,1294,0,4
1522853103.910628,4.85403,116,1,1
1522922656.014687,12.6291,1392,0,4
1522763857.032776,12.0093,1412,1,1
1522853105.007489,5.95089,1412,0,1
1522956031.434546,11.7341,1412,0,4
1522886701.375195,12.5718,1412,0,1
1522763856.184453,11.161,98,0,1
1522940280.668325,25.6739,1294,0,4
1529554552.696491,1.14656,1412,0,2
1522956025.97223,6.2718,1412,0,4
1522853100.335335,1.27874,110,1,1
1529645506.712163,0.519694,1412,0,2
1522886707.682467,18.879,1412,0,1
1529626612.233081,0.24575,125,1,2
1522865358.958905,11.9887,1412,0,1
1522981563.931711,6.06691,1412,0,4
1522888894.556438,12.0647,1412,0,1
1522928715.533095,10.0915,1294,0,4
1529515408.016546,0.535778,1412,0,2
1522956053.181799,33.4814,1412,0,4
1522940256.151072,1.15661,74,1,4
1522853100.89091,1.83431,1412,0,1
1522928715.533551,10.0919,1294,0,4
1527850974.618269,13.0545,301,0,0
1522768773.308869,22.4775,1412,1,1
1522922669.738447,26.3529,1392,0,4
1522763862.436059,17.4126,1412,1,1
1529626612.192327,0.204996,1412,0,2
1529515408.054411,0.573643,125,1,2
1522763859.353314,14.3298,98,0,1
1522928753.426607,47.985,74,1,4
1522842702.277779,18.4867,1412,0,1
1522868694.056722,9.09888,1412,0,1
1522859388.032239,11.3734,1412,0,1
1527987739.156373,18.7518,101,1,0
1522853105.0081,5.9515,1412,0,1
1522922644.408023,1.02247,1392,0,4
1522853100.886371,1.82978,116,1,1
1522859388.545397,11.8866,1412,0,1
1522861277.080705,8.37182,1412,0,1
1522861277.108622,8.39974,1412,0,1
1529644963.980989,1.21908,1412,0,2
1527745327.024297,101.947,92,0,0
1522953995.170121,3.74259,1412,0,4
1522928723.097866,17.6562,74,1,4
1529644963.046941,0.285037,1412,0,2
1522768775.65184,24.8205,1412,1,1
1529554552.244286,0.694358,1412,0,2
1522981563.839546,5.97474,1412,0,4
1522853103.677175,4.62058,1412,0,1
1522943047.083077,0.655188,1412,0,4
1522940313.828372,58.8339,1294,0,4
1522853104.276242,5.21965,1412,0,1
1522868694.796743,9.8389,1412,0,1
1527745253.423484,28.3464,390,1,0
1522928706.117892,0.676275,1294,0,4
1529478747.738268,1.11466,1412,0,2
1522917972.786603,6.47094,1412,0,4
1522943047.021076,0.593187,1412,0,4
1529478747.785481,1.16187,1412,0,2
1522954044.760213,53.3327,1412,0,4
1522943096.415819,49.9879,1412,0,4
1522865358.596959,11.6268,1412,0,1
1522853102.330034,3.27344,1412,0,1
1522940302.922156,47.9277,1294,0,4
1522868693.932725,8.97488,1412,0,1
1527760514.116465,0.878149,1412,0,0
1522964042.851558,3.90719,1412,0,4
1522865358.773252,11.8031,1412,0,1
1522763853.973438,8.94996,1412,1,1
1522922655.920723,12.5352,476,0,4
1522763860.315577,15.2921,1412,1,1
1522928715.604464,10.1628,1294,0,4
1522928758.226054,52.7844,1294,0,4
1522954013.933658,22.5061,1412,0,4
1522865359.433306,12.4631,125,1,1
1522964075.53243,36.5881,1412,0,4
1522918720.184317,19.8223,1412,0,4
1529478746.879061,0.255453,1412,0,2
1527993579.63975,83.9869,325,1,0
1522928715.600215,10.1586,74,1,4
1522842702.740575,18.9495,104,1,1
1522886709.418628,20.6152,98,1,1
1522865358.263186,11.293,1412,0,1
1522886702.351524,13.5481,1412,0,1
1522888894.459762,11.968,1412,0,1
1522886699.702993,10.8996,114,1,1
1529634881.589979,1.18102,1412,0,2
1522861278.382612,9.67373,1412,0,1
1529645508.045533,1.85306,139,1,2
1522865359.074228,12.1041,125,1,1
1522928758.98616,53.5445,1294,0,4
1529564287.965062,2.89322,1412,0,2
1522768765.742479,14.9111,100,0,1
1522954034.579618,43.1521,1412,0,4
1522940255.567434,0.572971,1294,0,4
1522943046.551134,0.123245,1412,0,4
1522953995.183351,3.75582,930,0,4
1522928731.490886,26.0493,1294,0,4
1529554552.057272,0.507344,130,1,2
1522928715.583449,10.1418,1294,0,4
1522886703.933287,15.1299,101,1,1
1522953993.288239,1.86071,1412,0,4
1522886699.276189,10.4728,1412,0,1
1522940313.694278,58.6998,1294,0,4
1522922655.950683,12.5651,1392,0,4
1527987794.398967,73.9944,256,0,0
1529515407.74732,0.266552,1412,0,2
1522928705.613939,0.172322,74,1,4
1522654301.554767,0.463437,1294,0,3
1529478747.483323,0.859715,1412,0,2
1522922662.119772,18.7342,1392,0,4
1522943078.582695,32.1548,1412,0,4
1522763866.65152,21.628,1412,1,1
1522768773.115311,22.284,1412,1,1
1522922645.350092,1.96454,1392,0,4
1528085238.99009,75.2195,276,0,0
1522865358.517557,11.5474,1412,0,1
1529513491.692683,0.824607,1392,0,2
1522842694.319622,10.5285,1412,0,1
1522940303.41277,48.4183,74,1,4
1529645506.941726,0.749257,1412,0,2
1529644963.709603,0.947699,1412,0,2
1529554552.472603,0.922675,1412,0,2
1522842704.8041,21.013,1412,0,1
1529626612.310955,0.323624,1412,0,2
1529645506.976045,0.783576,1412,0,2
1522928744.438854,38.9972,1294,0,4
1527760610.49626,97.2579,92,0,0
1522768750.85621,0.0248721,109,0,1
1529515408.543169,1.0624,1412,0,2
1522943101.8052,55.3773,1412,0,4
1529564285.388166,0.316329,1412,0,2
1522940255.894043,0.89958,1294,0,4
1522768765.038487,14.2071,1412,1,1
1522953998.744171,7.31664,126,1,4
1522763865.734256,20.7108,98,0,1
1522954026.687158,35.2596,930,0,4
1522868694.141252,9.18341,1412,0,1
1522928753.158407,47.7168,1294,0,4
1522943047.093068,0.665179,1412,0,4
1522940314.400295,59.4058,1294,0,4
1522853103.52495,4.46835,1412,0,1
1522940294.356263,39.3618,74,1,4
1529554551.930144,0.380216,1412,0,2
1522928709.53979,4.09817,1294,0,4
1529634881.816562,1.4076,1412,0,2
1527745308.440961,83.3638,101,1,0
1522964099.387665,60.4433,1412,0,4
1529513491.356928,0.488852,1392,0,2
1522842703.22558,19.4345,117,1,1
1522956069.787753,50.0873,1412,0,4
1522865358.356461,11.3863,1412,0,1
1529564287.967014,2.89518,1412,0,2
1529554552.964701,1.41477,1412,0,2
1522928715.87271,10.4311,74,1,4
1522964095.255388,56.311,1412,0,4
1522768768.325426,17.4941,1412,1,1
1527850968.229744,6.66597,1412,0,0
1522928709.686123,4.24451,74,1,4
1522954003.093567,11.666,1412,0,4
1522928723.08091,17.6393,74,1,4
1522918752.925768,52.5638,1412,0,4
1522928747.956121,42.5145,1294,0,4
1529513491.3558,0.487724,1392,0,2
1522928722.981767,17.5401,1294,0,4
1522964082.989409,44.045,1412,0,4
1522763859.853928,14.8304,1412,1,1
1522981596.836566,38.9718,1412,0,4
1522964058.603823,19.6595,139,1,4
1529554551.92065,0.370722,1412,0,2
1522853101.822183,2.76559,1412,0,1
1529564286.666978,1.59514,1412,0,2
1522886713.208872,24.4054,101,1,1
1522918739.266823,38.9048,1412,0,4
1522918720.294675,19.9327,1412,0,4
1522940303.920453,48.926,1294,0,4
1529515408.042895,0.562127,1412,0,2
1522853103.743866,4.68727,1412,0,1
1522917966.571509,0.255848,1412,0,4
1522940275.259829,20.2654,74,1,4
1529515407.60923,0.128462,1145,0,2
1522964075.889199,36.9448,1412,0,4
1522954003.206446,11.7789,1412,0,4
1522763861.871482,16.848,114,0,1
1529626612.402962,0.415631,1412,0,2
1522964040.563275,1.6189,1412,0,4
1522716080.70775,8.18247,74,1,3
1522928706.141922,0.700305,74,1,4
1529644963.402111,0.640207,1412,0,2
1522940261.52843,6.53397,1294,0,4
1522865358.655607,11.6854,125,1,1
1529554552.48403,0.934102,1412,0,2
1529554551.77514,0.225212,1412,0,2
1522763864.196908,19.1734,98,0,1
1522888894.865467,12.3737,138,1,1
1522954044.789195,53.3617,1412,0,4
1522928731.707177,26.2656,1294,0,4
1529626612.871012,0.883681,1412,0,2
1522853105.224197,6.1676,1412,0,1
1522865358.749468,11.7793,1412,0,1
1522763854.99881,9.97533,1412,1,1
1522940313.149804,58.1553,1294,0,4
1529626612.856694,0.869363,1412,0,2
1529645507.183034,0.990565,1412,0,2
1522768764.99738,14.166,1412,1,1
1522859387.633858,10.975,100,1,1
1522886710.156625,21.3532,1412,0,1
1522956047.070985,27.3706,1412,0,4
1522853103.637701,4.58111,1412,0,1
1522940255.973046,0.978583,1294,0,4
1522922696.652547,53.267,1392,0,4
1522918720.238022,19.876,1412,0,4
1529634881.071814,0.662851,1412,0,2
1522888894.286046,11.7943,1412,0,1
1522868694.415561,9.45772,1412,0,1
1529478747.550361,0.926753,1412,0,2
1522928723.051416,17.6098,1294,0,4
1522943101.699164,55.2713,1412,0,4
1529644963.141775,0.379871,1412,0,2
1522953993.977285,2.54975,1412,0,4
1522954013.959659,22.5321,1412,0,4
1522886699.355991,10.5526,101,1,1
1522662272.472684,2.58178,104,0,3
1529564286.359772,1.28794,1412,0,2
1522954045.265221,53.8377,1412,0,4
1522956046.954722,27.2543,1412,0,4
1529515407.85289,0.372122,125,1,2
1529513491.346024,0.477948,1392,0,2
1522940304.016708,49.0222,74,1,4
1522940280.668203,25.6737,1294,0,4
1522918024.55109,58.2354,1412,0,4
1529644963.664152,0.902248,1412,0,2
1522943101.258166,54.8303,1412,0,4
1522842690.612346,6.82127,1412,0,1
1522918701.955575,1.59356,930,0,4
1529626612.668046,0.680715,1412,0,2
1529645507.786371,1.5939,1412,0,2
1529626612.887654,0.900323,1412,0,2
1522853103.036284,3.97969,1412,0,1
1529515408.737798,1.25703,1412,0,2
1522886710.510674,21.7072,101,1,1
1522853102.114028,3.05743,1412,0,1
1529513491.409781,0.541705,1392,0,2
1527850985.391256,23.8275,106,1,0
1522888894.232296,11.7406,1412,0,1
1522763857.547606,12.5241,1412,1,1
1522940280.585172,25.5907,74,1,4
1522954013.849419,22.4219,1412,0,4
1522940294.328842,39.3344,1294,0,4
1522918720.156357,19.7943,1412,0,4
1522981558.742035,0.877232,1412,0,4
1522940315.01437,60.0199,1294,0,4
1522888894.576259,12.0845,1412,0,1
1522940261.649369,6.65491,1294,0,4
1522928706.173894,0.732277,1294,0,4
1522763860.212365,15.1889,1412,1,1
1529564287.873888,2.80205,1412,0,2
1522943057.51363,11.0857,1412,0,4
1522940280.599875,25.6054,74,1,4
1522865358.777502,11.8073,1412,0,1
1529478746.99184,0.368232,1412,0,2
1522865359.005127,12.035,1412,0,1
1529554552.653634,1.10371,1412,0,2
1522922683.067241,39.6817,909,0,4
1522953992.044061,0.616531,100,1,4
1522922696.607569,53.222,1392,0,4
1522918024.578179,58.2625,1412,0,4
1527987772.303234,51.8987,326,0,0
1522868694.018507,9.06066,1412,0,1
1522859388.470164,11.8113,1412,0,1
1522859387.638398,10.9796,1412,0,1
1522956077.364798,57.6644,1412,0,4
1522940314.245985,59.2515,74,1,4
1522943063.117943,16.6901,1412,0,4
1522953992.115262,0.687732,1412,0,4
1522865359.175504,12.2053,1412,0,1
1527760526.100949,12.8626,1412,1,0
1522861277.613975,8.90509,1412,0,1
1522918702.330189,1.96817,1412,0,4
1522768763.349714,12.5184,1412,1,1
1527924656.784702,6.25005,249,1,0
1522918752.7178,52.3558,1412,0,4
1529554552.516633,0.966705,1412,0,2
1522853102.137783,3.08119,1412,0,1
1522940270.088927,15.0945,1294,0,4
1522868694.34592,9.38808,1412,0,1
1522943073.296213,26.8683,1412,0,4
1522964051.426734,12.4824,1412,0,4
1522928748.623317,43.1817,1294,0,4
1522859388.442173,11.7833,1412,0,1
1522768765.970746,15.1394,1412,1,1
1529541636.274969,0.757259,122,1,2
1522956077.622799,57.9224,1412,0,4
1522853099.716588,0.659993,1412,0,1
1522954026.722154,35.2946,1412,0,4
1522861278.52843,9.81955,125,1,1
1522842697.589089,13.798,1412,0,1
1522859388.174229,11.5154,1412,0,1
1527924718.928768,68.3941,283,0,0
1527993513.473396,17.8205,101,1,0
1529478747.615484,0.991876,1412,0,2
1529554552.080401,0.530473,1412,0,2
1522956031.454749,11.7543,1412,0,4
1522868693.655251,8.69741,1412,0,1
1529541635.938443,0.420733,1412,0,2
1522842694.209283,10.4182,1412,0,1
1522888894.430347,11.9386,1412,0,1
1522956038.848645,19.1482,945,0,4
1522954013.809079,22.3815,1412,0,4
1529644963.512468,0.750564,1412,0,2
1529554552.709693,1.15977,1412,0,2
1522768769.217941,18.3866,1412,1,1
1522886697.920511,9.11708,1412,0,1
1522956065.047872,45.3474,1412,0,4
1522940294.226795,39.2323,74,1,4
1522842697.652312,13.8612,107,1,1
1522928748.149235,42.7076,1294,0,4
1529644963.883902,1.122,1412,0,2
1522956038.890798,19.1904,1412,0,4
1527760586.730584,73.4923,262,1,0
1522842704.629511,20.8384,1412,0,1
1529644963.867345,1.10544,1412,0,2
1529626612.265993,0.278662,125,1,2
1529515408.403526,0.922758,125,1,2
1522940285.878144,30.8837,1294,0,4
1522886700.785435,11.982,1412,0,1
1528083069.312332,12.2371,1412,1,0
1522868693.45969,8.50185,1412,0,1
1529645507.798133,1.60566,126,1,2
1522868694.798781,9.84094,1412,0,1
1522868694.737363,9.77952,1412,0,1
1529645507.462919,1.27045,1412,0,2
1529564286.340101,1.26826,1412,0,2
1522868693.656814,8.69897,1412,0,1
1522853100.439506,1.38291,1412,0,1
1522768763.556754,12.7254,1412,1,1
1527987816.404179,95.9996,104,1,0
1529513491.805893,0.937817,1392,0,2
1522943046.948073,0.520184,1412,0,4
1522953992.64574,1.21821,1412,0,4
1522922643.958385,0.572832,1392,0,4
1522763859.183993,14.1605,1412,1,1
1522886699.063223,10.2598,1412,0,1
1522763856.022242,10.9988,98,0,1
1522940280.573672,25.5792,1294,0,4
1529541636.678018,1.16031,1412,0,2
1527791936.204075,14.7321,91,0,0
1522928738.997416,33.5558,1294,0,4
1527924677.180359,26.6457,258,1,0
1529515407.827897,0.347129,1412,0,2
1522865359.129151,12.159,1412,0,1
1522956047.056466,27.356,1412,0,4
1522954035.112472,43.6849,1412,0,4
1522859388.00078,11.3419,1412,0,1
1522853100.073584,1.01699,1412,0,1
1529564286.356006,1.28417,1412,0,2
1522853104.887028,5.83043,1412,0,1
1522956056.541376,36.8409,1412,0,4
1522888894.969539,12.4778,1412,0,1
1522922645.357109,1.97156,1392,0,4
1522715509.357177,5.34152,74,1,3
1522842697.844416,14.0533,1412,0,1
1522918016.081164,49.7655,1412,0,4
1522956038.845899,19.1455,1412,0,4
1522842697.519768,13.7287,1412,0,1
1527987774.294082,53.8895,397,1,0
1527987753.211388,32.8068,833,0,0
1522940261.68338,6.68892,1294,0,4
1522868693.350098,8.39225,1412,0,1
1522964058.654571,19.7102,126,1,4
1522918700.44348,0.081466,1412,0,4
1522842692.269961,8.47888,1412,0,1
1522859388.64615,11.9873,113,1,1
1522859387.712911,11.0541,1412,0,1
1529644963.043188,0.281284,1412,0,2
1522861277.475697,8.76681,1412,0,1
1522861277.498175,8.78929,1412,0,1
1529626612.484321,0.49699,1412,0,2
1529644964.099454,1.33755,1412,0,2
1522928715.461892,10.0203,1294,0,4
1522928731.497786,26.0562,1294,0,4
1522886698.996008,10.1926,101,1,1
1522842703.291853,19.5008,1412,0,1
1529644963.904932,1.14303,1412,0,2
1522928759.013447,53.5718,1294,0,4
1522918720.13956,19.7775,125,1,4
1522964063.997167,25.0528,1412,0,4
1522940263.747377,8.75291,1294,0,4
1529626612.835671,0.84834,1412,0,2
1529554552.05675,0.506822,1412,0,2
1529564286.327826,1.25599,1412,0,2
1522940285.926962,30.9325,1294,0,4
1529513491.811416,0.94334,910,0,2
1522865359.204914,12.2348,1412,0,1
1529644964.045363,1.28346,1412,0,2
1522928715.564284,10.1227,1294,0,4
1522886713.153813,24.3504,101,1,1
1527924688.005567,37.4709,261,1,0
1522928715.552842,10.1112,74,1,4
1522940261.582667,6.5882,1294,0,4
1529515408.419917,0.939149,1412,0,2
1522918752.962281,52.6003,1412,0,4
1522768762.655195,11.8239,103,0,1
1527993568.387329,72.7345,87,0,0
1527987778.539837,58.1353,396,1,0
1522654301.748919,0.657589,74,1,3
1529541636.073974,0.556264,1412,0,2
1522842710.988792,27.1977,1412,0,1
1522928723.001811,17.5602,1294,0,4
1522943082.722655,36.2948,1412,0,4
1529644963.184508,0.422604,126,1,2
1522940285.743031,30.7486,74,1,4
1522954013.870502,22.443,1412,0,4
1522928709.589319,4.1477,1294,0,4
1522768751.169319,0.337981,1412,0,1
1522768769.440533,18.6092,100,0,1
1522953994.800114,3.37258,1412,0,4
1522928744.210076,38.7685,1294,0,4
1522956069.358575,49.6581,1412,0,4
1529644962.859601,0.097697,1412,0,2
1522954045.287224,53.8597,1412,0,4
1522868694.254189,9.29634,1412,0,1
1522943046.770615,0.342726,1412,0,4
1522853102.736506,3.67991,119,1,1
1522940261.563192,6.56873,74,1,4
1527851005.165119,43.6013,92,0,0
1522954035.170163,43.7426,1412,0,4
1522865358.9164,11.9462,1412,0,1
1522853101.180334,2.12374,1412,0,1
1522853102.180394,3.1238,1412,0,1
1529554552.455039,0.905111,1412,0,2
1522940285.885801,30.8913,74,1,4
1522868693.728731,8.77089,1412,0,1
1522964058.725233,19.7809,1412,0,4
1529626612.504673,0.517342,1412,0,2
1527993604.558041,108.905,258,1,0
1522922692.351004,48.9655,1392,0,4
1529564287.101644,2.02981,1412,0,2
1522928723.021443,17.5798,74,1,4
1522886703.082593,14.2792,1412,0,1
1522861277.239428,8.53054,1412,0,1
1522940275.195041,20.2006,1294,0,4
1529634881.800657,1.39169,1412,0,2
1522956020.990566,1.29014,1412,0,4
1522954013.823638,22.3961,1412,0,4
1522886710.066606,21.2632,1412,0,1
1522861277.576038,8.86715,1412,0,1
1529564286.07738,1.00554,1412,0,2
1522647182.283794,0.437017,1294,1,3
1522956053.183796,33.4834,1412,0,4
1529645506.569793,0.377324,1412,0,2
1528085235.667742,71.8971,90,0,0
1522886704.67842,15.875,1412,0,1
1527741745.004879,27.1024,87,0,0
1528085270.27472,106.504,392,1,0
1522956065.993168,46.2927,173,0,4
1522964076.416468,37.4721,1412,0,4
1522940285.870486,30.876,1294,0,4
1522763860.704247,15.6808,1412,1,1
1522888894.520118,12.0284,1412,0,1
1529541636.528686,1.01098,1412,0,2
1522940261.567916,6.57345,1294,0,4
1522768772.211631,21.3803,1412,1,1
1522868694.451475,9.49363,1412,0,1
1529626612.177872,0.190541,1412,0,2
1529634881.775194,1.36623,1412,0,2
1529513491.963112,1.09504,1392,0,2
1522928738.949548,33.5079,74,1,4
1529515408.508229,1.02746,1412,0,2
1522853100.056331,0.999736,1412,0,1
1529634881.58345,1.17449,1412,0,2
1522861278.371071,9.66219,1412,0,1
1522981558.775675,0.910872,1412,0,4
1527987733.183223,12.7787,1412,1,0
1522842709.711931,25.9209,1412,0,1
1522940256.817191,1.82273,74,1,4
1522861278.028919,9.32003,1412,0,1
1522981612.730856,54.8661,1412,0,4
1522940280.619784,25.6253,1294,0,4
1522918752.747526,52.3855,116,1,4
1522842700.879438,17.0884,107,1,1
1522954035.206733,43.7792,1412,0,4
1522647189.340644,7.49387,635,1,3
1529513491.656568,0.788492,1392,0,2
1522954026.765087,35.3376,1412,0,4
1528085251.052723,87.2821,259,1,0
1522868694.299369,9.34152,1412,0,1
1529634880.705891,0.296928,1412,0,2
1522956056.500069,36.7996,125,1,4
1522853104.066649,5.01005,1412,0,1
1522928738.98926,33.5476,1294,0,4
1522886709.415586,20.6122,1412,0,1
1522918739.146937,38.7849,1412,0,4
1522943073.340268,26.9124,1412,0,4
1528083154.816611,97.7414,104,1,0
1522928723.126954,17.6853,1294,0,4
1522888894.953934,12.4622,1412,0,1
1522842703.800585,20.0095,1412,0,1
1522956025.976148,6.27572,1412,0,4
1522763856.57325,11.5498,1412,1,1
1522954013.846419,22.4189,1412,0,4
1522943101.492961,55.0651,1412,0,4
1522954003.172593,11.7451,1412,0,4
1529644963.743568,0.981664,1412,0,2
1522865358.309341,11.3392,1412,0,1
1522964058.571028,19.6267,1412,0,4
1529645506.909504,0.717035,126,1,2
1527987739.177711,18.7732,397,1,0
1529634881.955428,1.54646,1412,0,2
1522928715.873281,10.4317,1294,0,4
1522842694.876128,11.085,1412,0,1
1529513491.563436,0.69536,106,1,2
1522768767.192154,16.3608,97,0,1
1527993608.53417,112.881,258,1,0
1522917999.577884,33.2622,1412,0,4
1529644963.667953,0.906049,1412,0,2
1527924719.58472,69.0501,92,0,0
1522956026.047596,6.34717,1412,0,4
1522763864.349619,19.3261,1412,1,1
1522868694.174188,9.21634,1412,0,1
1529645506.751344,0.558875,125,1,2
1522918752.816468,52.4545,1412,0,4
1522853104.511667,5.45507,1412,0,1
1529554551.940969,0.391041,1412,0,2
1522768762.348871,11.5175,1412,1,1
1529515407.62161,0.140842,1412,0,2
1522861277.511074,8.80219,1412,0,1
1522956068.192058,48.4916,1412,0,4
1522888894.289939,11.7982,1412,0,1
1522853103.884478,4.82788,1412,0,1
1522886703.399241,14.5958,101,1,1
1527745315.279907,90.2028,92,0,0
1529513491.964872,1.0968,1392,0,2
1522953994.44532,3.01779,1412,0,4
1522886712.132747,23.3293,1412,0,1
1522859388.611071,11.9522,117,1,1
1527924662.814119,12.2795,109,1,0
1529554552.633402,1.08347,1412,0,2
1522768772.185723,21.3544,1412,1,1
1522943078.552466,32.1246,1412,0,4
1522953994.460317,3.03279,1412,0,4
1522842703.095197,19.3041,1412,0,1
1522859387.875809,11.217,1412,0,1
1529554552.914933,1.36501,1412,0,2
1527745226.136592,1.05947,100,1,0
1522953992.124158,0.696628,1412,0,4
1522928709.611853,4.17024,1294,0,4
1522954026.727308,35.2998,126,1,4
1522940255.941022,0.946559,1294,0,4
1522928729.222384,23.7808,74,1,4
1522943062.978659,16.5508,1412,0,4
1522964051.362553,12.4182,1412,0,4
1522842706.418268,22.6272,1412,0,1
1522922669.612015,26.2265,1392,0,4
1529541636.520327,1.00262,1412,0,2
1522928731.678171,26.2366,1294,0,4
1522763852.762882,7.7394,1412,0,1
1529541636.171773,0.654063,1412,0,2
1522859388.789184,12.1304,1412,0,1
1522956077.409972,57.7095,1412,0,4
1529554552.51179,0.961862,1412,0,2
1522928747.739441,42.2978,1294,0,4
1522953992.09693,0.6694,124,1,4
1522842690.652756,6.86168,1412,0,1
1522859388.452758,11.7939,1412,0,1
1522861277.998002,9.28912,1412,0,1
1522940256.820122,1.82566,74,1,4
1522918708.65271,8.2907,1412,0,4
1522981572.244978,14.3802,1412,0,4
1529478747.256694,0.633086,1412,0,2
1522940280.606276,25.6118,1294,0,4
1522888894.413852,11.9221,1412,0,1
1522922683.189762,39.8042,1392,0,4
1522981572.073498,14.2087,125,1,4
1522768766.956523,16.1252,1412,1,1
1527760590.632971,77.3947,386,1,0
1522964075.735386,36.791,1412,0,4
1522943082.705114,36.2772,1412,0,4
1529513491.810465,0.942389,1392,0,2
1522861277.409836,8.70095,1412,0,1
1522886701.791428,12.988,1412,0,1
1522861277.993464,9.28458,1412,0,1
1522662270.37889,0.487991,1294,0,3
1522886702.437001,13.6336,1412,0,1
1522964051.283832,12.3395,1412,0,4
1529645508.166558,1.97409,1412,0,2
1522861278.179624,9.47074,1412,0,1
1522956020.95395,1.25352,1412,0,4
1529564286.310057,1.23822,126,1,2
1522918719.151061,18.789,1412,0,4
1522886698.965005,10.1616,101,1,1
1522842696.801107,13.01,1412,0,1
1522928717.706396,12.2648,74,1,4
1529513491.313815,0.445739,1392,0,2
1522981606.73657,48.8718,162,1,4
1528083129.137228,72.062,258,1,0
1522956065.495282,45.7949,1412,0,4
1522922645.346074,1.96052,1392,0,4
1522940285.795056,30.8006,1294,0,4
1522763865.028887,20.0054,1412,1,1
1522886705.109451,16.306,1412,0,1
1529554552.832012,1.28208,1412,0,2
1529554552.590756,1.04083,107,1,2
1529554552.938724,1.3888,1412,0,2
1529515407.759369,0.278601,1412,0,2
1522842704.943335,21.1523,1412,0,1
1522842707.125252,23.3342,1412,0,1
1529564285.88707,0.815233,1412,0,2
1522868694.396992,9.43915,1362,0,1
1522940294.308888,39.3144,74,1,4
1522940280.520459,25.526,1294,0,4
1527760517.125431,3.88712,445,0,0
1522842698.166224,14.3751,107,1,1
1522861277.420888,8.712,1412,0,1
1522940261.678601,6.68414,1294,0,4
1522635948.590293,7.52603,1294,0,3
1522865358.504202,11.534,125,1,1
1522768765.30856,14.4772,100,0,1
1522943046.795092,0.367203,1412,0,4
1527993585.418784,89.7659,226,0,0
1529541636.26155,0.74384,1412,0,2
1522886704.622864,15.8194,1412,0,1
1522918733.894391,33.5324,1412,0,4
1522842704.773685,20.9826,104,1,1
1522954003.097809,11.6703,1412,0,4
1522886701.578705,12.7753,1412,0,1
1522888893.952373,11.4607,1412,0,1
1522853104.900012,5.84342,1412,0,1
1522842691.203833,7.41275,119,1,1
1527924662.62935,12.0947,1412,1,0
1522956077.265779,57.5653,1412,0,4
1522842699.077364,15.2863,104,1,1
1522886704.209022,15.4056,1412,0,1
1522859388.391108,11.7323,1412,0,1
1529515408.498181,1.01741,1412,0,2
1522842710.422974,26.6319,1412,0,1
1522928759.012782,53.5712,1294,0,4
1522956056.415668,36.7152,1412,0,4
1522928706.206468,0.764851,1294,0,4
1522943082.797324,36.3694,1412,0,4
1529554551.717702,0.167774,1412,0,2
1522943106.257805,59.8299,1412,0,4
1522940280.617387,25.6229,74,1,4
1522940261.651378,6.65691,1294,0,4
1522861278.255538,9.54665,1412,0,1
1522940280.581457,25.587,1294,0,4
1522842704.21095,20.4199,1412,0,1
1522928715.455296,10.0137,1294,0,4
1527987722.398996,1.99444,429,0,0
1527745305.702661,80.6255,87,0,0
1522940294.389551,39.3951,74,1,4
1522928739.031874,33.5903,74,1,4
1522918752.862908,52.5009,159,1,4
1522928731.723402,26.2818,74,1,4
1522918752.82779,52.4658,1412,0,4
1522956021.011709,1.31128,126,1,4
1522922683.263368,39.8778,106,1,4
1529515408.210536,0.729768,1412,0,2
1527745304.963961,79.8868,259,1,0
1527993553.188647,57.5358,104,1,0
1522861277.060448,8.35156,1412,0,1
1529515408.564264,1.0835,1412,0,2
1529626612.401751,0.41442,1412,0,2
1529478747.004424,0.380816,126,1,2
1527741820.385846,102.483,235,0,0
1522943101.630285,55.2024,441,1,4
1522981606.182576,48.3178,150,1,4
1522716080.424033,7.89875,74,1,3
1522956065.3358,45.6354,1412,0,4
1522859388.278442,11.6196,1412,0,1
1522928753.364623,47.923,74,1,4
1522868693.59225,8.63441,1412,0,1
1522943046.941558,0.513669,1412,0,4
1522954045.240238,53.8127,1412,0,4
1522842693.177858,9.38678,1412,0,1
1522842700.674803,16.8837,1412,0,1
1529564285.88678,0.814943,1412,0,2
1522888894.063615,11.5719,1412,0,1
1522956020.940558,1.24013,1412,0,4
1527987776.527116,56.1226,1412,1,0
1522956047.015492,27.3151,1412,0,4
1522943046.55492,0.127031,1412,0,4
1527987773.431522,53.027,87,0,0
1527851023.241677,61.6779,395,1,0
1522981563.97464,6.10984,947,0,4
1522928738.966534,33.5249,74,1,4
1522918719.164548,18.8025,1412,0,4
1529554552.379212,0.829284,126,1,2
1529513492.11346,1.24538,1392,0,2
1527993522.561054,26.9082,580,1,0
1529478747.633226,1.00962,1412,0,2
1529644963.356225,0.594321,1412,0,2
1522940280.614467,25.62,1294,0,4
1522956038.978316,19.2779,1412,0,4
1522865358.597027,11.6269,1412,0,1
1522964051.501892,12.5575,1412,0,4
1522956065.542412,45.842,1412,0,4
1522886703.85125,15.0478,1412,0,1
1522954013.933432,22.5059,1412,0,4
1522956028.215973,8.51554,1412,0,4
1522928705.607063,0.165446,1294,0,4
1522956031.481467,11.781,1412,0,4
1522964058.679885,19.7355,1412,0,4
1529554552.638199,1.08827,125,1,2
1522940280.625267,25.6308,1294,0,4
1529644963.410441,0.648537,1412,0,2
1522928744.358256,38.9166,1294,0,4
1529644963.701555,0.939651,1412,0,2
1529554551.926527,0.376599,1412,0,2
1522954013.867815,22.4403,1412,0,4
1522964040.757273,1.8129,1412,0,4
1522940270.069368,15.0749,1294,0,4
1529634881.373335,0.964372,1412,0,2
1522981572.162285,14.2975,1412,0,4
1529513491.666658,0.798582,1392,0,2
1522940261.617853,6.62339,1294,0,4
1522886704.253388,15.45,1412,0,1
1529554552.747815,1.19789,1412,0,2
1522922683.279744,39.8942,106,1,4
1522861278.48275,9.77386,1412,0,1
1522859388.19546,11.5366,1412,0,1
1522886700.019527,11.2161,1412,0,1
1522865358.857508,11.8873,1412,0,1
1522865358.975465,12.0053,1412,0,1
1522853102.357646,3.30105,1412,0,1
1522861278.353658,9.64477,1412,0,1
1522981606.627519,48.7627,156,1,4
1522940270.010851,15.0164,1294,0,4
1522964076.342229,37.3979,1412,0,4
1522868693.91307,8.95522,125,1,1
1529513491.482294,0.614218,1392,0,2
1522922655.955801,12.5702,1392,0,4
1522842707.443513,23.6524,1412,0,1
1529515408.021171,0.540403,1412,0,2
1522859387.742871,11.084,125,1,1
1529541636.031023,0.513313,1412,0,2
1522940275.180723,20.1863,74,1,4
1522859388.490396,11.8316,1412,0,1
1522922644.475029,1.08948,1392,0,4
1522928759.214161,53.7725,74,1,4
1527993605.072874,109.42,92,0,0
1522886705.174171,16.3707,1412,0,1
1529645507.982377,1.78991,1412,0,2
1522954035.059124,43.6316,1412,0,4
1522940256.151054,1.15659,1294,0,4
1522940314.578712,59.5842,74,1,4
1522744995.249368,4.69892,198,1,3
1522940314.04191,59.0474,1294,0,4
1529554551.730515,0.180587,1412,0,2
1522842696.053653,12.2626,1412,0,1
1522943100.832839,54.4049,1412,0,4
1522956056.51468,36.8142,1412,0,4
1527760515.149178,1.91086,781,0,0
1522842695.215661,11.4246,1412,0,1
1529515408.060518,0.57975,1412,0,2
1522853100.917101,1.86051,1412,0,1
1522943062.989125,16.5612,125,1,4
1522981605.909687,48.0449,1412,0,4
1529644963.995765,1.23386,1412,0,2
1522940302.578107,47.5836,74,1,4
1522763859.932654,14.9092,1412,1,1
1529564285.817721,0.745884,1412,0,2
1522940275.235636,20.2412,1294,0,4
1522763857.083387,12.0599,1412,1,1
1522954014.222551,22.795,1412,0,4
1529564286.060159,0.988322,1412,0,2
1522861277.814636,9.10575,1412,0,1
1522940285.922906,30.9284,74,1,4
1522940275.249684,20.2552,74,1,4
1522886707.552696,18.7493,1412,0,1
1522868693.824685,8.86684,1412,0,1
1522943057.611775,11.1839,1412,0,4
1527987827.413697,107.009,255,0,0
1522888894.358519,11.8668,1412,0,1
1529644963.509218,0.747314,1412,0,2
1529634881.578618,1.16966,117,1,2
1522928709.547437,4.10582,1294,0,4
1522940256.166052,1.17159,1294,0,4
1522940313.67137,58.6769,1294,0,4
1522886699.945012,11.1416,101,1,1
1522853104.379607,5.32301,1412,0,1
1529554552.191239,0.641311,1412,0,2
1522768770.404068,19.5727,1412,1,1
1522943096.320992,49.8931,101,1,4
1522928723.10486,17.6632,1294,0,4
1529478747.414819,0.791211,1412,0,2
1522928753.414932,47.9733,1294,0,4
1522956069.354885,49.6545,1412,0,4
1522922692.357925,48.9724,1392,0,4
1522943082.70139,36.2735,1412,0,4
1522981563.920724,6.05592,1412,0,4
1527741782.956331,65.0538,256,1,0
1522842707.285731,23.4947,1412,0,1
1522853105.139589,6.08299,125,1,1
1522853100.728165,1.67157,1412,0,1
1529564286.706723,1.63489,1412,0,2
1522868694.868693,9.91085,1412,0,1
1522943057.442519,11.0146,125,1,4
1522768769.017859,18.1865,97,0,1
1522928739.11143,33.6698,86,1,4
1527924674.946355,24.4117,90,0,0
1522964083.506738,44.5624,1412,0,4
1529626612.337677,0.350346,125,1,2
1529478747.858523,1.23491,1412,0,2
1522943106.776109,60.3482,1412,0,4
1529564286.389501,1.31766,1412,0,2
1522715511.378419,7.36276,112,1,3
1529634881.080493,0.67153,1412,0,2
1522953995.194553,3.76702,1412,0,4
1522956031.444818,11.7444,1412,0,4
1522768774.549328,23.718,1412,1,1
1522861277.093545,8.38466,1412,0,1
1522940256.816095,1.82163,1294,0,4
1522868694.157537,9.19969,1412,0,1
1522886708.908575,20.1051,101,1,1
1522842702.245884,18.4548,1412,0,1
1522956038.958589,19.2582,1412,0,4
1522956046.979913,27.2795,1412,0,4
1527760598.635932,85.3976,87,0,0
1522956056.462793,36.7624,1412,0,4
1522928748.022958,42.5813,1294,0,4
1522768762.815674,11.9843,1412,1,1
1529634881.1297,0.720737,1412,0,2
1522842710.388611,26.5975,1412,0,1
1522868693.780591,8.82275,1412,0,1
1522888894.26287,11.7712,1412,0,1
1522928731.703098,26.2615,74,1,4
1522886704.055207,15.2518,101,1,1
1522940303.60405,48.6096,1294,0,4
1529554551.998561,0.448633,1412,0,2
1522956021.053591,1.35316,1412,0,4
1529541636.265863,0.748153,1412,0,2
1522940274.244921,19.2505,1294,0,4
1522953998.754266,7.32674,1412,0,4
1522868694.050163,9.09232,1412,0,1
1522953992.116497,0.688967,1412,0,4
1529513491.398244,0.530168,1392,0,2
1527993513.933683,18.2808,92,0,0
1522886699.223197,10.4198,1412,0,1
1522865359.051731,12.0816,1412,0,1
1522865358.318825,11.3487,1412,0,1
1522943101.196162,54.7683,1412,0,4
1529645507.732042,1.53957,125,1,2
1529478747.731914,1.10831,1412,0,2
1522922683.258035,39.8725,1392,0,4
1529564287.77816,2.70632,1412,0,2
1522713577.512569,5.10916,74,1,3
1522861278.363844,9.65496,1412,0,1
1529513491.990557,1.12248,1392,0,2
1529626612.377882,0.390551,1412,0,2
1522940285.85242,30.858,1294,0,4
1522853099.875867,0.819272,1412,0,1
1527741721.417172,3.51469,121,1,0
1522953994.778495,3.35097,1412,0,4
1522868694.490653,9.53281,1412,0,1
1522981596.8097,38.9449,1412,0,4
1529513491.675964,0.807888,1392,0,2
1522654301.560343,0.469013,1294,0,3
1529644964.117795,1.35589,1412,0,2
1529554552.308948,0.75902,1412,0,2
1522886702.135858,13.3324,1412,0,1
1522953994.733333,3.3058,1412,0,4
1522954045.24022,53.8127,1412,0,4
1522763859.463932,14.4404,101,0,1
1522853103.18059,4.12399,1412,0,1
1529644963.485012,0.723108,1412,0,2
1522853104.984424,5.92783,1412,0,1
1528085233.401165,69.6305,104,1,0
1522868694.756042,9.7982,1412,0,1
1529644963.642357,0.880453,1412,0,2
1522964051.427058,12.4827,1412,0,4
1522886704.887992,16.0846,1412,0,1
1529513492.020447,1.15237,1392,0,2
1522981572.274574,14.4098,1412,0,4
1522943107.336785,60.9089,1412,0,4
1522865358.740338,11.7702,1412,0,1
1529644963.038338,0.276434,125,1,2
1522868693.673728,8.71588,1412,0,1
1528083069.369205,12.294,1412,1,0
1522768773.891325,23.06,1412,1,1
1522922662.126262,18.7407,1392,0,4
1529554552.013159,0.463231,1412,0,2
1522922662.11552,18.73,1392,0,4
1522865358.149468,11.1793,1412,0,1
1522842702.364548,18.5735,1412,0,1
1522842692.235585,8.44451,1412,0,1
1527745312.488853,87.4117,148,0,0
1522953994.479315,3.05178,1412,0,4
1522768775.781038,24.9497,1412,1,1
1522940280.675831,25.6814,74,1,4
1522928706.053889,0.612272,1294,0,4
1522922669.64044,26.2549,1392,0,4
1522768772.468906,21.6376,103,0,1
1522922655.942772,12.5572,928,0,4
1529564287.957795,2.88596,1412,0,2
1527760608.069157,94.8308,87,0,0
1522928709.608949,4.16733,1294,0,4
1529626612.911225,0.923894,126,1,2
1522953992.084892,0.657362,100,1,4
1522956069.748097,50.0477,1412,0,4
1522964083.9731,45.0287,1412,0,4
1522842700.88044,17.0894,1412,0,1
1522886708.024782,19.2213,1412,0,1
1522888894.189595,11.6979,1412,0,1
1527741721.817859,3.91538,87,0,0
1522842703.821361,20.0303,1412,0,1
1522956056.537794,36.8374,1412,0,4
1529554552.64096,1.09103,1412,0,2
1522886702.407989,13.6046,1412,0,1
1522859388.472733,11.8139,1412,0,1
1522868693.538891,8.58105,1412,0,1
1522868693.757555,8.79971,1412,0,1
1522865359.502188,12.532,1412,0,1
1522886699.653334,10.8499,1412,0,1
1522943082.76569,36.3378,1412,0,4
1522888894.859296,12.3676,1412,0,1
1522859388.337064,11.6782,1412,0,1
1522981606.509562,48.6448,1412,0,4
1522853100.355598,1.299,1412,0,1
1522956070.018953,50.3185,1412,0,4
1529626612.820571,0.83324,1412,0,2
1522763859.981382,14.9579,1412,1,1
1522956056.479983,36.7796,1412,0,4
1522886703.699624,14.8962,1412,0,1
1522861277.280842,8.57196,1412,0,1
1522763857.812209,12.7887,1412,1,1
1522861277.307745,8.59886,1412,0,1
1522964099.693964,60.7496,1412,0,4
1529644963.015768,0.253864,1412,0,2
1529515407.770142,0.289374,125,1,2
1529478747.634609,1.011,1412,0,2
1522981572.083633,14.2188,1412,0,4
1529478747.761814,1.13821,1412,0,2
1522940270.000941,15.0065,1294,0,4
1522886709.445802,20.6424,1412,0,1
1522928706.087899,0.646282,1294,0,4
1528083172.17776,115.103,148,0,0
1522981572.242841,14.378,126,1,4
1522868693.429771,8.47193,1412,0,1
1527792017.922212,96.4503,263,1,0
1522956038.787518,19.0871,1412,0,4
1529644963.102444,0.34054,1412,0,2
1522861277.648232,8.93935,1412,0,1
1522953995.216355,3.78883,1412,0,4
1522888894.482519,11.9908,1412,0,1
1522956070.024171,50.3237,1412,0,4
1522865358.479615,11.5095,1412,0,1
1522956038.660876,18.9604,1412,0,4
1522964051.443563,12.4992,1412,0,4
1522922645.366942,1.98139,1392,0,4
1522981572.173398,14.3086,1412,0,4
1522865358.404429,11.4343,1412,0,1
1522918739.208128,38.8461,1412,0,4
1522859388.829834,12.171,1412,0,1
1522888894.865968,12.3742,1412,0,1
1522859388.754356,12.0955,1412,0,1
1522964094.965141,56.0208,1412,0,4
1522956025.961772,6.26134,1412,0,4
1522886704.236294,15.4329,1412,0,1
1522981563.878991,6.01419,1412,0,4
1527924738.222231,87.6876,259,1,0
1522964040.746286,1.80191,1412,0,4
1522928709.763372,4.32175,1294,0,4
1522928748.324835,42.8832,1294,0,4
1522842692.871096,9.08002,1412,0,1
1527745237.761965,12.6848,674,0,0
1522865359.485009,12.5148,1412,0,1
1522888894.60112,12.1094,1412,0,1
1522868693.367588,8.40974,1412,0,1
1522918739.16076,38.7987,1412,0,4
1522964075.325302,36.3809,119,1,4
1522928752.820144,47.3785,1294,0,4
1529634881.13973,0.730767,1412,0,2
1529513490.980092,0.112016,80,1,2
1522868694.677747,9.7199,1412,0,1
1522940288.988158,33.9937,74,1,4
1522842700.236558,16.4455,1412,0,1
1522956038.69271,18.9923,1412,0,4
1522763855.398064,10.3746,101,0,1
1522865359.396137,12.426,1412,0,1
1522943073.306685,26.8788,1412,0,4
1527987746.58652,26.182,87,0,0
1529644963.738421,0.976517,1412,0,2
1522853104.266063,5.20947,1412,0,1
1522886711.914747,23.1113,101,1,1
1529554552.742467,1.19254,1412,0,2
1522981572.203833,14.339,126,1,4
1522940315.053782,60.0593,1294,0,4
1522763861.823692,16.8002,98,0,1
1522964063.985179,25.0408,1412,0,4
1522981572.147143,14.2823,1412,0,4
1522917967.032957,0.717296,1412,0,4
1522842709.732597,25.9415,1412,0,1
1527745336.903393,111.826,261,1,0
1529564286.347613,1.27578,1412,0,2
1522865359.249594,12.2794,1412,0,1
1522763860.472649,15.4492,1412,1,1
1522940285.913759,30.9193,1294,0,4
1529645506.881287,0.688818,1412,0,2
1529513491.961929,1.09385,1392,0,2
1522768765.007785,14.1764,1412,1,1
1522727179.909424,6.67399,1294,0,3
1529554552.235702,0.685774,1412,0,2
1529515407.838245,0.357477,1412,0,2
1529478747.630099,1.00649,1412,0,2
1529513491.888649,1.02057,1392,0,2
1522953993.987289,2.55976,1412,0,4
1528085190.094666,26.324,236,0,0
1528083160.491161,103.416,391,1,0
1522859388.413524,11.7547,1412,0,1
1522964075.863737,36.9194,1412,0,4
1522928715.540899,10.0993,1294,0,4
1522865358.990339,12.0202,1412,0,1
1522964063.975536,25.0312,1412,0,4
1522964043.012096,4.06772,1412,0,4
1529626612.416567,0.429236,1412,0,2
1522943047.008069,0.58018,1412,0,4
1522922644.408029,1.02248,1392,0,4
1522861277.125328,8.41644,125,1,1
1522635949.268616,8.20435,74,1,3
1522940255.890041,0.895578,1294,0,4
1527791935.657709,14.1858,100,1,0
1522940280.59328,25.5988,74,1,4
1522842693.572006,9.78093,1412,0,1
1522956021.069107,1.36868,1412,0,4
1522842695.680285,11.8892,1412,0,1
1522940285.913771,30.9193,1294,0,4
1522853100.413354,1.35676,113,1,1
1522861277.850199,9.14131,1412,0,1
1522888894.151422,11.6597,1412,0,1
1522964064.058209,25.1138,1412,0,4
1522886702.503155,13.6997,101,1,1
1522868694.420303,9.46246,1412,0,1
1522956020.491543,0.791113,1412,0,4
1522953995.184359,3.75683,1412,0,4
1529645507.112426,0.919957,1412,0,2
1522928731.668227,26.2266,1294,0,4
1522953998.730195,7.30266,1412,0,4
1522928753.082246,47.6406,1294,0,4
1522868693.577955,8.62011,1412,0,1
1529515408.167252,0.686484,1412,0,2
1522865358.110765,11.1406,1412,0,1
1527745269.761361,44.6842,156,0,0
1522928706.019821,0.578204,74,1,4
1522964075.969024,37.0247,1412,0,4
1522956020.950324,1.24989,1412,0,4
1522953994.766333,3.3388,1412,0,4
1522940274.247086,19.2526,1294,0,4
1522886703.609414,14.806,1412,0,1
1522865358.28583,11.3157,1412,0,1
1529554552.312764,0.762836,1412,0,2
1529541636.177772,0.660062,930,0,2
1522868693.576118,8.61827,1412,0,1
1522953994.470976,3.04345,1412,0,4
1522953998.65255,7.22502,1412,0,4
1522865358.636636,11.6665,1412,0,1
1522956069.211465,49.511,1412,0,4
1522964051.413664,12.4693,1412,0,4
1529634881.091825,0.682862,1412,0,2
1522886701.79308,12.9896,1412,0,1
1522954035.190944,43.7634,126,1,4
1522940280.576209,25.5817,1294,0,4
1522981606.20925,48.3444,1412,0,4
1522763862.833471,17.81,1412,1,1
1529554552.322715,0.772787,1412,0,2
1522853105.400725,6.34413,1412,0,1
1522956020.526542,0.826112,1412,0,4
1529626612.985001,0.99767,1412,0,2
1529645507.167848,0.975379,1412,0,2
1522922669.669216,26.2837,1392,0,4
1522964099.062249,60.1179,1412,0,4
1522918720.185556,19.8235,1412,0,4
1522853100.273757,1.21716,1412,0,1
1529564287.914991,2.84315,1412,0,2
1522865358.252197,11.282,126,1,1
1522922655.9481,12.5625,1392,0,4
1522763857.982201,12.9587,98,0,1
1529564285.824169,0.752332,1412,0,2
1522964040.781287,1.83692,1412,0,4
1522954003.237663,11.8101,126,1,4
1522853100.790182,1.73359,1412,0,1
1522861277.270752,8.56187,1412,0,1
1522888894.237854,11.7461,125,1,1
1522886703.087747,14.2843,1412,0,1
1522868693.93296,8.97512,1412,0,1
1522853105.021534,5.96494,1412,0,1
1522868693.818663,8.86082,126,1,1
1522859388.498729,11.8399,1412,0,1
1522953993.988634,2.5611,1412,0,4
1529515407.927089,0.446321,1412,0,2
1522888894.144826,11.6531,1412,0,1
1522868694.643351,9.68551,1412,0,1
1522865358.209262,11.2391,1412,0,1
1522918708.648376,8.28636,1412,0,4
1529564285.803691,0.731854,1412,0,2
1522886709.055197,20.2518,1412,0,1
1522768764.320149,13.4888,100,0,1
1522868693.75463,8.79679,1412,0,1
1529513491.185621,0.317545,1392,0,2
1529554552.162869,0.612941,1412,0,2
1529564287.102287,2.03045,125,1,2
1522647183.01172,1.16494,74,1,3
1522943073.286829,26.8589,125,1,4
1522763863.425073,18.4016,1412,1,1
1522943073.243975,26.8161,1412,0,4
1522981563.817025,5.95222,1412,0,4
1527745239.757322,14.6802,97,1,0
1522940261.535494,6.54103,74,1,4
1529626612.855977,0.868646,126,1,2
1522928731.66188,26.2203,1294,0,4
1522964058.570595,19.6262,1412,0,4
1522917969.39308,3.07742,1412,0,4
1522956026.06555,6.36512,1412,0,4
1522964058.621797,19.6774,126,1,4
1522943078.580863,32.153,1412,0,4
1522940304.195402,49.2009,1294,0,4
1527760582.578478,69.3402,98,1,0
1522981596.824863,38.9601,1412,0,4
1522865358.845812,11.8757,1412,0,1
1522763853.515359,8.49188,1412,1,1
1522943052.240381,5.81249,1412,0,4
1522768770.886209,20.0549,1412,1,1
1522953998.644126,7.2166,1412,0,4
1522853103.968498,4.9119,1412,0,1
1522868694.316944,9.3591,1412,0,1
1522956031.543248,11.8428,1412,0,4
1522953994.417326,2.9898,455,0,4
1522954035.060646,43.6331,1412,0,4
1522886701.035069,12.2316,101,1,1
1522954035.222355,43.7948,126,1,4
1522956046.944736,27.2443,832,0,4
1522940303.267156,48.2727,74,1,4
1522956056.545137,36.8447,126,1,4
1522886709.065444,20.262,1412,0,1
1522940270.054337,15.0599,1294,0,4
1522859388.159342,11.5005,1412,0,1
1527850977.366328,15.8026,256,0,0
1522981558.265708,0.400905,930,0,4
1522886711.183186,22.3798,1412,0,1
1528085258.97407,95.2034,259,1,0
1529515408.166776,0.686008,1412,0,2
1522853102.53663,3.48003,1412,0,1
1522954013.819426,22.3919,1412,0,4
1522964099.547733,60.6034,1412,0,4
1522922696.684164,53.2986,1392,0,4
1522940303.091737,48.0973,1294,0,4
1522964075.366678,36.4223,1412,0,4
1522928731.575456,26.1338,1294,0,4
1529513491.691362,0.823286,1392,0,2
1522842695.690666,11.8996,1412,0,1
1522981563.945975,6.08117,1412,0,4
1529513491.634086,0.76601,408,0,2
1522763860.836796,15.8133,1412,1,1
1522853103.405544,4.34895,1412,0,1
1527924709.118639,58.584,148,0,0
1529644963.81337,1.05147,1412,0,2
1522886709.203555,20.4001,1412,0,1
1522853100.903294,1.8467,1412,0,1
1529644962.877923,0.116019,100,1,2
1522928706.140317,0.6987,74,1,4
1529634881.76486,1.3559,1412,0,2
1522768771.351454,20.5201,97,0,1
1529644963.109704,0.3478,930,0,2
1529634881.33635,0.927387,1412,0,2
1522964099.529683,60.5853,113,1,4
1527924701.742072,51.2074,87,0,0
1522853102.401463,3.34487,125,1,1
1522954035.154351,43.7268,1412,0,4
1528083137.670487,80.5953,107,1,0
1522853105.135161,6.07857,1412,0,1
1522956047.008951,27.3085,1412,0,4
1522918720.309079,19.9471,1412,0,4
1529644964.104846,1.34294,1412,0,2
1529541635.905517,0.387807,1412,0,2
1522943073.30447,26.8766,1412,0,4
1522940274.241818,19.2474,74,1,4
1522886699.710654,10.9072,1412,0,1
1522922644.454042,1.06849,1392,0,4
1522954013.89842,22.4709,1412,0,4
1522768764.926221,14.0949,1412,1,1
1522861278.343099,9.63421,1412,0,1
1529541636.416395,0.898685,1412,0,2
1522928729.340102,23.8985,1294,0,4
1522861278.3361,9.62722,1412,0,1
1522964051.345261,12.4009,1412,0,4
1527987797.712786,77.3082,148,0,0
1522956020.647874,0.947444,125,1,4
1522727178.377243,5.14181,74,0,3
1529644963.199099,0.437195,1412,0,2
1522964042.826404,3.88203,1412,0,4
1522886706.053844,17.2504,1412,0,1
1522768768.282935,17.4516,1412,1,1
1529554552.236714,0.686786,1412,0,2
1522886704.105783,15.3023,1412,0,1
1522868693.729047,8.7712,1412,0,1
1529645506.358895,0.166426,1412,0,2
1522943073.363847,26.936,1412,0,4
1522922655.984891,12.5993,1392,0,4
1522716072.559548,0.0342698,112,1,3
1529513492.149523,1.28145,1392,0,2
1529515408.201086,0.720318,1412,0,2
1522868694.774661,9.81682,1412,0,1
1529541636.222785,0.705075,1412,0,2
1522886711.922075,23.1186,1412,0,1
1522727179.506817,6.27139,74,1,3
1522964083.034553,44.0902,1412,0,4
1522868693.498787,8.54094,1412,0,1
1522943052.371644,5.94375,1412,0,4
1522922696.680597,53.295,106,1,4
1529478747.20992,0.586312,1412,0,2
1527851042.413457,80.8497,148,0,0
1522768769.943603,19.1123,1412,1,1
1522917999.561371,33.2457,1412,0,4
1522868693.966239,9.00839,1412,0,1
1522964099.913089,60.9687,1412,0,4
1527993507.602013,11.9491,101,1,0
1522715511.309069,7.29341,1294,0,3
1527993579.619765,83.9669,975,1,0
1527745286.996262,61.9191,1412,1,0
1522964042.858986,3.91461,126,1,4
1522868694.127133,9.16929,1412,0,1
1522865358.059597,11.0894,1412,0,1
1522763853.821917,8.79843,117,0,1
1522886704.172237,15.3688,101,1,1
1529554551.646222,0.0962942,1412,0,2
1522940280.51945,25.525,1294,0,4
1522940304.185674,49.1912,1294,0,4
1529644964.319393,1.55749,1412,0,2
1522928752.951583,47.51,74,1,4
1522886705.316187,16.5128,1412,0,1
1522981572.09089,14.2261,1412,0,4
1522928709.622224,4.18061,1294,0,4
1522922645.253075,1.86752,1392,0,4
1522940294.335134,39.3407,1294,0,4
1522886697.74248,8.93905,1412,0,1
1522928758.808834,53.3672,1294,0,4
1522940275.235072,20.2406,1294,0,4
1527745268.842308,43.7652,1412,1,0
1522956020.547963,0.847533,126,1,4
1529644963.515983,0.754079,1412,0,2
1529644963.046499,0.284595,1412,0,2
1529634881.318344,0.909381,1412,0,2
1529564285.649496,0.577659,1412,0,2
1522940289.001838,34.0074,74,1,4
1522964058.554997,19.6106,1412,0,4
1522922692.327072,48.9415,1392,0,4
1522886707.548477,18.745,101,1,1
1522886703.79655,14.9931,1412,0,1
1529626612.407193,0.419862,1412,0,2
1529554552.343252,0.793324,1412,0,2
1529634881.810125,1.40116,1412,0,2
1527924682.670262,32.1356,291,1,0
1522956031.424766,11.7243,1412,0,4
1522888894.757806,12.2661,1412,0,1
1522964040.556744,1.61237,131,1,4
1522859388.166595,11.5078,1412,0,1
1522918720.136495,19.7745,1412,0,4
1529515408.572065,1.0913,126,1,2
1522917994.306281,27.9906,1412,0,4
1522940256.062397,1.06793,1294,0,4
1522922683.234901,39.8493,1392,0,4
1527792018.694052,97.2221,389,1,0
1522940302.542839,47.5484,1294,0,4
1522865359.30158,12.3314,1412,0,1
1522954026.684807,35.2573,1412,0,4
1522842699.517308,15.7262,104,1,1
1522918720.213217,19.8512,1412,0,4
1522917999.53076,33.2151,1412,0,4
1529644963.104497,0.342593,1412,0,2
1522940313.63617,58.6417,1294,0,4
1522943078.564511,32.1366,1412,0,4
1522964063.993528,25.0492,1412,0,4
1522981558.780276,0.915473,1412,0,4
1522928709.689972,4.24835,1294,0,4
1522861278.333968,9.62508,1412,0,1
1529515407.780167,0.299399,1412,0,2
1522954034.602922,43.1754,1412,0,4
1522954003.505387,12.0779,1412,0,4
1527760618.067177,104.829,87,0,0
1522865359.287607,12.3174,125,1,1
1522940303.769116,48.7747,1294,0,4
1522918752.963509,52.6015,1412,0,4
1522763862.236699,17.2132,95,0,1
1529626612.240492,0.253161,125,1,2
1522943101.377171,54.9493,1412,0,4
1522928705.639893,0.198276,1294,0,4
1522956077.403686,57.7033,1412,0,4
1529634881.093183,0.68422,1412,0,2
1522956070.242216,50.5418,1412,0,4
1527993537.887792,42.2349,101,1,0
1522861277.269515,8.56063,1412,0,1
1522842691.982064,8.19098,1412,0,1
1529515408.119514,0.638746,126,1,2
1522886703.053602,14.2502,1412,0,1
1522940270.029192,15.0347,1294,0,4
1527741792.739005,74.8365,267,0,0
1522981606.18506,48.3203,1412,0,4
1522981572.279081,14.4143,1412,0,4
1522886705.336654,16.5332,1412,0,1
1522943082.778777,36.3509,1412,0,4
1529478747.630564,1.00696,1412,0,2
1527851019.038057,57.4743,87,0,0
1522861278.292733,9.58385,1412,0,1
1522842700.437012,16.6459,1412,0,1
1522943052.297362,5.86947,1412,0,4
1522763865.844323,20.8208,1412,1,1
1529644963.472769,0.710865,125,1,2
1522943088.620456,42.1926,1412,0,4
1529645507.747275,1.55481,1412,0,2
1522940313.881103,58.8866,1294,0,4
1522859388.142736,11.4839,1412,0,1
1522715507.006719,2.99106,147,0,3
1522886700.800865,11.9974,1412,0,1
1529645507.191342,0.998873,1412,0,2
1522763861.616944,16.5935,1412,1,1
1527993507.58257,11.9297,236,0,0
1522842704.102663,20.3116,104,1,1
1522853105.649947,6.59335,1412,0,1
1529644964.158648,1.39674,1412,0,2
1522928731.672636,26.231,1294,0,4
1522865358.458279,11.4881,1412,0,1
1522981563.92006,6.05526,1412,0,4
1527924707.563217,57.0286,148,0,0
1522940313.12333,58.1289,1294,0,4
1522917983.567804,17.2521,125,1,4
1522956031.600492,11.9001,1412,0,4
1528085248.65641,84.8858,259,1,0
1529554552.796383,1.24645,1412,0,2
1522928752.760242,47.3186,1294,0,4
1522859388.2052,11.5464,1412,0,1
1529626612.066647,0.0793161,103,1,2
1522956019.769661,0.069231,1412,0,4
1529645507.766381,1.57391,1412,0,2
1522964083.184158,44.2398,1412,0,4
1522861278.373773,9.66489,1412,0,1
1522954035.105603,43.6781,1412,0,4
1522888894.934878,12.4432,954,0,1
1522842706.37977,22.5887,98,1,1
1527791996.018258,74.5463,100,1,0
1527760609.727034,96.4887,92,0,0
1529644963.027346,0.265442,1412,0,2
1529626612.87708,0.889749,1412,0,2
1522928715.607427,10.1658,1294,0,4
1529513491.959515,1.09144,1392,0,2
1522868694.049895,9.09205,1412,0,1
1522956031.406397,11.706,1412,0,4
1527745284.382195,59.3051,87,0,0
1522886712.20295,23.3995,1412,0,1
1529515408.737033,1.25626,1412,0,2
1529564287.93087,2.85903,1412,0,2
1529478746.677843,0.054235,1412,0,2
1522940289.004945,34.0105,74,1,4
1522953994.724996,3.29747,1412,0,4
1529644963.967817,1.20591,1412,0,2
1522964051.406793,12.4624,1412,0,4
1522763856.228342,11.2049,1412,1,1
1529634881.40377,0.994807,1412,0,2
1522956070.239629,50.5392,1412,0,4
1522842703.309772,19.5187,1412,0,1
1522940285.915618,30.9212,1294,0,4
1522861278.016829,9.30794,1412,0,1
1522943078.595845,32.168,1412,0,4
1527993497.602565,1.9497,104,1,0
1522842708.952654,25.1616,1412,0,1
1522928709.460711,4.01909,110,1,4
1522922662.104699,18.7191,1392,0,4
1522861278.436347,9.72746,1412,0,1
1522842695.443322,11.6522,1412,0,1
1529644963.338278,0.576374,1412,0,2
1522922652.576066,9.19051,1392,0,4
1522964040.589264,1.64489,1412,0,4
1522888894.153156,11.6614,1412,0,1
1522918753.391987,53.03,1412,0,4
1529513491.546641,0.678565,1392,0,2
1522763884.278248,39.2548,101,0,1
1529513491.877996,1.00992,1392,0,2
1522888894.64047,12.1488,1412,0,1
1522763864.612095,19.5886,1412,1,1
1529626612.906252,0.918921,1412,0,2
1522928705.64562,0.204003,1294,0,4
1522922677.852966,34.4674,1392,0,4
1529634882.045877,1.63691,1412,0,2
1529554552.163962,0.614034,1412,0,2
1522918720.278619,19.9166,128,1,4
1522768764.337336,13.506,100,0,1
1527745274.849242,49.7721,391,1,0
1529644964.045765,1.28386,1412,0,2
1522918753.389736,53.0277,1412,0,4
1522713576.140066,3.73665,112,0,3
1522865358.453082,11.4829,1412,0,1
1522647182.277166,0.430389,1294,1,3
1522868694.135747,9.1779,1412,0,1
1522635941.747821,0.683558,74,1,3
1522654302.424423,1.33309,74,1,3
1529626612.867885,0.880554,1412,0,2
1529541636.030816,0.513106,1412,0,2
1522917966.400903,0.085242,1412,0,4
1522954013.895425,22.4679,1412,0,4
1522943082.721113,36.2932,1412,0,4
1522647189.880432,8.03365,177,1,3
1522928709.764427,4.32281,110,1,4
1522888893.965543,11.4738,1412,0,1
1522868694.578018,9.62017,1412,0,1
1522886708.25354,19.4501,101,1,1
1522918733.902277,33.5403,1412,0,4
1522956031.501564,11.8011,1412,0,4
1522964075.949694,37.0053,1412,0,4
1522940280.557729,25.5633,1294,0,4
1522868694.266298,9.30845,1412,0,1
1529478747.182685,0.559077,1412,0,2
1522842691.002768,7.21169,117,1,1
1522928731.469354,26.0277,1294,0,4
1522886709.883563,21.0801,1412,0,1
1522981596.817965,38.9532,1412,0,4
1529626612.235454,0.248123,1412,0,2
1522943082.813175,36.3853,1412,0,4
1522956069.962878,50.2624,1412,0,4
1529644963.447899,0.685995,119,1,2
1522928705.484343,0.042726,332,1,4
1529645507.215652,1.02318,1412,0,2
1527741719.183499,1.28102,104,1,0
1522888894.31336,11.8216,1412,0,1
1522940285.83618,30.8417,1294,0,4
1522928705.643552,0.201935,1294,0,4
1522886707.216421,18.413,1412,0,1
1522647189.314764,7.46799,1294,1,3
1527760520.281997,7.04368,1412,0,0
1522868693.630468,8.67262,1412,0,1
1522928748.158329,42.7167,74,1,4
1527791927.806071,6.33413,1412,0,0
1522886699.067947,10.2645,101,1,1
1522928758.804819,53.3632,1294,0,4
1529564287.905301,2.83346,1412,0,2
1528085164.398678,0.628046,1016,0,0
1522964043.015085,4.07071,1412,0,4
1522928759.120963,53.6793,74,1,4
1522868694.702709,9.74486,1412,0,1
1522922645.287074,1.90152,1392,0,4
1522928753.365153,47.9235,1294,0,4
1522956038.829265,19.1288,1412,0,4
1522922696.653147,53.2676,1392,0,4
1522768770.543144,19.7118,1412,1,1
1529626612.375572,0.388241,1412,0,2
1522956019.891701,0.191271,1412,0,4
1529554552.020828,0.4709,1412,0,2
1522940256.174636,1.18017,74,1,4
1522928758.74704,53.3054,1294,0,4
1522953994.453312,3.02578,1412,0,4
1522865358.801159,11.831,125,1,1
1522922677.827019,34.4415,1392,0,4
1522842709.466808,25.6757,1412,0,1
1522886702.53321,13.7298,101,1,1
1522888894.388426,11.8967,1412,0,1
1522964095.241388,56.297,1412,0,4
1529634881.547606,1.13864,1412,0,2
1522964083.704906,44.7605,1412,0,4
1522928744.267209,38.8256,1294,0,4
1522940261.597384,6.60292,1294,0,4
1522842692.840339,9.04926,1412,0,1
1522954045.24523,53.8177,1412,0,4
1522859387.742232,11.0834,1412,0,1
1522940261.634445,6.63998,1294,0,4
1522940289.002667,34.0082,74,1,4
1529634881.781229,1.37227,1412,0,2
1522763853.163516,8.14003,1412,1,1
1522964040.586273,1.6419,1412,0,4
1522886703.29291,14.4895,1412,0,1
1522940275.227892,20.2334,74,1,4
1529626612.550082,0.562751,1412,0,2
1522768766.632072,15.8007,1412,1,1
1522928709.707585,4.26597,74,1,4
1522964075.644837,36.7005,1412,0,4
1522953993.991676,2.56415,1412,0,4
1522928739.087741,33.6461,1294,0,4
1529478747.730915,1.10731,1412,0,2
1522886712.688341,23.8849,1412,0,1
1522886701.13846,12.335,1412,0,1
1522981563.816793,5.95199,1412,0,4
1522842705.722459,21.9314,1412,0,1
1522943073.19134,26.7635,125,1,4
1527851062.71819,101.154,391,1,0
1522768767.879344,17.048,100,0,1
1522964063.797509,24.8531,1412,0,4
1522928739.097345,33.6557,74,1,4
1522956019.78756,0.0871301,1412,0,4
1522861277.265657,8.55677,1412,0,1
1522842702.825581,19.0345,101,1,1
1529634881.823322,1.41436,1412,0,2
1522918016.013305,49.6976,743,1,4
1522918700.45148,0.0894659,1412,0,4
1522964058.602382,19.658,126,1,4
1529478747.769827,1.14622,1412,0,2
1522842695.849873,12.0588,1412,0,1
1527851012.090066,50.5263,393,1,0
1529644964.027596,1.26569,125,1,2
1529564287.636457,2.56462,1412,0,2
1522842697.163918,13.3728,1412,0,1
1522861277.889813,9.18093,125,1,1
1522943073.194559,26.7667,1412,0,4
1522853104.805568,5.74897,1412,0,1
1522956065.176859,45.4764,1412,0,4
1529645507.121269,0.9288,1412,0,2
1522953995.137366,3.70984,1412,0,4
1522964058.554696,19.6103,1412,0,4
1529478747.556944,0.933336,1412,0,2
1522861278.189713,9.48083,1412,0,1
1527987739.451004,19.0464,87,0,0
1522865358.02313,11.053,100,1,1
1522763855.673965,10.6505,1412,1,1
1522918739.197528,38.8355,1412,0,4
1522861277.088539,8.37965,125,1,1
1522956020.449558,0.749128,1412,0,4
1522859388.255684,11.5969,1412,0,1
1522861277.925025,9.21614,1412,0,1
1522956038.940288,19.2399,1412,0,4
1522886704.171265,15.3678,1412,0,1
1522861278.12215,9.41326,1412,0,1
1522940280.636469,25.642,74,1,4
1522886698.722956,9.91952,1412,0,1
1529645507.123187,0.930718,1412,0,2
1529564285.779895,0.708058,1412,0,2
1527924683.755836,33.2212,101,1,0
1527760553.727654,40.4893,98,1,0
1522842694.98497,11.1939,1412,0,1
1522928722.980764,17.5391,74,1,4
1529554552.46965,0.919722,125,1,2
1522928717.730725,12.2891,74,1,4
1522928709.542431,4.10081,1294,0,4
1527993566.969826,71.317,92,0,0
1522853104.784251,5.72766,1412,0,1
1522842701.241402,17.4503,1412,0,1
1529634882.027021,1.61806,1412,0,2
1522956065.285572,45.5851,1412,0,4
1522928752.731657,47.29,1294,0,4
1522940256.185052,1.19059,1294,0,4
1529634881.61079,1.20183,1412,0,2
1522868694.506739,9.54889,1412,0,1
1522922692.320759,48.9352,1392,0,4
1522922646.49489,3.10934,105,1,4
1522964039.635205,0.690834,1412,0,4
1522954003.119149,11.6916,1412,0,4
1527745320.83669,95.7596,104,1,0
1522853101.513965,2.45737,1412,0,1
1529478747.244512,0.620904,1412,0,2
1522842695.459328,11.6682,1412,0,1
1528085252.401162,88.6305,101,1,0
1522842702.26396,18.4729,1412,0,1
1522859387.984075,11.3252,113,1,1
1522928744.325087,38.8835,74,1,4
1522943097.197985,50.7701,169,1,4
1527745252.309979,27.2329,98,1,0
1522943101.445177,55.0173,1412,0,4
1522868693.611337,8.65349,1412,0,1
1529478747.337389,0.713781,1412,0,2
1522859388.851643,12.1928,1412,0,1
1527760526.464041,13.2257,98,1,0
1522859388.448105,11.7893,1412,0,1
1522922655.871329,12.4858,1392,0,4
1522956069.419555,49.7191,1412,0,4
1522868694.058168,9.10032,1412,0,1
1522888894.363006,11.8713,125,1,1
1527745296.440798,71.3637,232,0,0
1522943052.343888,5.916,1412,0,4
1522922669.683465,26.2979,1392,0,4
1522956065.289645,45.5892,1412,0,4
1529515408.067456,0.586688,1412,0,2
1522868694.632993,9.67515,1412,0,1
1522964076.361471,37.4171,321,1,4
1522954045.270236,53.8427,1412,0,4
1522928709.619872,4.17826,1294,0,4
1522842691.63506,7.84398,1412,0,1
1522768775.768884,24.9375,1412,1,1
1529541636.422491,0.904781,1412,0,2
1522842694.183401,10.3923,1412,0,1
1522763861.955723,16.9322,98,0,1
1522886710.438173,21.6347,1412,0,1
1529515408.528784,1.04802,1412,0,2
1522953994.797327,3.3698,1412,0,4
1522954045.236228,53.8087,930,0,4
1522953999.067925,7.64039,1412,0,4
1522928709.768742,4.32713,1294,0,4
1522918720.335934,19.9739,1412,0,4
1529513491.998824,1.13075,1392,0,2
1522853099.54039,0.483795,1412,0,1
1522956038.921446,19.221,1412,0,4
1529626612.885855,0.898524,1412,0,2
1529564285.874963,0.803126,1412,0,2
1522953994.464319,3.03679,1412,0,4
1528083170.183649,113.108,85,0,0
1522888894.813819,12.3221,125,1,1
1522886700.759005,11.9556,101,1,1
1522956031.428468,11.728,1412,0,4
1522964051.381342,12.437,1412,0,4
1522956056.531006,36.8306,1412,0,4
1522928748.348648,42.907,74,1,4
1522868693.416239,8.45839,1412,0,1
1522928722.994506,17.5529,1294,0,4
1522964058.63689,19.6925,126,1,4
1522954026.707166,35.2796,1412,0,4
1522943062.983567,16.5557,125,1,4
1529541636.130556,0.612846,1412,0,2
1528085181.512283,17.7417,87,0,0
1522886707.138469,18.335,101,1,1
1522768763.133109,12.3018,100,0,1
1522928731.610602,26.169,1294,0,4
1522918702.468437,2.10642,1412,0,4
1522964070.143715,31.1993,1412,0,4
1522953993.323912,1.89638,1412,0,4
1522842710.739108,26.948,1412,0,1
1529478746.875862,0.252254,1412,0,2
1522928706.127905,0.686288,1294,0,4
1522964063.930602,24.9862,1412,0,4
1529478747.777167,1.15356,1412,0,2
1522635948.558126,7.49386,1294,0,3
1522953999.071338,7.64381,1412,0,4
1522940304.08164,49.0872,1294,0,4
1528083132.295315,75.2201,183,0,0
1522868694.75504,9.79719,1412,0,1
1522888894.291094,11.7994,1412,0,1
1522886711.98274,23.1793,101,1,1
1522768765.427251,14.5959,1412,1,1
1522943052.357597,5.92971,1412,0,4
1522763861.41018,16.3867,1412,1,1
1529644964.127056,1.36515,1412,0,2
1529644963.379243,0.617339,1412,0,2
1522922696.712821,53.3273,1392,0,4
1529541635.698529,0.180819,1412,0,2
1522763853.15384,8.13036,1412,1,1
1522928709.427661,3.98604,86,1,4
1522868693.982555,9.02471,1412,0,1
1527993539.762845,44.11,92,0,0
1522943106.160449,59.7326,1412,0,4
1522928717.725195,12.2836,1294,0,4
1522928709.558707,4.11709,94,1,4
1522853103.409073,4.35248,1412,0,1
1522842698.424301,14.6332,104,1,1
1522953998.659727,7.2322,1412,0,4
1529554552.350344,0.800416,1412,0,2
1522956046.980311,27.2799,1412,0,4
1522842695.783455,11.9924,1412,0,1
1522964083.885182,44.9408,1412,0,4
1522861277.643728,8.93484,1412,0,1
1522886707.042054,18.2386,1412,0,1
1522954026.699163,35.2716,1412,0,4
1522964051.366191,12.4218,1412,0,4
1522928752.899006,47.4574,74,1,4
1522865358.18954,11.2194,126,1,1
1522928705.957148,0.515531,74,1,4
1529645507.754457,1.56199,125,1,2
1522763863.12548,18.102,1412,1,1
1529478746.709364,0.0857558,100,1,2
1522940261.577837,6.58337,74,1,4
1522964083.126696,44.1823,1412,0,4
1522956065.222418,45.522,1412,0,4
1522865358.601444,11.6313,1412,0,1
1522918016.06813,49.7525,1412,0,4
1528085239.711087,75.9405,87,0,0
1522865358.796848,11.8267,1412,0,1
1522886698.180889,9.37745,101,1,1
1522943106.494886,60.067,1412,0,4
1522940285.747752,30.7533,1294,0,4
1522981572.251332,14.3865,1412,0,4
1522868693.431584,8.47374,1412,0,1
1522943052.191906,5.76402,125,1,4
1522953998.694365,7.26683,1412,0,4
1522956038.762438,19.062,1412,0,4
1522981572.093444,14.2286,1412,0,4
1527851066.157701,104.594,239,0,0
1522943101.046226,54.6183,336,1,4
1522763860.472797,15.4493,1412,1,1
1522922677.820962,34.4354,105,1,4
1522888894.321646,11.8299,125,1,1
1522768772.251982,21.4206,1412,1,1
1522954044.780378,53.3528,125,1,4
1529644963.411903,0.649999,1412,0,2
1522940288.985938,33.9915,74,1,4
1527745277.061139,51.984,101,1,0
1528083126.712081,69.6369,391,1,0
1529626612.343955,0.356624,1412,0,2
1522861277.387755,8.67887,1412,0,1
1522943088.547044,42.1192,1412,0,4
1522842690.982422,7.19134,1412,0,1
1522956020.509652,0.809222,126,1,4
1522853103.111105,4.05451,1412,0,1
1522886698.75197,9.94854,1412,0,1
1522928739.032615,33.591,74,1,4
1522940294.217352,39.2229,1294,0,4
1522928759.084917,53.6433,1294,0,4
1522865358.840643,11.8705,1412,0,1
1522928738.936729,33.4951,1294,0,4
1522928739.080226,33.6386,74,1,4
1529478747.159836,0.536228,1412,0,2
1522888894.640302,12.1486,1412,0,1
1529564285.386903,0.315066,1412,0,2
1527850977.641687,16.0779,119,0,0
1522953993.301252,1.87372,1412,0,4
1529554552.758758,1.20883,1412,0,2
1522954045.258597,53.8311,125,1,4
1522886707.209633,18.4062,1412,0,1
1522888894.193208,11.7015,125,1,1
1522868694.552613,9.59477,1412,0,1
1522956021.501595,1.80117,1412,0,4
1522956065.219883,45.5195,207,1,4
1527741721.556893,3.65441,87,0,0
1527760596.3619,83.1236,263,1,0
1522964039.653166,0.708795,1412,0,4
1522922645.254071,1.86852,1392,0,4
1522964082.899734,43.9554,117,1,4
1522956031.56812,11.8677,1412,0,4
1522943106.536472,60.1086,1412,0,4
1522763862.231708,17.2082,1412,1,1
1529513492.170487,1.30241,1392,0,2
1529564287.311172,2.23934,116,1,2
1528083151.604409,94.5292,225,0,0
1529515408.380128,0.89936,1412,0,2
1529645506.882844,0.690375,1412,0,2
1522940314.576583,59.5821,74,1,4
1522859388.049846,11.391,1412,0,1
1522964070.152402,31.208,1412,0,4
1522943097.198052,50.7702,1412,0,4
1528085259.630194,95.8596,279,0,0
1522763853.142459,8.11898,1412,1,1
1522928731.545087,26.1035,1294,0,4
1522886713.382043,24.5786,1412,0,1
1529541636.102735,0.585025,1412,0,2
1527760534.972498,21.7342,98,1,0
1522868694.294729,9.33688,125,1,1
1522940314.60575,59.6113,1294,0,4
1522964039.66421,0.719839,1412,0,4
1529554552.061429,0.511501,1412,0,2
1522918733.894461,33.5324,125,1,4
1522763864.343537,19.3201,1412,1,1
1522865358.135537,11.1654,1412,0,1
1522956020.081322,0.380892,126,1,4
1522886706.652336,17.8489,1412,0,1
1522917972.793983,6.47832,1412,0,4
1522928758.401093,52.9595,1294,0,4
1522917983.538893,17.2232,1412,0,4
1522918739.250363,38.8883,1412,0,4
1522928744.229694,38.7881,1294,0,4
1522954026.643775,35.2162,1412,0,4
1527987830.258514,109.854,219,0,0
1529634881.127316,0.718353,1412,0,2
1522868693.56894,8.61109,1412,0,1
1522842699.260135,15.4691,1412,0,1
1522940280.633615,25.6392,1294,0,4
1522964098.974885,60.0305,1412,0,4
1522842701.146174,17.3551,1412,0,1
1522868693.521114,8.56327,1412,0,1
1527924746.845491,96.3108,104,1,0
1522861277.811251,9.10237,1412,0,1
1528085176.923361,13.1527,146,0,0
1522928748.547181,43.1056,1294,0,4
1522928753.220807,47.7792,1294,0,4
1529515407.916534,0.435766,1412,0,2
1529513492.093747,1.22567,1392,0,2
1522865359.056835,12.0867,1412,0,1
1529541635.756312,0.238602,930,0,2
1522953993.285484,1.85795,1412,0,4
1522954013.971204,22.5437,1412,0,4
1522842704.169772,20.3787,1412,0,1
1522853102.943102,3.88651,1412,0,1
1522964076.540775,37.5964,1412,0,4
1522859388.833033,12.1742,1412,0,1
1522918739.256474,38.8945,1412,0,4
1522842703.741753,19.9507,1412,0,1
1522964040.592278,1.64791,1412,0,4
1522964099.460066,60.5157,1412,0,4
1529645507.4538,1.26133,126,1,2
1522940285.761565,30.7671,74,1,4
1522868694.712626,9.75478,1412,0,1
1522964076.080294,37.1359,1412,0,4
1529564286.277611,1.20577,1412,0,2
1522943082.693868,36.266,1412,0,4
1522953995.216494,3.78896,126,1,4
1522928715.526535,10.0849,1294,0,4
1522886711.90775,23.1043,101,1,1
1522768772.236531,21.4052,1412,1,1
1522964040.768281,1.82391,1412,0,4
1522940255.564951,0.570488,1294,0,4
1528083160.748402,103.673,373,1,0
1522888894.586024,12.0943,125,1,1
1522868693.70339,8.74554,1412,0,1
1522865358.282295,11.3121,1412,0,1
1522918700.842497,0.480483,1412,0,4
1522964070.1519,31.2075,1412,0,4
1522886697.801271,8.99784,1412,0,1
1522861278.453511,9.74463,1412,0,1
1529478747.61503,0.991422,1412,0,2
1522964063.960602,25.0162,1412,0,4
1522853104.67422,5.61762,1412,0,1
1522865358.386819,11.4167,889,0,1
1522868694.100637,9.14279,1412,0,1
1522954026.70916,35.2816,1412,0,4
1522940275.252805,20.2583,1294,0,4
1529645507.473819,1.28135,1412,0,2
1522886705.23225,16.4288,1412,0,1
1522842696.953176,13.1621,104,1,1
1529644963.140986,0.379082,1412,0,2
1522842708.226957,24.4359,104,1,1
1522842706.955373,23.1643,1412,0,1
1522981572.163648,14.2988,1412,0,4
1528083159.987817,102.913,148,0,0
1529515407.865715,0.384947,1412,0,2
1522888894.503435,12.0117,1412,0,1
1529515408.030625,0.549857,1412,0,2
1529478747.657674,1.03407,1412,0,2
1522886705.703792,16.9004,1412,0,1
1522842698.748335,14.9573,104,1,1
1522943057.451176,11.0233,1412,0,4
1529554552.668732,1.1188,1412,0,2
1522842703.970618,20.1795,104,1,1
1522943100.918261,54.4904,122,1,4
1522928731.713509,26.2719,1294,0,4
1522865358.515263,11.5451,125,1,1
1522940304.142471,49.148,1294,0,4
1522865358.589315,11.6192,1412,0,1
1522954013.969641,22.5421,1412,0,4
1529541636.407937,0.890227,1412,0,2
1529645507.440668,1.2482,1412,0,2
1522647189.314036,7.46726,1294,1,3
1522768765.091082,14.2597,1412,1,1
1522853104.072932,5.01634,1412,0,1
1522868693.543382,8.58554,1412,0,1
1522943078.437951,32.0101,128,1,4
1522954003.160997,11.7335,1412,0,4
1522940303.848779,48.8543,1294,0,4
1522917979.301657,12.986,1412,0,4
1522981596.814936,38.9501,1412,0,4
1522859388.475829,11.817,1412,0,1
1522928744.374673,38.9331,74,1,4
1522940285.711938,30.7175,1294,0,4
1522842701.573512,17.7824,98,1,1
1522763862.766969,17.7435,1412,1,1
1522842703.938038,20.147,1412,0,1
1522940303.124741,48.1303,1294,0,4
1522981606.627474,48.7627,1412,0,4
1522842696.866492,13.0754,1412,0,1
1522768768.891461,18.0601,1412,1,1
1527987777.447234,57.0427,87,0,0
1522768770.856689,20.0254,1412,1,1
1522964083.371028,44.4267,1412,0,4
1522953992.113139,0.685609,1412,0,4
1522865358.643742,11.6736,1412,0,1
1522956021.07857,1.37814,1412,0,4
1529644964.153032,1.39113,1412,0,2
1522842693.813302,10.0222,1412,0,1
1527924713.49145,62.9568,80,0,0
1522861278.155091,9.44621,1412,0,1
1527993610.816856,115.164,87,0,0
1522922696.760152,53.3746,1392,0,4
1528085205.588045,41.8174,261,1,0
1522928731.708704,26.2671,1294,0,4
1522940280.49849,25.504,74,1,4
1529541635.839985,0.322275,1412,0,2
1522865358.789456,11.8193,1412,0,1
1522868693.626223,8.66838,126,1,1
1522964042.780411,3.83604,1412,0,4
1529564285.859475,0.787638,126,1,2
1529554551.908099,0.358171,1412,0,2
1527924721.63228,71.0976,154,0,0
1522861278.303799,9.59491,1412,0,1
1522865358.686237,11.7161,1412,0,1
1529515408.018053,0.537285,1412,0,2
1529513492.003251,1.13517,1392,0,2
1529644963.6938,0.931896,1412,0,2
1522763856.82329,11.7998,1412,1,1
1522943046.799651,0.371762,1412,0,4
1522928705.599012,0.157395,74,1,4
1522865358.635428,11.6653,1412,0,1
1522953994.793236,3.36571,1412,0,4
1522956020.469826,0.769396,1412,0,4
1522853099.819974,0.763379,1412,0,1
1522918009.784081,43.4684,1412,0,4
1527924688.735639,38.201,390,1,0
1522943078.553428,32.1255,1412,0,4
1522853105.245927,6.18933,1412,0,1
1522922644.454037,1.06848,1392,0,4
1522868694.115875,9.15803,1412,0,1
1522964070.350366,31.406,1412,0,4
1522964070.339582,31.3952,1412,0,4
1522954035.092582,43.6651,1412,0,4
1522768773.268291,22.437,97,0,1
1529634882.041976,1.63301,1412,0,2
1522943078.552998,32.1251,1412,0,4
1522943100.861539,54.4336,1412,0,4
1529513492.000042,1.13197,1392,0,2
1529645507.439913,1.24744,1412,0,2
1522768774.155636,23.3243,97,0,1
1522922646.494661,3.10911,885,0,4
1527993499.725013,4.07215,1412,1,0
1522865358.346354,11.3762,1412,0,1
1529541636.260664,0.742954,1412,0,2
1522964083.973793,45.0294,251,1,4
1522868694.361602,9.40376,1412,0,1
1522922692.350999,48.9654,1392,0,4
1522763859.875766,14.8523,1412,1,1
1522888894.321234,11.8295,1412,0,1
1527745337.288575,112.211,230,0,0
1522928723.150062,17.7084,1294,0,4
1522888894.111952,11.6202,1412,0,1
1522940261.696082,6.70162,1294,0,4
1522954003.18081,11.7533,1412,0,4
1522888894.014141,11.5224,1412,0,1
1522964095.711506,56.7671,376,1,4
1522940263.749499,8.75504,1294,0,4
1527987749.99382,29.5893,87,0,0
1522861278.53087,9.82199,1412,0,1
1529541636.394955,0.877245,1412,0,2
1522635942.816385,1.75212,188,1,3
1529515407.883602,0.402834,1412,0,2
1522922652.577872,9.19232,1392,0,4
1522662276.835421,6.94452,74,1,3
1522964039.604219,0.659848,1412,0,4
1522918016.03858,49.7229,1412,0,4
1522943052.362035,5.93415,1412,0,4
1529634882.000231,1.59127,1412,0,2
1529554552.243959,0.694031,1412,0,2
1522768770.224146,19.3928,1412,1,1
1522888894.855533,12.3638,1412,0,1
1527745253.239277,28.1622,258,0,0
1522886701.532132,12.7287,101,1,1
1522842695.967281,12.1762,1412,0,1
1522888894.82723,12.3355,1412,0,1
1529515408.015661,0.534893,125,1,2
1529564285.873487,0.80165,1412,0,2
1529644963.861725,1.09982,1412,0,2
1527791930.544091,9.07215,653,0,0
1522943046.541733,0.113844,1412,0,4
1529634881.360993,0.95203,1412,0,2
1527791961.575603,40.1037,100,1,0
1522964064.034602,25.0902,1412,0,4
1529634881.530346,1.12138,1412,0,2
1522940270.052824,15.0584,1294,0,4
1522964040.614806,1.67043,139,1,4
1522865359.200303,12.2301,1412,0,1
1522853100.413134,1.35654,1412,0,1
1522918739.29727,38.9353,1412,0,4
1522964039.229133,0.284762,1412,0,4
1522922677.851952,34.4664,1392,0,4
1522928709.617088,4.17547,1294,0,4
1522940294.371078,39.3766,1294,0,4
1522768773.658035,22.8267,1412,1,1
1522865359.194796,12.2246,1412,0,1
1522940255.971052,0.976589,1294,0,4
1522981558.770624,0.905821,1412,0,4
1522922644.297028,0.911475,1392,0,4
1522859388.278083,11.6193,116,1,1
1522868694.525327,9.56748,1412,0,1
1528083087.820916,30.7457,259,1,0
1522964039.64022,0.695849,1412,0,4
1522768773.498674,22.6673,1412,1,1
1522917994.349672,28.034,1412,0,4
1522956038.955597,19.2552,1412,0,4
1522853099.692542,0.635947,1412,0,1
1528085164.382758,0.612126,1412,0,0
1529541636.448825,0.931115,1412,0,2
1522763857.050164,12.0267,1412,1,1
1522956047.125974,27.4255,1412,0,4
1522956065.67172,45.9713,1412,0,4
1522918739.236155,38.8741,1412,0,4
1522964042.829396,3.88503,1412,0,4
1522868694.694968,9.73712,1412,0,1
1522964070.12,31.1756,1412,0,4
1529515408.09925,0.618482,1412,0,2
1522953998.700071,7.27254,1412,0,4
1522763854.694286,9.6708,1412,1,1
1522940280.675977,25.6815,1294,0,4
1522859387.793039,11.1342,1412,0,1
1522868694.266165,9.30832,1412,0,1
1522981563.901119,6.03632,1412,0,4
1522853105.059655,6.00306,1412,0,1
1527745243.744491,18.6674,103,1,0
1522763865.937881,20.9144,1412,1,1
1529645507.795596,1.60313,1412,0,2
1522922669.753684,26.3681,1392,0,4
1522842696.270836,12.4798,1412,0,1
1522981558.252463,0.38766,1412,0,4
1522888894.147853,11.6561,1412,0,1
1522956056.462572,36.7621,1412,0,4
1522768766.474054,15.6427,103,0,1
1522918009.820458,43.5048,1412,0,4
1529478747.148245,0.524637,1412,0,2
1522886707.262473,18.459,1412,0,1
1522868694.286272,9.32843,1412,0,1
1522928738.978152,33.5365,1294,0,4
1522956038.961985,19.2616,1412,0,4
1522859388.315126,11.6563,1412,0,1
1522842706.392185,22.6011,1412,0,1
1529478747.416515,0.792907,125,1,2
1527741730.121678,12.2192,1412,1,0
1522928744.184974,38.7434,1294,0,4
1529513491.57007,0.701994,1392,0,2
1529644963.508078,0.746174,1412,0,2
1529626613.055561,1.06823,1412,0,2
1522918719.155744,18.7937,1412,0,4
1522953994.783327,3.3558,1412,0,4
1522956065.758136,46.0577,1412,0,4
1522940280.567823,25.5734,74,1,4
1522981563.877786,6.01298,126,1,4
1527924726.14614,75.6115,92,0,0
1522865359.1674,12.1972,1412,0,1
1522956020.453546,0.753116,1412,0,4
1522842700.951397,17.1603,109,1,1
1529644963.478273,0.716369,1412,0,2
1522886697.47816,8.67473,1412,0,1
1522943101.096156,54.6683,1412,0,4
1522842709.655204,25.8641,1412,0,1
1522842701.91237,18.1213,1412,0,1
1522922683.107819,39.7223,1392,0,4
1522928758.490887,53.0493,1294,0,4
1529634881.820494,1.41153,1412,0,2
1522956076.881807,57.1814,110,1,4
1522853105.821434,6.76484,1412,0,1
1522943088.541095,42.1132,1412,0,4
1522868693.850449,8.8926,1412,0,1
1529644963.795927,1.03402,1412,0,2
1522768771.663821,20.8325,1412,1,1
1522964040.60427,1.6599,1412,0,4
1522842700.799394,17.0083,104,1,1
1522928758.01835,52.5767,1294,0,4
1527791949.414318,27.9424,169,0,0
1522964051.338862,12.3945,1412,0,4
1522859387.854802,11.196,1412,0,1
1529634881.817392,1.40843,1412,0,2
1522954003.22317,11.7956,1412,0,4
1522865358.39237,11.4222,1412,0,1
1522953992.109708,0.682178,124,1,4
1529634881.745158,1.33619,1412,0,2
1522956026.055065,6.35464,126,1,4
1522940285.891301,30.8968,74,1,4
1522943046.824642,0.396753,1412,0,4
1522842701.465311,17.6742,1412,0,1
1522888894.90592,12.4142,1412,0,1
1522922655.913074,12.5275,1392,0,4
1522964095.638411,56.694,1412,0,4
1522853103.637788,4.58119,1412,0,1
1522943057.472656,11.0448,1412,0,4
1529515408.068244,0.587476,1412,0,2
1522763864.210433,19.187,1412,1,1
1522918720.222261,19.8602,1412,0,4
1522842706.600341,22.8093,1412,0,1
1522861277.098031,8.38915,1412,0,1
1522956020.052452,0.352022,1412,0,4
1529564285.786029,0.714192,1412,0,2
1522886697.842234,9.0388,1412,0,1
1522940275.271255,20.2768,1294,0,4
1522635942.105501,1.04124,1294,0,3
1522943078.466867,32.039,1412,0,4
1522868693.504564,8.54672,1412,0,1
1522940280.57649,25.582,1294,0,4
1522763857.623561,12.6001,1412,1,1
1522922669.607247,26.2217,1392,0,4
1522842692.903497,9.11242,165,1,1
1522953998.731558,7.30403,1412,0,4
1522886698.21897,9.41554,101,1,1
1528083164.025615,106.95,233,0,0
1522943106.244752,59.8169,1412,0,4
1522928723.132042,17.6904,74,1,4
1522918702.324599,1.96258,1412,0,4
1527924677.057974,26.5233,315,0,0
1522964076.484503,37.5401,1412,0,4
1522868694.773213,9.81537,125,1,1
1522943078.46041,32.0325,1412,0,4
1529513492.034198,1.16612,105,1,2
1527745286.054112,60.977,98,1,0
1522861278.125019,9.41613,125,1,1
1522964070.101317,31.1569,1412,0,4
1527987733.937709,13.5331,92,0,0
1522922655.827572,12.442,1392,0,4
1522842700.504431,16.7134,106,1,1
1522859388.397348,11.7385,1412,0,1
1522859388.166773,11.5079,1412,0,1
1522763863.242476,18.219,1412,1,1
1522954035.142582,43.7151,1412,0,4
1522940314.873567,59.8791,1294,0,4
1522943078.591875,32.164,1412,0,4
1522888894.514939,12.0232,1412,0,1
1522768765.905893,15.0746,1412,1,1
1522859388.852953,12.1941,1412,0,1
1529564286.296185,1.22435,125,1,2
1522859387.857867,11.199,1412,0,1
1522928709.769601,4.32798,110,1,4
1522943063.03403,16.6061,1412,0,4
1522886711.671696,22.8683,1412,0,1
1522956077.306784,57.6064,1412,0,4
1522956070.365707,50.6653,1412,0,4
1522763853.882346,8.85886,1412,1,1
1522940280.538464,25.544,1294,0,4
1522928731.559857,26.1182,74,1,4
1522940256.027052,1.03259,1294,0,4
1522964042.779394,3.83502,1412,0,4
1522842698.955454,15.1644,1412,0,1
1529541635.909928,0.392218,1412,0,2
1522943062.984775,16.5569,1412,0,4
1522956020.939646,1.23922,125,1,4
1522918016.068747,49.7531,1412,0,4
1522861277.204841,8.49596,1412,0,1
1522956020.652568,0.952138,1412,0,4
1529644964.181414,1.41951,1412,0,2
1522928715.596512,10.1549,74,1,4
1527987776.270852,55.8663,238,0,0
1522940256.126051,1.13159,1294,0,4
1529513492.126942,1.25887,1392,0,2
1527924707.221208,56.6866,92,0,0
1522868694.723475,9.76563,1412,0,1
1522953992.051624,0.624094,1412,0,4
1522842704.828653,21.0376,1412,0,1
1522859388.576098,11.9173,1412,0,1
1529515408.542057,1.06129,125,1,2
1522853100.294876,1.23828,1412,0,1
1522943101.750188,55.3223,1412,0,4
1529634882.165925,1.75696,1412,0,2
1522964075.63968,36.6953,276,1,4
1522964070.122221,31.1779,1412,0,4
1522886708.914406,20.111,1412,0,1
1522861277.77282,9.06394,1412,0,1
1522918700.393839,0.0318248,100,1,4
1529554552.452847,0.902919,1412,0,2
1522865358.214176,11.244,1412,0,1
1522763855.938174,10.9147,101,0,1
1522888894.794412,12.3027,1412,0,1
1529513491.991303,1.12323,1392,0,2
1529478747.556885,0.933277,1412,0,2
1529564286.806093,1.73426,1412,0,2
1522868694.678811,9.72097,1412,0,1
1522940280.586214,25.5918,1294,0,4
1522928758.160959,52.7193,1294,0,4
1522768775.800624,24.9693,103,0,1
1522842700.704688,16.9136,1412,0,1
1522940270.096673,15.1022,1294,0,4
1522964083.111369,44.167,276,1,4
1522954035.068781,43.6413,125,1,4
1529626612.068057,0.0807261,1412,0,2
1522928739.081051,33.6394,1294,0,4
1522868694.168887,9.21104,125,1,1
1529513492.123804,1.25573,1392,0,2
1529513491.703291,0.835215,1392,0,2
1522763857.520497,12.497,1412,1,1
1522956038.947427,19.247,1412,0,4
1529513491.943405,1.07533,1392,0,2
1522865358.838584,11.8684,1412,0,1
1522943046.568304,0.140415,124,1,4
1522928709.759413,4.3178,110,1,4
1522964039.216215,0.271844,100,1,4
1529554552.234919,0.684991,1412,0,2
1522763860.629907,15.6064,98,0,1
1522768770.296189,19.4649,1412,1,1
1522964058.668981,19.7246,1412,0,4
1522861277.693071,8.98419,1412,0,1
1522928748.536329,43.0947,74,1,4
1522940280.645118,25.6507,1294,0,4
1529515408.354309,0.873541,1412,0,2
1522922683.14263,39.7571,1392,0,4
1522859387.98869,11.3299,1412,0,1
1522928748.049836,42.6082,1294,0,4
1522964040.590795,1.64642,126,1,4
1522886701.116743,12.3133,1412,0,1
1522956056.50059,36.8002,1412,0,4
1522859388.656054,11.9972,114,1,1
1529564286.011675,0.939838,1412,0,2
1527987745.903585,25.499,393,0,0
1522842707.767809,23.9767,104,1,1
1522886710.864758,22.0613,101,1,1
1522859388.65551,11.9967,1412,0,1
1529515408.195125,0.714357,1412,0,2
1529554551.923749,0.373821,1412,0,2
1522763856.289125,11.2656,101,0,1
1522842700.799357,17.0083,1412,0,1
1522842702.939595,19.1485,101,1,1
1522888895.057895,12.5662,1306,0,1
1529541635.860278,0.342568,1412,0,2
1522981606.689948,48.8251,1412,0,4
1522861277.129897,8.42101,1412,0,1
1527760529.342293,16.104,101,1,0
1522842699.111732,15.3207,1412,0,1
1522888894.553218,12.0615,1412,0,1
1522940285.836905,30.8424,1294,0,4
1522868694.102269,9.14442,1412,0,1
1522853101.980439,2.92384,110,1,1
1522763866.233138,21.2097,1412,1,1
1522842694.338331,10.5473,1412,0,1
1522940275.159005,20.1645,74,1,4
1522888894.243098,11.7514,1412,0,1
1522861277.296373,8.58749,1412,0,1
1522853099.969559,0.912964,1412,0,1
1529541636.53144,1.01373,1412,0,2
1529478747.462705,0.839097,1412,0,2
1522940314.89761,59.9031,1294,0,4
1529644964.306175,1.54427,1412,0,2
1522956056.41156,36.7111,1412,0,4
1527851003.279826,41.7161,87,0,0
1522928744.241066,38.7994,1294,0,4
1522964075.347574,36.4032,1412,0,4
1522918720.217246,19.8552,1412,0,4
1529541636.698055,1.18035,1412,0,2
1522922683.202572,39.817,1392,0,4
1522964095.312394,56.368,1412,0,4
1522859387.822019,11.1632,123,1,1
1529478746.988494,0.364886,1412,0,2
1522865358.796456,11.8263,1412,0,1
1529634880.599022,0.190059,1412,0,2
1529513491.806258,0.938182,1392,0,2
1522928752.834594,47.393,74,1,4
1522888894.284349,11.7926,1412,0,1
1522954013.803172,22.3756,1412,0,4
1529644963.305117,0.543213,1412,0,2
1522943057.543392,11.1155,1412,0,4
1522888894.652724,12.161,1412,0,1
1522954026.743512,35.316,1412,0,4
1522842692.384608,8.59353,1412,0,1
1527987819.588905,99.1843,302,0,0
1522981564.007676,6.14287,1412,0,4
1529644963.829465,1.06756,1412,0,2
1522727178.052698,4.81727,202,1,3
1522768763.794836,12.9635,1412,1,1
1527760554.890137,41.6518,386,1,0
1522940314.796013,59.8016,74,1,4
1522768765.872023,15.0407,1412,1,1
1527741766.527935,48.6255,241,0,0
1522953993.23674,1.80921,1412,0,4
1522928723.151998,17.7104,1294,0,4
1522940315.040656,60.0462,1294,0,4
1522928747.83315,42.3915,1294,0,4
1522918009.789084,43.4734,1412,0,4
1522768764.195775,13.3644,1412,1,1
1522954045.27485,53.8473,1412,0,4
1522763857.976395,12.9529,1412,1,1
1522928715.640796,10.1992,1294,0,4
1522886697.442216,8.63878,1412,0,1
1522928752.851132,47.4095,1294,0,4
1527760585.583542,72.3452,101,1,0
1529645506.880737,0.688268,1412,0,2
1522861277.228903,8.52002,1412,0,1
1522917966.629918,0.314257,1412,0,4
1522861278.137057,9.42817,125,1,1
1522859388.023698,11.3649,1412,0,1
1522865358.193246,11.2231,1412,0,1
1529554552.128704,0.578776,1412,0,2
1522842706.860007,23.0689,1412,0,1
1522868693.794499,8.83665,1412,0,1
1522964042.791058,3.84669,1412,0,4
1522953994.731332,3.3038,1412,0,4
1522940314.790979,59.7965,74,1,4
1529554552.637335,1.08741,1412,0,2
1522859388.081397,11.4226,1412,0,1
1529554552.309421,0.759493,1412,0,2
1522922696.562912,53.1774,1392,0,4
1522918753.304184,52.9422,378,1,4
1528085207.275853,43.5052,1412,1,0
1522943082.776926,36.349,126,1,4
1529513491.85758,0.989504,1392,0,2
1522868694.241366,9.28352,1412,0,1
1522922655.876553,12.491,1392,0,4
1522886703.126209,14.3228,1412,0,1
1522662270.675223,0.784324,74,1,3
1522981563.962757,6.09795,1412,0,4
1522763853.459244,8.43576,1412,1,1
1522918753.327365,52.9654,1412,0,4
1522842690.914794,7.12371,1412,0,1
1522940313.000306,58.0058,1294,0,4
1527993580.108868,84.456,261,1,0
1522956077.194132,57.4937,1412,0,4
1522859388.406801,11.748,1412,0,1
1522886697.818321,9.01489,1412,0,1
1522943047.044095,0.616206,1412,0,4
1522964099.578405,60.634,1412,0,4
1527745231.376286,6.29917,455,0,0
1529634881.147038,0.738075,1412,0,2
1522768762.872682,12.0413,1412,1,1
1529554552.621435,1.07151,1412,0,2
1522859388.187696,11.5289,1412,0,1
1527791927.756446,6.28451,1412,0,0
1522964075.499323,36.555,119,1,4
1529478747.026574,0.402966,1412,0,2
1522943073.207192,26.7793,1412,0,4
1522763856.483115,11.4596,1412,1,1
1522865359.214721,12.2446,1412,0,1
1522940285.744709,30.7502,1294,0,4
1522917999.55655,33.2409,930,0,4
1529626612.841137,0.853806,1412,0,2
1522956031.459169,11.7587,1412,0,4
1522842698.684156,14.8931,1412,0,1
1529644964.315709,1.55381,1412,0,2
1522886698.14394,9.34051,101,1,1
1522928739.001456,33.5598,1294,0,4
1522853104.443377,5.38678,1412,0,1
1522943057.455218,11.0273,1412,0,4
1522918708.657687,8.29567,1412,0,4
1522888894.733071,12.2414,1412,0,1
1528085242.820276,79.0496,92,0,0
1529541636.593245,1.07554,1412,0,2
1522865359.252657,12.2825,1412,0,1
1529541636.52589,1.00818,1412,0,2
1522853104.142526,5.08593,1412,0,1
1522928747.751175,42.3096,1294,0,4
1522918752.908056,52.546,1412,0,4
1529513492.113643,1.24557,1392,0,2
1522928722.976101,17.5345,1294,0,4
1522940303.437742,48.4433,74,1,4
1522922669.748585,26.363,1392,0,4
1527993511.890011,16.2371,231,0,0
1522662271.756541,1.86564,112,0,3
1527924709.671915,59.1373,101,1,0
1527993527.330742,31.6779,257,1,0
1529564285.865847,0.79401,1412,0,2
1522859388.521785,11.863,1412,0,1
1522943088.603086,42.1752,1412,0,4
1522956020.514537,0.814107,1412,0,4
1522956025.975207,6.27478,1412,0,4
1522768765.62256,14.7912,1412,1,1
1529554552.043473,0.493545,1412,0,2
1522865359.368794,12.3986,1412,0,1
1522940312.983303,57.9888,1294,0,4
1522865359.074311,12.1042,1412,0,1
1522635942.119842,1.05558,1294,0,3
1522853103.876629,4.82003,1412,0,1
1522964040.558748,1.61438,1412,0,4
1529515408.775281,1.29451,1412,0,2
1522886708.084543,19.2811,1412,0,1
1529513491.486017,0.617941,1392,0,2
1529626612.850073,0.862742,1412,0,2
1529645507.194383,1.00191,1412,0,2
1522853102.268896,3.2123,119,1,1
1529515408.069198,0.58843,1412,0,2
1529634881.589351,1.18039,1412,0,2
1529554551.693026,0.143098,100,1,2
1529541636.264118,0.746408,1412,0,2
1522865358.951118,11.981,1412,0,1
1522922692.346206,48.9607,1392,0,4
1522886712.522773,23.7193,101,1,1
1527741739.278995,21.3765,296,0,0
1529554552.003454,0.453526,103,1,2
1529554552.948556,1.39863,1412,0,2
1522928729.341405,23.8998,1294,0,4
1522865358.40995,11.4398,1412,0,1
1529554552.178907,0.628979,1412,0,2
1522953998.649944,7.22241,1412,0,4
1522842698.461289,14.6702,1412,0,1
1522940302.494636,47.5002,1294,0,4
1529645507.96255,1.77008,1412,0,2
1529564285.629248,0.557411,1412,0,2
1522940285.869167,30.8747,1294,0,4
1522940303.902291,48.9078,1294,0,4
1529644963.812588,1.05068,1412,0,2
1529645507.939394,1.74693,1412,0,2
1522964040.742276,1.7979,1412,0,4
1522940285.710772,30.7163,1294,0,4
1522956020.450507,0.750077,1412,0,4
1522842699.047708,15.2566,1412,0,1
1522853103.696615,4.64002,110,1,1
1522928748.330871,42.8893,1294,0,4
1522943057.460361,11.0325,1412,0,4
1522842703.904997,20.1139,1412,0,1
1522861278.367305,9.65842,1412,0,1
1529515408.408661,0.927893,1412,0,2
1529634881.407184,0.998221,1412,0,2
1522928744.389503,38.9479,1294,0,4
1529645507.435314,1.24285,1412,0,2
1522940280.616066,25.6216,1294,0,4
1527987782.00026,61.5957,148,0,0
1522888894.688916,12.1972,1412,0,1
1529541636.393051,0.875341,1412,0,2
1527760524.826319,11.588,87,0,0
1522922643.955001,0.569448,1392,0,4
1522954003.118923,11.6914,1412,0,4
1522928752.823366,47.3817,74,1,4
1529645506.949926,0.757457,1412,0,2
1522956020.400533,0.700103,905,0,4
1529645506.564931,0.372462,1412,0,2
1522868693.765817,8.80797,1412,0,1
1522943106.540079,60.1122,1412,0,4
1522956065.40617,45.7057,235,1,4
1522922655.932699,12.5471,1392,0,4
1522918720.321863,19.9598,1412,0,4
1529513491.633089,0.765013,1392,0,2
1522956026.017198,6.31677,1412,0,4
1522842710.451851,26.6608,1412,0,1
1522886698.455135,9.6517,1412,0,1
1522888894.702195,12.2105,1412,0,1
1522953992.093485,0.665955,1412,0,4
1529513492.042092,1.17402,1392,0,2
1522928715.449922,10.0083,1294,0,4
1522868694.652943,9.6951,1412,0,1
1522943101.712193,55.2843,1412,0,4
1522635942.977092,1.91283,74,0,3
1529478747.613518,0.98991,1412,0,2
1529644963.347617,0.585713,1412,0,2
1528085256.230514,92.4599,104,1,0
1528085197.923214,34.1526,92,0,0
1522763860.667699,15.6442,102,0,1
1522956047.053531,27.3531,1412,0,4
1522981606.447604,48.5828,158,1,4
1529564286.345572,1.27374,1412,0,2
1522768768.775321,17.944,100,0,1
1522888894.257112,11.7654,1412,0,1
1529645507.812042,1.61957,1412,0,2
1522964039.663221,0.71885,1412,0,4
1522888894.346354,11.8546,1412,0,1
1529644962.909462,0.147558,100,1,2
1522918753.18149,52.8195,1412,0,4
1529564286.656879,1.58504,1412,0,2
1529564285.639578,0.567741,1412,0,2
1522954003.243714,11.8162,126,1,4
1522727178.157519,4.92209,74,0,3
1522865358.40045,11.4303,1412,0,1
1522943073.334935,26.907,1412,0,4
1522943096.461711,50.0338,1412,0,4
1529541635.876918,0.359208,1412,0,2
1522763863.617759,18.5943,1412,1,1
1529478747.556275,0.932667,1412,0,2
1522861278.451097,9.74221,1412,0,1
1522888893.866008,11.3743,1412,0,1
1522956077.229777,57.5293,1412,0,4
1522964095.703747,56.7594,1412,0,4
1522928747.908269,42.4667,1294,0,4
1529626612.724909,0.737578,1412,0,2
1529554552.781451,1.23152,1412,0,2
1522853100.590495,1.5339,1412,0,1
1522954035.202079,43.7745,1412,0,4
1522853101.589706,2.53311,1412,0,1
1529634881.527063,1.1181,1412,0,2
1522853102.757229,3.70063,1412,0,1
1529626612.5368,0.549469,1412,0,2
1529644963.012671,0.250767,1412,0,2
1522768775.058854,24.2275,1412,1,1
1529564285.533329,0.461492,1412,0,2
1522928715.468989,10.0274,1294,0,4
1522853104.073073,5.01648,1412,0,1
1527924753.273765,102.739,101,1,0
1522940275.268169,20.2737,1294,0,4
1522981563.842839,5.97804,1412,0,4
1522928723.082631,17.641,1294,0,4
1527791972.872029,51.4001,87,0,0
1522918016.041897,49.7262,125,1,4
1522928752.99975,47.5581,74,1,4
1522763864.419104,19.3956,98,0,1
1522981572.246372,14.3816,1412,0,4
1522918701.949245,1.58723,1412,0,4
1522861278.162178,9.45329,1412,0,1
1528085202.593574,38.8229,332,0,0
1529554552.374845,0.824917,1412,0,2
1522868693.659372,8.70153,1412,0,1
1529554552.340056,0.790128,1412,0,2
1527987739.432125,19.0276,310,1,0
1522940314.524128,59.5297,1294,0,4
1522964051.523418,12.579,1412,0,4
1522981581.349137,23.4843,125,1,4
1522868694.59946,9.64161,1412,0,1
1522940255.870887,0.876424,74,1,4
1522922683.151274,39.7657,1392,0,4
1529644963.530212,0.768308,1412,0,2
1522861278.309292,9.60041,930,0,1
1522940314.11082,59.1164,74,1,4
1529554552.23835,0.688422,1412,0,2
1522842701.522877,17.7318,1412,0,1
1529644963.708697,0.946793,125,1,2
1522940270.001644,15.0072,1294,0,4
1522943057.439686,11.0118,1412,0,4
1522662276.813625,6.92273,74,1,3
1522768763.769804,12.9385,1412,1,1
1522964070.302319,31.3579,1412,0,4
1522928731.653713,26.2121,74,1,4
1522956038.886149,19.1857,1412,0,4
1522964058.717471,19.7731,1412,0,4
1522763860.141887,15.1184,101,0,1
1522842700.01253,16.2215,1412,0,1
1522888894.404381,11.9127,1412,0,1
1522861277.80857,9.09968,1412,0,1
1522928738.938615,33.497,74,1,4
1527741785.816571,67.9141,87,0,0
1529478747.896767,1.27316,1412,0,2
1522763855.307446,10.284,1412,1,1
1522861277.143279,8.43439,947,0,1
1522954003.229757,11.8022,1412,0,4
1522918739.263397,38.9014,1412,0,4
1522853102.25901,3.20241,1412,0,1
1522842696.32109,12.53,1412,0,1
1522842698.32206,14.531,1412,0,1
1522928722.966702,17.5251,1294,0,4
1522922662.142323,18.7568,1392,0,4
1529513492.149016,1.28094,1392,0,2
1522953998.696558,7.26903,1412,0,4
1522886700.807021,12.0036,101,1,1
1522763857.158336,12.1349,1412,1,1
1522918752.664497,52.3025,1412,0,4
1522940314.799178,59.8047,1294,0,4
1522928758.577046,53.1354,1294,0,4
1529634881.159989,0.751026,1412,0,2
1522943057.569376,11.1415,126,1,4
1529515408.692103,1.21133,125,1,2
1522861278.226784,9.5179,1412,0,1
1522928709.70034,4.25872,1294,0,4
1529554552.820945,1.27102,1412,0,2
1529644962.962771,0.200867,1412,0,2
1529644964.340951,1.57905,1412,0,2
1529645507.155974,0.963505,1412,0,2
1522861278.193277,9.48439,125,1,1
1522768767.016304,16.185,1412,1,1
1522922683.095717,39.7102,1392,0,4
1529644963.979894,1.21799,1412,0,2
1522940255.959044,0.964581,1294,0,4
1522940314.381229,59.3868,1294,0,4
1527924671.88838,21.3537,258,1,0
1522928722.974199,17.5326,1294,0,4
1522928715.614218,10.1726,1294,0,4
1522768764.522503,13.6912,1412,1,1
1522928738.957985,33.5164,74,1,4
1529634880.818202,0.409239,1412,0,2
1522886708.508427,19.705,1412,0,1
1522859387.990959,11.3321,1412,0,1
1522928709.527505,4.08589,1294,0,4
1522868693.819641,8.8618,1412,0,1
1522861277.206868,8.49798,1412,0,1
1522888895.05847,12.5668,1412,0,1
1529515408.204874,0.724106,1412,0,2
1529554552.92919,1.37926,125,1,2
1522865358.885139,11.915,1412,0,1
1522918708.664953,8.30294,1412,0,4
1522956031.501383,11.801,126,1,4
1527993540.011807,44.3589,101,1,0
1522956047.130779,27.4303,1412,0,4
1522953998.709159,7.28163,1412,0,4
1529645506.922682,0.730213,1412,0,2
1522768772.535238,21.7039,1412,1,1
1522842693.828489,10.0374,1412,0,1
1522956038.897403,19.197,1412,0,4
1528085197.924703,34.1541,264,0,0
1522768763.120033,12.2887,97,0,1
1529564287.069288,1.99745,1412,0,2
1522964051.342314,12.3979,1412,0,4
1522647186.944495,5.09772,203,0,3
1522768775.141524,24.3102,1412,1,1
1522918016.06838,49.7527,1412,0,4
1522922696.681236,53.2957,1392,0,4
1529541636.136219,0.618509,1412,0,2
1522928748.101125,42.6595,74,1,4
1522922683.216576,39.831,1392,0,4
1522917994.316018,28.0004,1412,0,4
1522940294.359398,39.3649,1294,0,4
1522928715.603164,10.1615,1294,0,4
1529513492.136084,1.26801,1392,0,2
1522763864.929912,19.9064,1412,1,1
1529554552.934481,1.38455,1412,0,2
1522853100.402709,1.34611,1412,0,1
1522853100.104374,1.04778,1412,0,1
1522853104.313138,5.25654,1412,0,1
1527791974.471298,52.9994,103,1,0
1522954035.051127,43.6236,1412,0,4
1522954035.085182,43.6577,1412,0,4
1522713579.185869,6.78246,74,0,3
1522954026.740151,35.3126,1412,0,4
1522861278.09531,9.38643,1412,0,1
1529645507.996082,1.80361,1412,0,2
1522981606.392515,48.5277,158,1,4
1522928758.386862,52.9452,1294,0,4
1522943063.091392,16.6635,1412,0,4
1522886700.166193,11.3628,1412,0,1
1522768774.258123,23.4268,1412,1,1
1522940270.015568,15.0211,1294,0,4
1527924731.484434,80.9498,389,1,0
1522964042.900397,3.95603,1412,0,4
1522943088.655169,42.2273,1412,0,4
1522940261.640333,6.64587,1294,0,4
1522768771.946923,21.1156,1412,1,1
1522865358.876147,11.906,1412,0,1
1522943101.225164,54.7973,1412,0,4
1522868693.793106,8.83526,1412,0,1
1522918009.819358,43.5037,1412,0,4
1522918739.285778,38.9238,1412,0,4
1522763866.321792,21.2983,98,0,1
1529564287.91694,2.8451,1412,0,2
1529645508.156247,1.96378,1412,0,2
1522953998.686904,7.25937,1412,0,4
1522853100.632175,1.57558,1412,0,1
1522956020.652566,0.952136,1412,0,4
1522943088.644941,42.2171,126,1,4
1529554552.681767,1.13184,1412,0,2
1522886699.236007,10.4326,101,1,1
1522868694.717277,9.75943,104,1,1
1522981596.839435,38.9746,1412,0,4
1522865359.276827,12.3067,1412,0,1
1522886707.486986,18.6836,1412,0,1
1529634881.334463,0.9255,1412,0,2
1522918720.25194,19.8899,1412,0,4
1522859388.003461,11.3446,1412,0,1
1522888894.64558,12.1539,1412,0,1
1522888894.530005,12.0383,1412,0,1
1528083129.842746,72.7676,392,1,0
1522861278.03535,9.32647,1412,0,1
1522922677.839236,34.4537,1392,0,4
1522956026.027967,6.32754,1412,0,4
1522662275.410599,5.5197,74,1,3
1522928747.552284,42.1107,1294,0,4
1522928747.543317,42.1017,1294,0,4
1522953994.435309,3.00778,1412,0,4
1522853104.597665,5.54107,1412,0,1
1522956038.874896,19.1745,126,1,4
1522859388.581401,11.9226,1412,0,1
1522956020.650555,0.950125,1412,0,4
1522886698.733254,9.92982,1412,0,1
1529554552.626649,1.07672,1412,0,2
1522865358.702945,11.7328,1412,0,1
1522763854.630574,9.60709,98,0,1
1522739791.55824,6.38559,1294,0,3
1522954026.768667,35.3411,1412,0,4
1522922669.765315,26.3798,106,1,4
1522964063.921851,24.9775,1412,0,4
1522928717.711307,12.2697,74,1,4
1522943062.96977,16.5419,1412,0,4
1528085241.71218,77.9415,235,0,0
1529541636.595738,1.07803,1412,0,2
1522763864.441229,19.4177,1412,1,1
1529478747.241783,0.618175,1412,0,2
1522940303.557688,48.5632,74,1,4
1529478747.272554,0.648946,1412,0,2
1522842693.19502,9.40394,175,1,1
1522918009.819363,43.5037,1412,0,4
1522865358.774683,11.8045,1412,0,1
1522928748.282286,42.8407,1294,0,4
1522865358.747724,11.7776,1412,0,1
1527791993.798925,72.327,100,1,0
1522888894.503357,12.0116,1412,0,1
1529644963.995109,1.23321,1412,0,2
1522928758.602818,53.1612,74,1,4
1529645506.933867,0.741398,1412,0,2
1522886697.623387,8.81995,1412,0,1
1522954003.118897,11.6914,126,1,4
1522943073.267679,26.8398,1412,0,4
1529645506.914032,0.721563,125,1,2
1522940294.376324,39.3819,1294,0,4
1522922662.101677,18.7161,1392,0,4
1522768762.381651,11.5503,1412,1,1
1522981563.882931,6.01813,1412,0,4
1522859388.689914,12.0311,1412,0,1
1522886702.088577,13.2851,1412,0,1
1522886698.531997,9.72856,101,1,1
1522940285.849325,30.8549,74,1,4
1522940313.649342,58.6549,1294,0,4
1527745311.307088,86.23,101,1,0
1522943100.785174,54.3573,116,1,4
1522768770.018098,19.1868,100,0,1
1522768763.677741,12.8464,1412,1,1
1522956028.217291,8.51686,1412,0,4
1529564286.809083,1.73725,1412,0,2
1529554551.997537,0.447609,1412,0,2
1522861277.492523,8.78364,1412,0,1
1522868694.481678,9.52383,1412,0,1
1522918739.246757,38.8847,1412,0,4
1522888894.149531,11.6578,1412,0,1
1522940285.733305,30.7388,1294,0,4
1527987786.505757,66.1012,148,0,0
1522888894.755823,12.2641,1412,0,1
1529645507.20671,1.01424,1412,0,2
1522956056.579104,36.8787,1412,0,4
1522853100.732181,1.67559,1412,0,1
1522918024.539982,58.2243,1412,0,4
1522918720.254978,19.893,1412,0,4
1522853101.318347,2.26175,1412,0,1
1522647182.25894,0.412163,1294,1,3
1522940288.982845,33.9884,1294,0,4
1529515408.711631,1.23086,125,1,2
1522865359.236185,12.266,1412,0,1
1522886701.99182,13.1884,1412,0,1
1529626612.08745,0.100119,100,1,2
1522917979.320644,13.005,1412,0,4
1522956077.357785,57.6574,1412,0,4
1522918702.347608,1.98559,1412,0,4
1529513491.82726,0.959184,105,1,2
1522922696.600214,53.2147,1392,0,4
1522768775.787181,24.9558,1412,1,1
1522956046.977584,27.2772,1412,0,4
1529541636.727449,1.20974,1412,0,2
1529554552.538488,0.98856,1412,0,2
1522861277.592685,8.8838,1412,0,1
1522763858.341755,13.3183,1412,1,1
1522918700.388678,0.026664,100,1,4
1522922683.133154,39.7476,1392,0,4
1522886705.64037,16.8369,101,1,1
1522861277.889413,9.18053,1412,0,1
1522956031.442469,11.742,1412,0,4
1522943057.478301,11.0504,126,1,4
1522842698.777607,14.9865,1412,0,1
1522928723.02699,17.5854,1294,0,4
1522888894.462891,11.9712,1412,0,1
1522859388.551334,11.8925,1412,0,1
1529478747.508687,0.885079,1412,0,2
1522954013.843065,22.4155,1412,0,4
1529644963.641319,0.879415,1412,0,2
1522888894.748431,12.2567,1412,0,1
1522861278.183852,9.47497,1412,0,1
1528083076.753432,19.6782,1412,1,0
1522953994.805335,3.3778,1412,0,4
1522768763.784454,12.9531,1412,1,1
1522853102.378083,3.32149,1412,0,1
1527993553.674973,58.0221,148,0,0
1522917979.298346,12.9827,1412,0,4
1522861278.474198,9.76531,1412,0,1
1522922683.276566,39.891,1392,0,4
1522922646.503124,3.11757,1392,0,4
1529644963.492898,0.730994,126,1,2
1522943107.138437,60.7105,1412,0,4
1522859387.691292,11.0325,1412,0,1
1522842710.898003,27.1069,1412,0,1
1529644963.662373,0.900469,1412,0,2
1522940303.445154,48.4507,1294,0,4
1529564287.704615,2.63278,1412,0,2
1522956038.672085,18.9717,1412,0,4
1522918748.683314,48.3213,122,1,4
1522943088.527546,42.0997,1412,0,4
1522943078.527619,32.0997,1412,0,4
1522940256.106083,1.11162,74,1,4
1522918739.234257,38.8722,1412,0,4
1522865358.329126,11.359,1412,0,1
1522859388.63149,11.9727,1412,0,1
1522956077.011766,57.3113,1412,0,4
1522940275.135503,20.141,1294,0,4
1522886710.071815,21.2684,1412,0,1
1527987767.143115,46.7386,148,0,0
1527987753.084806,32.6802,87,0,0
1529634881.380552,0.971589,1412,0,2
1529515408.764123,1.28335,1412,0,2
1522763856.31393,11.2904,95,0,1
1522853103.666891,4.6103,1412,0,1
1522964070.123135,31.1788,1412,0,4
1522868693.330365,8.37252,113,1,1
1529541635.845913,0.328203,1412,0,2
1522744997.734257,7.1838,74,1,3
1522865359.225389,12.2552,1412,0,1
1529634881.832683,1.42372,1412,0,2
1522713581.1146,8.71119,1294,0,3
1527987775.098088,54.6935,87,0,0
1528085225.487864,61.7172,87,0,0
1522956056.484886,36.7845,126,1,4
1522886705.742325,16.9389,101,1,1
1522886704.155238,15.3518,101,1,1
1522956070.070419,50.37,110,1,4
1527760523.536055,10.2977,558,0,0
1522853102.185781,3.12919,1412,0,1
1522865358.048683,11.0785,124,1,1
1522886709.973599,21.1702,1412,0,1
1522964042.873843,3.92947,1412,0,4
1522954026.767065,35.3395,1412,0,4
1522865358.145466,11.1753,126,1,1
1522853103.631762,4.57517,1412,0,1
1527993533.181272,37.5284,92,0,0
1522739790.595409,5.42276,1294,0,3
1522868694.733818,9.77597,1412,0,1
1522886711.033874,22.2304,1412,0,1
1527741828.194502,110.292,101,1,0
1529478746.864475,0.240867,1412,0,2
1522853104.332999,5.2764,1412,0,1
1529626612.981002,0.993671,1412,0,2
1522940261.558955,6.56449,74,1,4
1522964051.50705,12.5627,125,1,4
1529564286.797888,1.72605,126,1,2
1522956025.950802,6.25037,1412,0,4
1529515408.759565,1.2788,126,1,2
1529564287.087628,2.01579,1412,0,2
1522940256.031084,1.03662,74,1,4
1529554551.863563,0.313635,1412,0,2
1522853101.685405,2.62881,113,1,1
1522865359.054778,12.0846,125,1,1
1522922646.495935,3.11038,1392,0,4
1522861278.298589,9.5897,1412,0,1
1522842703.899941,20.1089,1412,0,1
1522928753.053516,47.6119,1294,0,4
1527741800.758317,82.8558,87,0,0
1529626612.591972,0.604641,1249,0,2
1522888894.852264,12.3605,1412,0,1
1528083172.893348,115.818,402,1,0
1522886700.017779,11.2143,1412,0,1
1522943057.604939,11.177,1412,0,4
1529634881.956127,1.54716,1412,0,2
1522918752.652962,52.2909,1412,0,4
1522886699.348163,10.5447,1412,0,1
1522763855.957295,10.9338,101,0,1
1529541636.441347,0.923637,1412,0,2
1522768765.835943,15.0046,1412,1,1
1522928753.49714,48.0555,74,1,4
1522635941.677793,0.61353,74,1,3
1522886702.65682,13.8534,1412,0,1
1522940303.13676,48.1423,74,1,4
1522928709.76176,4.32014,110,1,4
1522861278.121577,9.41269,1412,0,1
1522964058.553214,19.6088,1412,0,4
1529541635.929587,0.411877,1412,0,2
1522861277.697938,8.98905,1412,0,1
1522981606.729509,48.8647,1412,0,4
1529564286.028389,0.956552,1412,0,2
1522865358.345136,11.375,1412,0,1
1522940285.815439,30.821,1294,0,4
1529554552.971707,1.42178,1412,0,2
1522853101.931295,2.8747,1412,0,1
1522918733.902811,33.5408,1412,0,4
1528085190.502548,26.7319,314,1,0
1522918009.787994,43.4723,1412,0,4
1522763860.740366,15.7169,1412,1,1
1522842705.129708,21.3386,104,1,1
1522853104.033074,4.97648,1412,0,1
1529564286.310725,1.23889,1412,0,2
1529644964.05418,1.29228,1412,0,2
1529478747.420564,0.796956,1412,0,2
1527760626.366584,113.128,104,1,0
1522853101.489779,2.43318,1412,0,1
1522956031.588739,11.8883,126,1,4
1522727176.568371,3.33294,74,0,3
1522763864.183434,19.16,1412,1,1
1522981572.242853,14.378,1412,0,4
1529564285.872599,0.800762,1412,0,2
1522928748.33985,42.8982,1294,0,4
1522763858.456797,13.4333,1412,1,1
1522953994.724071,3.29654,1412,0,4
1522928739.093084,33.6515,74,1,4
1529626612.715647,0.728316,1412,0,2
1529541635.890669,0.372959,1412,0,2
1527993561.152886,65.5,258,1,0
1522886704.824862,16.0214,1412,0,1
1522940275.233498,20.239,74,1,4
1522964040.761992,1.81762,1412,0,4
1522716080.424301,7.89902,1294,0,3
1527745297.062742,71.9856,314,0,0
1522940304.301295,49.3068,1294,0,4
1522918720.228263,19.8662,1412,0,4
1522954026.660464,35.2329,1412,0,4
1522940261.554527,6.56006,74,1,4
1522981606.18774,48.3229,1412,0,4
1522768773.609185,22.7778,1412,1,1
1522861277.312361,8.60348,1412,0,1
1529644963.158178,0.396274,939,0,2
1529634881.383778,0.974815,1412,0,2
1529644962.916877,0.154973,1412,0,2
1522853103.660832,4.60424,1412,0,1
1522954003.176139,11.7486,1412,0,4
1522865358.399201,11.429,1412,0,1
1522917999.532832,33.2172,1412,0,4
1522981596.829823,38.965,1412,0,4
1528085181.781062,18.0104,101,1,0
1522842703.998647,20.2076,104,1,1
1529626612.883189,0.895858,1412,0,2
1522922644.405035,1.01948,1392,0,4
1529626612.981005,0.993674,1412,0,2
1522928753.52415,48.0825,1294,0,4
1522853105.441611,6.38502,1412,0,1
1522865359.226004,12.2558,1412,0,1
1522842696.859749,13.0687,1412,0,1
1522954013.972088,22.5446,1412,0,4
1529554552.39507,0.845142,1412,0,2
1527791930.531473,9.05953,696,0,0
1522964095.268465,56.3241,263,1,4
1522922669.691194,26.3056,1392,0,4
1522928753.340112,47.8985,74,1,4
1522842693.370053,9.57897,153,1,1
1522886704.831354,16.0279,114,1,1
1522964083.965199,45.0208,1412,0,4
1522928758.617279,53.1757,1294,0,4
1522943088.645912,42.218,1412,0,4
1522940275.182088,20.1876,74,1,4
1522763859.654602,14.6311,95,0,1
1522940288.963701,33.9692,1294,0,4
1522918748.566644,48.2046,1412,0,4
1529644963.495262,0.733358,1412,0,2
1522888894.665191,12.1735,1412,0,1
1522853103.550267,4.49367,1412,0,1
1522981606.61855,48.7537,1412,0,4
1522768762.552447,11.7211,100,0,1
1522956056.474231,36.7738,1412,0,4
1522763859.155478,14.132,1412,1,1
1522922646.499155,3.1136,1392,0,4
1522954026.713164,35.2856,1412,0,4
1522943046.942089,0.5142,1412,0,4
1527851048.037581,86.4738,283,0,0
1522861277.836533,9.12765,1412,0,1
1529541636.521804,1.00409,138,1,2
1522954003.084617,11.6571,1412,0,4
1522928753.290031,47.8484,74,1,4
1522940261.511685,6.51722,74,1,4
1522861278.256573,9.54769,1412,0,1
1522886703.315027,14.5116,1412,0,1
1522768764.369348,13.538,1412,1,1
1522922669.572421,26.1869,671,1,4
1522943082.694106,36.2662,1412,0,4
1522918702.393597,2.03158,1412,0,4
1522956026.084641,6.38421,1412,0,4
1522964083.264551,44.3202,1412,0,4
1522865358.680851,11.7107,1412,0,1
1522956038.899041,19.1986,126,1,4
1522943082.72574,36.2979,1412,0,4
1522842694.051993,10.2609,104,1,1
1529564287.983282,2.91145,1412,0,2
1522940302.558623,47.5642,74,1,4
1529554552.764438,1.21451,1412,0,2
1522964075.75229,36.8079,1412,0,4
1527792027.288707,105.817,100,1,0
1522842693.00093,9.20985,175,1,1
1522713576.654945,4.25153,198,1,3
1522768765.067664,14.2363,1412,1,1
1522940294.308461,39.314,1294,0,4
1522842706.535709,22.7446,1412,0,1
1522888894.820477,12.3288,1412,0,1
1522853105.449876,6.39328,1412,0,1
1522943097.210006,50.7821,172,1,4
1522964084.081957,45.1376,1412,0,4
1522853103.968563,4.91197,1412,0,1
1522853105.846429,6.78983,1412,0,1
1522964051.500497,12.5561,1412,0,4
1529554551.883013,0.333085,1412,0,2
1522964070.122963,31.1786,1412,0,4
1522981572.150721,14.2859,1412,0,4
1527760563.279889,50.0416,262,1,0
1529515408.14963,0.668862,1412,0,2
1522940256.119069,1.12461,1294,0,4
1522964042.881196,3.93683,1412,0,4
1529645507.156946,0.964477,1412,0,2
1522842697.514613,13.7235,1412,0,1
1522940270.129482,15.135,1294,0,4
1522853103.519905,4.46331,1412,0,1
1522861277.98827,9.27939,1412,0,1
1522859387.786519,11.1277,1412,0,1
1522865358.923393,11.9532,1412,0,1
1529554551.994604,0.444676,1412,0,2
1522940288.959181,33.9647,1294,0,4
1522954013.932421,22.5049,1412,0,4
1522842696.561773,12.7707,1412,0,1
1522763866.515896,21.4924,1412,1,1
1522928706.18389,0.742273,1294,0,4
1522922645.322098,1.93655,1392,0,4
1527745246.450645,21.3735,91,0,0
1522763854.231378,9.2079,1412,1,1
1529515407.763654,0.282886,1412,0,2
1522964099.428688,60.4843,113,1,4
1529513491.538197,0.670121,106,1,2
1522981568.218309,10.3535,1412,0,4
1522859388.366528,11.7077,1412,0,1
1522943082.811583,36.3837,1412,0,4
1522859387.812494,11.1537,1412,0,1
1522918702.401587,2.03957,1412,0,4
1522888895.024643,12.5329,1412,0,1
1522928759.094205,53.6526,1294,0,4
1529478747.173496,0.549888,1412,0,2
1522868693.890077,8.93223,1412,0,1
1522928739.019787,33.5782,1294,0,4
1522763865.252458,20.229,1412,1,1
1529554552.389039,0.839111,1412,0,2
1527792023.772402,102.3,87,0,0
1522943057.447423,11.0195,1412,0,4
1529515408.378543,0.897775,1412,0,2
1522940263.752802,8.75834,74,1,4
1522964095.358401,56.414,1412,0,4
1522943052.267604,5.83972,1412,0,4
1529515407.788667,0.307899,1412,0,2
1529513491.009616,0.14154,1392,0,2
1522886700.272998,11.4696,114,1,1
1522886707.45547,18.652,101,1,1
1522940285.752771,30.7583,1294,0,4
1522964042.900415,3.95604,146,0,4
1522888894.172572,11.6809,1412,0,1
1522956020.56154,0.86111,1412,0,4
1522940280.541452,25.547,1294,0,4
1522981572.246869,14.3821,1412,0,4
1522981572.151263,14.2865,1412,0,4
1529626612.324897,0.337566,1412,0,2
1529554551.839583,0.289655,1412,0,2
1522940255.987089,0.992626,74,1,4
1522956047.129053,27.4286,1412,0,4
1522865358.794598,11.8244,1412,0,1
1522918753.182598,52.8206,1412,0,4
1522842708.156658,24.3656,1412,0,1
1522943057.468236,11.0403,930,0,4
1529541636.701781,1.18407,1412,0,2
1522861277.487835,8.77895,1412,0,1
1529626612.417294,0.429963,126,1,2
1522918748.494325,48.1323,1412,0,4
1522859388.674426,12.0156,1412,0,1
1527993606.133022,110.48,233,0,0
1522928748.340526,42.8989,1294,0,4
1527924741.689168,91.1545,87,0,0
1529645506.739214,0.546745,1412,0,2
1529554552.510651,0.960723,1412,0,2
1522763863.192747,18.1693,1412,1,1
1522853101.429072,2.37248,1412,0,1
1522956038.659073,18.9586,1412,0,4
1522981563.914111,6.04931,1412,0,4
1522940275.189541,20.1951,1294,0,4
1522853103.372987,4.31639,1412,0,1
1522865358.115134,11.145,1412,0,1
1529478747.299867,0.676259,1412,0,2
1522943057.440679,11.0128,1412,0,4
1522964042.875154,3.93078,1412,0,4
1522842694.515167,10.7241,1412,0,1
1522715511.309916,7.29426,1294,0,3
1529515407.833924,0.353156,930,0,2
1522928731.458996,26.0174,1294,0,4
1522842705.977784,22.1867,1412,0,1
1522861278.490839,9.78195,1412,0,1
1522956065.650456,45.95,1412,0,4
1522768765.047048,14.2157,94,0,1
1522943046.965079,0.53719,1412,0,4
1522886701.69097,12.8875,1412,0,1
1522922652.563219,9.17767,1392,0,4
1522953995.181356,3.75383,1412,0,4
1522964058.718591,19.7742,1412,0,4
1522842703.269428,19.4783,1412,0,1
1522918739.226841,38.8648,1412,0,4
1529554552.973207,1.42328,1412,0,2
1527791936.205503,14.7336,207,0,0
1529644963.035594,0.27369,1412,0,2
1522654301.747021,0.655691,74,0,3
1522981572.220306,14.3555,1412,0,4
1522922696.62479,53.2392,1392,0,4
1522861277.770514,9.06163,1412,0,1
1522888894.441291,11.9496,125,1,1
1522865358.378777,11.4086,1412,0,1
1522956069.647131,49.9467,1412,0,4
1529644963.458545,0.696641,1412,0,2
1522956069.900122,50.1997,1412,0,4
1522964075.855845,36.9115,1412,0,4
1522763866.302706,21.2792,1412,1,1
1522868693.771567,8.81372,1412,0,1
1522956069.750706,50.0503,1412,0,4
1522853102.872059,3.81546,1412,0,1
1527791925.520852,4.04891,372,0,0
1522928753.745502,48.3039,1294,0,4
1522954035.17942,43.7519,1412,0,4
1522763862.51379,17.4903,1412,1,1
1522763862.617825,17.5943,1412,1,1
1522918739.296038,38.934,1412,0,4
1522842710.215641,26.4246,1412,0,1
1522940285.738276,30.7438,74,1,4
1522859388.750084,12.0913,1412,0,1
1522842700.279768,16.4887,1412,0,1
1522940314.862435,59.868,74,1,4
1529626612.519167,0.531836,1412,0,2
1522956019.788486,0.0880561,1412,0,4
1522922645.333824,1.94827,1392,0,4
1522918702.468588,2.10657,1412,0,4
1529645507.42867,1.2362,1412,0,2
1522886699.073478,10.27,1412,0,1
1522940261.664188,6.66972,1294,0,4
1522964070.306915,31.3625,125,1,4
1522763863.35588,18.3324,1412,1,1
1522886691.729644,2.92621,98,1,1
1522953994.758957,3.33143,1412,0,4
1529645507.424872,1.2324,1412,0,2
1522964064.04561,25.1012,1412,0,4
1529478746.75873,0.135122,1412,0,2
1522940285.855885,30.8614,1294,0,4
1522940294.251472,39.257,1294,0,4
1529515407.862722,0.381954,1412,0,2
1522981563.841862,5.97706,1412,0,4
1522928731.691355,26.2497,1294,0,4
1522886713.136095,24.3327,1412,0,1
1522859387.757664,11.0988,1412,0,1
1527741801.080583,83.1781,101,1,0
1522928748.338497,42.8969,1294,0,4
1522956038.855466,19.155,1412,0,4
1529644963.17743,0.415526,1412,0,2
1527760628.528528,115.29,87,0,0
1522928731.659686,26.2181,1294,0,4
1522956020.53954,0.83911,1412,0,4
1522763859.190241,14.1668,98,0,1
1522868694.667762,9.70992,1412,0,1
1522956047.124786,27.4244,1412,0,4
1529478747.816851,1.19324,1412,0,2
1522954035.073649,43.6461,1412,0,4
1522928729.343114,23.9015,1294,0,4
1522940270.067048,15.0726,74,1,4
1522943073.216381,26.7885,1412,0,4
1522928757.939115,52.4975,74,1,4
1527993596.43594,100.783,258,1,0
1522943088.590193,42.1623,1412,0,4
1522943073.291803,26.8639,1412,0,4
1522943088.631544,42.2037,1412,0,4
1522763865.604037,20.5806,1412,1,1
1522964076.056295,37.1119,1412,0,4
1522956070.472394,50.772,1412,0,4
1529626612.123688,0.136357,1412,0,2
1522886710.756414,21.953,1412,0,1
1522943047.056083,0.628194,1412,0,4
1522763861.533825,16.5103,1412,1,1
1522964075.838288,36.8939,1412,0,4
1522928706.023328,0.581711,1294,0,4
1522868693.437844,8.48,1412,0,1
1522928729.301219,23.8596,1294,0,4
1529645507.520206,1.32774,1412,0,2
1529541635.855778,0.338068,1412,0,2
1522842704.356507,20.5654,1412,0,1
1528085272.213297,108.443,92,0,0
1522943096.734222,50.3063,1412,0,4
1522886706.803985,18.0006,1412,0,1
1522868694.681357,9.72351,1412,0,1
1522928758.922741,53.4811,74,1,4
1529513491.0104,0.142324,104,1,2
1522928731.534225,26.0926,74,1,4
1522981605.872839,48.008,1412,0,4
1529513491.731765,0.863689,106,1,2
1527850989.617948,28.0542,268,1,0
1522940256.132058,1.13759,1294,0,4
1529564288.142702,3.07087,1412,0,2
1522956047.125619,27.4252,1412,0,4
1529554552.659673,1.10975,1412,0,2
1522886702.11027,13.3068,1412,0,1
1522853100.927464,1.87087,1412,0,1
1522964099.588914,60.6445,1412,0,4
1529515408.537238,1.05647,1412,0,2
1522964039.658929,0.714558,1412,0,4
1522868694.847338,9.88949,125,1,1
1522853101.719238,2.66264,1412,0,1
1522853105.051915,5.99532,1412,0,1
1522861277.625254,8.91637,1412,0,1
1522918702.322595,1.96058,1412,0,4
1522943101.724865,55.297,1412,0,4
1522861277.548527,8.83964,1412,0,1
1527993542.707985,47.0551,101,1,0
1522956026.07474,6.37431,1412,0,4
1522922683.166908,39.7814,1392,0,4
1522940280.510464,25.516,1294,0,4
1522868693.376665,8.41882,1412,0,1
1522928747.95413,42.5125,74,1,4
1522964039.415478,0.471107,1412,0,4
1522953992.631216,1.20369,1412,0,4
1522842693.099794,9.30871,1412,0,1
1522768770.90154,20.0702,1412,1,1
1522763853.137517,8.11403,1412,1,1
1522953998.70047,7.27294,1412,0,4
1522917983.572637,17.257,1412,0,4
1522954026.66312,35.2356,1412,0,4
1529626612.821475,0.834144,1412,0,2
1529478747.16806,0.544452,1412,0,2
1522886703.826286,15.0229,101,1,1
1522861277.673073,8.96419,125,1,1
1522715510.938371,6.92271,1294,0,3
1522943078.568544,32.1407,1412,0,4
1528085207.144112,43.3735,260,1,0
1528085197.463649,33.693,326,0,0
1522853104.422853,5.36626,1412,0,1
1529634881.332496,0.923533,1412,0,2
1522768770.967912,20.1366,1412,1,1
1522928709.686949,4.24533,74,1,4
1522635942.170153,1.10589,1294,0,3
1522954003.497826,12.0703,1412,0,4
1529564287.888053,2.81622,1412,0,2
1522886712.637763,23.8343,101,1,1
1529634881.114246,0.705283,1412,0,2
1522859387.683321,11.0245,1412,0,1
1529645506.717341,0.524872,1412,0,2
1522964039.215835,0.271464,1412,0,4
1528085173.216677,9.44604,1412,1,0
1522865358.77313,11.803,1412,0,1
1527745226.011932,0.934813,84,0,0
1529513491.406991,0.538915,1392,0,2
1522861278.124433,9.41555,1412,0,1
1529554552.789836,1.23991,1412,0,2
1522865358.817468,11.8473,1412,0,1
1529515408.168762,0.687994,1412,0,2
1522917968.289258,1.9736,1412,0,4
1522888893.952955,11.4612,1412,0,1
1528085170.338818,6.56819,1412,0,0
1522956026.050502,6.35007,1412,0,4
1522865358.435623,11.4655,1412,0,1
1522842700.44944,16.6584,109,1,1
1522868694.172984,9.21514,1412,0,1
1522940269.988618,14.9942,74,1,4
1522886699.731159,10.9277,1412,0,1
1529626612.689817,0.702486,1412,0,2
1529626612.590984,0.603653,1412,0,2
1522868694.346518,9.38867,1412,0,1
1522853102.825526,3.76893,1412,0,1
1522956019.791559,0.0911291,1412,0,4
1522953998.698853,7.27132,1412,0,4
1522859387.885817,11.227,1412,0,1
1522886713.011754,24.2083,1412,0,1
1522956025.992561,6.29213,1412,0,4
1522954013.994258,22.5667,1412,0,4
1522865358.135204,11.165,1412,0,1
1529644963.645395,0.883491,1412,0,2
1522768759.612897,8.78156,604,1,1
1527760515.026759,1.78844,761,1,0
1522956077.387497,57.6871,1412,0,4
1522918702.368432,2.00642,1412,0,4
1522940313.119344,58.1249,74,1,4
1522861277.097586,8.3887,1412,0,1
1522842701.156397,17.3653,1412,0,1
1522981564.003056,6.13825,1412,0,4
1522964082.875117,43.9307,1412,0,4
1522842698.452326,14.6612,101,1,1
1522865359.07183,12.1017,1412,0,1
1522763857.182864,12.1594,98,0,1
1527993556.602641,60.9498,338,0,0
1529644963.159028,0.397124,1412,0,2
1522865358.044968,11.0748,1412,0,1
1522763857.190347,12.1669,1412,1,1
1522940314.546124,59.5517,74,1,4
1522861278.166373,9.45749,1412,0,1
1522768762.91499,12.0837,100,0,1
1522953995.190355,3.76283,1412,0,4
1522868693.616164,8.65832,1412,0,1
1522713578.686053,6.28264,74,1,3
1529513491.712611,0.844535,106,1,2
1522940261.619921,6.62546,74,1,4
1522842697.595859,13.8048,1412,0,1
1522842703.532286,19.7412,1412,0,1
1522943073.360416,26.9325,1412,0,4
1529513491.016596,0.14852,1392,0,2
1527792006.353268,84.8813,87,0,0
1522964099.800432,60.8561,1412,0,4
1529644963.820126,1.05822,1412,0,2
1522964063.79657,24.8522,1412,0,4
1529478746.932302,0.308694,1412,0,2
1529515407.682867,0.202099,1412,0,2
1529478747.1173,0.493692,113,1,2
1522763855.511209,10.4877,95,0,1
1522928731.485677,26.0441,1294,0,4
1522956038.84012,19.1397,1412,0,4
1522940285.815851,30.8214,74,1,4
1522886699.035186,10.2318,1412,0,1
1522868694.782061,9.82422,1412,0,1
1522953992.124419,0.696889,1412,0,4
1522918720.262413,19.9004,1412,0,4
1522861277.507315,8.79843,1412,0,1
1529564286.759505,1.68767,1412,0,2
1522964051.397893,12.4535,1412,0,4
1522861277.971802,9.26292,1412,0,1
1529564286.364732,1.2929,1412,0,2
1522981612.972946,55.1081,109,1,4
1529626612.983994,0.996663,1412,0,2
1522943063.01418,16.5863,125,1,4
1522956019.737504,0.0370741,100,1,4
1522716080.130298,7.60502,1294,0,3
1528085170.33737,6.56674,1412,0,0
1522964051.373124,12.4288,1412,0,4
1522922683.194043,39.8085,1392,0,4
1522853102.216393,3.1598,1412,0,1
1522842691.419161,7.62808,123,1,1
1522953995.191346,3.76382,1412,0,4
1522928744.451083,39.0095,1294,0,4
1529554551.983537,0.433609,1412,0,2
1522853104.569637,5.51304,98,1,1
1522886709.383186,20.5798,1412,0,1
1522953998.746147,7.31862,1412,0,4
1522964051.524577,12.5802,1412,0,4
1529644962.981768,0.219864,1412,0,2
1522859388.161959,11.5031,1412,0,1
1522928753.499137,48.0575,1294,0,4
1522861277.880904,9.17202,1412,0,1
1529645506.934959,0.74249,1412,0,2
1522768763.855866,13.0245,1412,1,1
1522928723.03025,17.5886,1294,0,4
1522886709.680618,20.8772,101,1,1
1522981606.884935,49.0201,1412,0,4
1522715513.557634,9.54198,74,0,3
1522922683.061937,39.6764,1392,0,4
1529626612.339174,0.351843,125,1,2
1522842697.25558,13.4645,1412,0,1
1522918752.77334,52.4113,1412,0,4
1522763855.363501,10.34,1412,1,1
1522964040.755282,1.81091,1412,0,4
1527851004.085379,42.5216,87,0,0
1528085272.621876,108.851,92,0,0
1522865359.005446,12.0353,1412,0,1
1522953994.789332,3.3618,1412,0,4
1522940302.90513,47.9107,1294,0,4
1529626612.66003,0.672699,1412,0,2
1522964039.60822,0.663849,1412,0,4
1522964051.306305,12.3619,1412,0,4
1522964095.493406,56.549,1412,0,4
1522953992.620407,1.19288,125,1,4
1522964051.398886,12.4545,1412,0,4
1522853104.142795,5.0862,1412,0,1
1522768781.553733,30.7224,274,0,1
1522861277.040568,8.33168,124,1,1
1522842702.921866,19.1308,1412,0,1
1522954026.784069,35.3565,1412,0,4
1522888894.522029,12.0303,122,1,1
1522768771.684035,20.8527,1412,1,1
1522888894.420144,11.9284,125,1,1
1522964075.349291,36.4049,116,1,4
1522943078.462283,32.0344,1412,0,4
1522853100.422866,1.36627,1412,0,1
1522943063.160649,16.7328,1412,0,4
1522981581.325204,23.4604,1412,0,4
1522956038.856003,19.1556,1412,0,4
1529645506.971785,0.779316,1412,0,2
1527924662.627294,12.0926,1412,1,0
1529564285.802872,0.731035,125,1,2
1522953994.700322,3.27279,1412,0,4
1522964083.995876,45.0515,1412,0,4
1522943073.395442,26.9676,1412,0,4
1522928715.430233,9.98862,1294,0,4
1522865359.235566,12.2654,1412,0,1
1522943063.155172,16.7273,1412,0,4
1522928748.014455,42.5728,1294,0,4
1522981563.98129,6.11649,1412,0,4
1522964051.519896,12.5755,1412,0,4
1528083078.976881,21.9017,92,0,0
1522768763.816747,12.9854,1412,1,1
1522928748.150309,42.7087,1294,0,4
1522956021.053582,1.35315,1412,0,4
1522868693.675916,8.71807,125,1,1
1522956038.874799,19.1744,1412,0,4
1522853104.741833,5.68524,1412,0,1
1522928715.435178,9.99356,1294,0,4
1522763853.229588,8.20611,110,0,1
1522943082.709848,36.282,1412,0,4
1529644963.147776,0.385872,1412,0,2
1522861277.401834,8.69295,1412,0,1
1522940270.066357,15.0719,1294,0,4
1522739790.597113,5.42447,1294,0,3
1529634881.953807,1.54484,1412,0,2
1529478747.718519,1.09491,1412,0,2
1522842706.33439,22.5433,1412,0,1
1522886700.188396,11.385,1412,0,1
1522865358.424767,11.4546,1412,0,1
1522868694.83513,9.87729,1412,0,1
1522964083.086731,44.1424,192,1,4
1527993606.964465,111.312,393,1,0
1529554552.622277,1.07235,1412,0,2
1522861277.088354,8.37947,1412,0,1
1529626612.320749,0.333418,1412,0,2
1529478747.76589,1.14228,1412,0,2
1522768775.829963,24.9986,1412,1,1
1522763864.504828,19.4813,1412,1,1
1522928723.121547,17.6799,1294,0,4
1522861277.086694,8.37781,1412,0,1
1522953992.652203,1.22467,205,0,4
1522928739.067475,33.6259,74,1,4
1522964095.14639,56.202,1412,0,4
1522763853.331369,8.30789,1412,1,1
1522865359.000876,12.0307,1412,0,1
1522918720.167121,19.8051,1412,0,4
1522953994.770405,3.34288,1412,0,4
1522922644.300031,0.914478,1392,0,4
1522886709.155577,20.3521,1412,0,1
1522981563.931112,6.06631,1412,0,4
1522928758.31033,52.8687,1294,0,4
1529513491.481947,0.613871,1392,0,2
1522768769.261102,18.4298,1412,1,1
1522943073.254576,26.8267,1412,0,4
1522859388.570835,11.912,1412,0,1
1522922669.595438,26.2099,1392,0,4
1522865359.112105,12.1419,1412,0,1
1522943057.536151,11.1083,1412,0,4
1522768770.735427,19.9041,1412,1,1
1522886704.676664,15.8732,1412,0,1
1522981581.341047,23.4762,1412,0,4
1522886702.486151,13.6827,1412,0,1
1522868693.864262,8.90642,1412,0,1
1527760525.950847,12.7125,146,0,0
1522917994.305496,27.9898,1412,0,4
1529513491.673348,0.805272,1392,0,2
1522956020.549543,0.849113,1412,0,4
1522865358.820078,11.8499,1412,0,1
1522918701.945575,1.58356,1412,0,4
1522853105.648298,6.5917,1412,0,1
1522956070.103247,50.4028,1412,0,4
1522956065.488162,45.7877,230,1,4
1529645506.939667,0.747198,1412,0,2
1522865358.221177,11.251,1412,0,1
1522886701.502796,12.6994,1412,0,1
1522940280.582471,25.588,1294,0,4
1522918719.168348,18.8063,1412,0,4
1522943073.211906,26.784,1412,0,4
1522853104.805342,5.74875,1412,0,1
1522868694.093218,9.13537,1412,0,1
1522853101.046383,1.98979,113,1,1
1522940280.678655,25.6842,1294,0,4
1527741818.584252,100.682,195,0,0
1522859388.273448,11.6146,1412,0,1
1522940280.473459,25.479,1294,0,4
1527924709.555539,59.0209,87,0,0
1529513491.502177,0.634101,1392,0,2
1522940314.650702,59.6562,1294,0,4
1527851041.334057,79.7703,112,1,0
1522928731.568719,26.1271,1294,0,4
1522842696.827237,13.0362,106,1,1
1529626612.896215,0.908884,468,0,2
1522859388.188617,11.5298,1412,0,1
1527791961.577534,40.1056,100,1,0
1522768769.245487,18.4141,1412,1,1
1522964070.181503,31.2371,1412,0,4
1522865358.885755,11.9156,1412,0,1
1522928739.023829,33.5822,74,1,4
1522943096.53755,50.1097,1412,0,4
1522861277.266882,8.558,1412,0,1
1522964083.968748,45.0244,1412,0,4
1527987767.414519,47.01,148,0,0
1522842692.517629,8.72655,1412,0,1
1529626612.405886,0.418555,1412,0,2
1522940261.650387,6.65592,1294,0,4
1522954013.988276,22.5607,1412,0,4
1522868694.48734,9.5295,1412,0,1
1522859388.358039,11.6992,113,1,1
1522940261.573074,6.57861,1294,0,4
1522865359.140536,12.1704,125,1,1
1522954035.110439,43.6829,1412,0,4
1529554552.084496,0.534568,1412,0,2
1522635941.641037,0.576774,74,0,3
1522842694.186765,10.3957,1412,0,1
1522842691.500255,7.70918,1412,0,1
1522888894.736063,12.2443,1412,0,1
1529541636.032452,0.514742,1412,0,2
1522943107.20957,60.7817,116,1,4
1529645507.491978,1.29951,1412,0,2
1522853104.597379,5.54078,1412,0,1
1522853105.297356,6.24076,1412,0,1
1522928758.009503,52.5679,1294,0,4
1529626612.338207,0.350876,1412,0,2
1529554552.795546,1.24562,1412,0,2
1522954003.242773,11.8152,1412,0,4
1522940294.235437,39.241,74,1,4
1522842698.701154,14.9101,1412,0,1
1522940280.55046,25.556,1294,0,4
1522940261.666678,6.67221,1294,0,4
1522886703.107571,14.3041,1412,0,1
1522842695.921471,12.1304,1412,0,1
1522842691.79542,8.00434,1412,0,1
1522956038.764578,19.0641,1412,0,4
1522940269.982257,14.9878,1294,0,4
1522768771.146604,20.3153,1412,1,1
1522888894.04709,11.5554,125,1,1
1522763866.833003,21.8095,1412,1,1
1522918702.419047,2.05703,126,1,4
1522861277.042487,8.3336,1412,0,1
1522868693.951516,8.99367,1412,0,1
1522865358.063565,11.0934,1412,0,1
1522853102.612597,3.556,1412,0,1
1522853104.891927,5.83533,1412,0,1
1522853105.644945,6.58835,1412,0,1
1522956026.085564,6.38513,1412,0,4
1529515408.169468,0.6887,1412,0,2
1522943046.963072,0.535183,1412,0,4
1522918009.808138,43.4925,1412,0,4
1529478747.607583,0.983975,1412,0,2
1522940303.213166,48.2187,74,1,4
1522940294.29472,39.3003,1294,0,4
1522940256.140724,1.14626,1294,0,4
1522917968.293033,1.97737,1412,0,4
1522868693.9247,8.96686,1412,0,1
1522956056.41431,36.7139,1412,0,4
1522940313.203072,58.2086,74,1,4
1522859387.988621,11.3298,1412,0,1
1522964095.848277,56.9039,1412,0,4
1522865358.532687,11.5625,1412,0,1
1522943106.727527,60.2996,116,1,4
1522928706.117907,0.67629,1294,0,4
1529513491.994055,1.12598,1392,0,2
1522842691.775111,7.98403,1412,0,1
1522865358.766013,11.7959,1412,0,1
1529541635.698534,0.180824,1412,0,2
1527987769.820896,49.4163,87,0,0
1522964083.222769,44.2784,1412,0,4
1529554552.77932,1.22939,1412,0,2
1522859388.290917,11.6321,1412,0,1
1522859387.913008,11.2542,1412,0,1
1522928752.729919,47.2883,1294,0,4
1522768774.777716,23.9464,1412,1,1
1529513491.978028,1.10995,1392,0,2
1522886708.24253,19.4391,101,1,1
1522868694.85076,9.89292,1412,0,1
1522861277.405837,8.69695,1412,0,1
1522956021.01057,1.31014,1412,0,4
1529554552.436926,0.886998,1412,0,2
1522956031.574113,11.8737,1412,0,4
1527851023.954608,62.3908,103,1,0
1528083057.465033,0.389839,1412,0,0
1522917994.30637,27.9907,1412,0,4
1522956056.405587,36.7052,1412,0,4
1529513492.091093,1.22302,1392,0,2
1522886703.35556,14.5521,1412,0,1
1522868694.046234,9.08839,125,1,1
1522865359.120192,12.15,1412,0,1
1522928731.440941,25.9993,74,1,4
1522964083.233271,44.2889,1412,0,4
1522964099.667308,60.7229,1412,0,4
1522853102.771425,3.71483,1412,0,1
1522953999.062575,7.63505,1412,0,4
1528083142.376695,85.3015,104,1,0
1529515408.503687,1.02292,1412,0,2
1529554551.762216,0.212288,929,0,2
1522865358.446606,11.4764,1412,0,1
1522928753.328585,47.887,1294,0,4
1522928744.341184,38.8996,1294,0,4
1529564287.922302,2.85047,1412,0,2
1529564286.32626,1.25442,1412,0,2
1522943078.615294,32.1874,866,0,4
1522865359.038633,12.0685,1412,0,1
1522954035.115396,43.6879,1412,0,4
1522842699.553319,15.7622,104,1,1
1522953993.985606,2.55808,1412,0,4
1522943088.500703,42.0728,1412,0,4
1529513491.174367,0.306291,105,1,2
1522868693.706574,8.74873,1412,0,1
1522964051.524885,12.5805,1412,0,4
1529564287.908643,2.83681,1412,0,2
1529513491.401044,0.532968,1392,0,2
1522868694.4236,9.46575,1412,0,1
1522964039.409502,0.465131,1412,0,4
1522953995.136368,3.70884,1412,0,4
1522943096.837566,50.4097,1344,0,4
1529554552.066353,0.516425,1412,0,2
1522956031.511789,11.8114,1412,0,4
1522940285.819603,30.8251,1294,0,4
1522956065.956484,46.2561,1412,0,4
1522940275.200082,20.2056,1294,0,4
1522918702.375598,2.01358,964,0,4
1522928748.639091,43.1975,74,1,4
1522842698.715757,14.9247,1412,0,1
1522928758.102651,52.661,1294,0,4
1522865358.175778,11.2056,1412,0,1
1522928715.505008,10.0634,1294,0,4
1522954045.300699,53.8732,1412,0,4
1522943057.479211,11.0513,1412,0,4
1522943062.939771,16.5119,128,1,4
1522768764.469937,13.6386,1412,1,1
1522956056.566188,36.8658,1412,0,4
1529478747.633561,1.00995,1412,0,2
1522768771.503858,20.6725,1412,1,1
1527792007.476331,86.0044,265,1,0
1522727177.679688,4.44426,397,0,3
1522768765.921893,15.0906,1412,1,1
1529564285.846094,0.774257,1412,0,2
1522842700.846487,17.0554,107,1,1
1527760586.270752,73.0324,101,1,0
1522842701.800478,18.0094,104,1,1
1522956038.779809,19.0794,1412,0,4
1528085258.04122,94.2706,87,0,0
1529644963.706364,0.94446,1412,0,2
1522888894.943644,12.4519,1412,0,1
1522956038.825928,19.1255,1412,0,4
1522842710.746084,26.955,104,1,1
1522943088.448575,42.0207,1412,0,4
1522928738.959259,33.5176,1294,0,4
1522763864.039766,19.0163,1412,1,1
1522715511.307535,7.29188,74,1,3
1522956026.006369,6.30594,1412,0,4
1522859387.717435,11.0586,1412,0,1
1529554552.762949,1.21302,1412,0,2
1522940303.12074,48.1263,1294,0,4
1529564287.689361,2.61752,1412,0,2
1522943096.574464,50.1466,1412,0,4
1522964099.361688,60.4173,113,1,4
1522763856.242328,11.2188,1412,1,1
1529541636.201537,0.683827,1412,0,2
1522953995.20815,3.78062,1412,0,4
1522964039.648153,0.703782,1412,0,4
1529541636.73373,1.21602,1412,0,2
1529554552.036341,0.486413,939,0,2
1522886700.664048,11.8606,101,1,1
1522886708.710927,19.9075,1412,0,1
1522956038.981833,19.2814,1412,0,4
1522928729.320008,23.8784,1294,0,4
1522727179.526534,6.2911,74,1,3
1529626612.724058,0.736727,1412,0,2
1527924714.06395,63.5293,260,1,0
1522768770.126462,19.2951,1412,1,1
1522888894.02133,11.5296,1412,0,1
1522853104.281756,5.22516,1412,0,1
1522928738.955378,33.5138,1294,0,4
1527850965.786012,4.22224,1412,1,0
1522853101.364172,2.30758,1412,0,1
1522886698.247234,9.4438,1412,0,1
1522868694.431086,9.47324,1412,0,1
1522956069.308367,49.6079,107,1,4
1522768762.727669,11.8963,1412,1,1
1522917999.533033,33.2174,125,1,4
1522922677.837944,34.4524,1392,0,4
1522763861.352926,16.3294,1412,1,1
1522918720.242603,19.8806,1412,0,4
1522861278.486673,9.77779,1412,0,1
1522842703.956574,20.1655,104,1,1
1522662269.890899,0.0,86,1,3
1522886710.197623,21.3942,1412,0,1
1522859387.986028,11.3272,113,1,1
1522981612.999769,55.135,1412,0,4
1522865359.391396,12.4212,1412,0,1
1522964063.957829,25.0135,126,1,4
1522744993.680673,3.13022,112,0,3
1527741823.410089,105.508,265,0,0
1522865359.390715,12.4206,1412,0,1
1522922683.119691,39.7341,1392,0,4
1522922655.88421,12.4987,1392,0,4
1522763854.389413,9.36593,1412,1,1
1522943073.246507,26.8186,1412,0,4
1522842703.571204,19.7801,1412,0,1
1522918009.828762,43.5131,1412,0,4
1522868693.593453,8.63561,126,1,1
1522868693.914706,8.95686,1412,0,1
1522868694.060906,9.10306,1412,0,1
1522940274.208654,19.2142,1294,0,4
1522865358.373501,11.4033,1412,0,1
1522865358.141132,11.171,1412,0,1
1522886700.415812,11.6124,1412,0,1
1522922655.976995,12.5914,467,0,4
1522954045.242227,53.8147,1412,0,4
1529478746.680521,0.0569129,100,1,2
1522928722.993201,17.5516,1294,0,4
1522918753.074058,52.712,1412,0,4
1522768772.826064,21.9947,1412,1,1
1522981606.08089,48.2161,117,1,4
1522842710.263757,26.4727,1412,0,1
1522888893.984988,11.4933,1412,0,1
1522768765.336661,14.5053,1412,1,1
1529513491.819211,0.951135,105,1,2
1529478747.179783,0.556175,1412,0,2
1522868694.471722,9.51388,1412,0,1
1522940274.241187,19.2467,74,1,4
1522888894.940752,12.449,1412,0,1
1522859388.310668,11.6518,1412,0,1
1522853104.615469,5.55887,1412,0,1
1522842691.115041,7.32396,1412,0,1
1522763862.890256,17.8668,1412,1,1
1529515408.232588,0.75182,1412,0,2
1522928748.55973,43.1181,1294,0,4
1522918739.292202,38.9302,1412,0,4
1528085175.841654,12.071,98,1,0
1522918702.345608,1.98359,1412,0,4
1522928729.348445,23.9068,1294,0,4
1522954013.910779,22.4832,1412,0,4
1522940294.285143,39.2907,74,1,4
1529634880.948721,0.539758,1412,0,2
1529515408.569534,1.08877,1412,0,2
1522861277.327022,8.61814,1412,0,1
1522928753.824241,48.3826,1294,0,4
1522763856.655855,11.6324,1412,1,1
1527741804.000751,86.0983,388,1,0
1522943046.769762,0.341873,1412,0,4
1522853100.82958,1.77298,1412,0,1
1522940314.608161,59.6137,1294,0,4
1522954003.090581,11.6631,1412,0,4
1522768762.438474,11.6071,1412,1,1
1522861277.042631,8.33375,1412,0,1
1522928747.867274,42.4257,1294,0,4
1522943100.84948,54.4216,1412,0,4
1522888894.854934,12.3632,1412,0,1
1522842691.274824,7.48374,1412,0,1
1522943101.682273,55.2544,453,1,4
1522922669.666482,26.2809,1392,0,4
1522943046.767227,0.339338,1412,0,4
1529564285.634792,0.562955,1412,0,2
1522940294.231606,39.2371,74,1,4
1522842693.723511,9.93243,1412,0,1
1522981606.009418,48.1446,1412,0,4
1522928747.667596,42.226,1294,0,4
1522768764.649502,13.8182,1412,1,1
1522868694.093465,9.13562,1412,0,1
1522865357.97911,11.009,100,1,1
1522865358.883386,11.9132,1412,0,1
1522964083.397714,44.4533,1412,0,4
1522868693.808449,8.8506,1412,0,1
1529541635.767847,0.250137,1412,0,2
1522842703.712609,19.9215,104,1,1
1522888894.463454,11.9717,1412,0,1
1529645506.857671,0.665202,1412,0,2
1529478746.748989,0.125381,1412,0,2
1527924701.260781,50.7261,392,1,0
1522964083.23599,44.2916,1412,0,4
1522981572.125544,14.2607,1412,0,4
1522886698.035864,9.23243,1412,0,1
1522763855.03088,10.0074,95,0,1
1522868694.255111,9.29727,1412,0,1
1522763861.067103,16.0436,1412,1,1
1522953994.751275,3.32375,1412,0,4
1522917966.408919,0.0932581,1412,0,4
1522922669.630469,26.2449,1392,0,4
1522768774.757324,23.926,1412,1,1
1529645508.167138,1.97467,1412,0,2
1522842710.031951,26.2409,1412,0,1
1522768764.697955,13.8666,1412,1,1
1529634880.49018,0.0812171,100,1,2
1522861277.41251,8.70362,1412,0,1
1522940280.483459,25.489,1294,0,4
1529515408.698857,1.21809,1412,0,2
1522886712.051378,23.2479,1412,0,1
1522859388.574418,11.9156,1412,0,1
1529644962.873758,0.111854,1412,0,2
1529515408.576119,1.09535,1412,0,2
1522940294.219914,39.2255,1294,0,4
1522954044.783196,53.3557,1412,0,4
1522943096.830101,50.4022,1412,0,4
1529645507.823781,1.63131,1412,0,2
1529515408.773439,1.29267,1412,0,2
1522940256.828097,1.83363,1294,0,4
1522981558.751852,0.887049,1412,0,4
1529478747.182066,0.558458,1412,0,2
1522940304.320585,49.3261,1294,0,4
1529478746.846317,0.222709,125,1,2
1527741770.440271,52.5378,148,0,0
1528085231.298379,67.5277,265,1,0
1529554552.372734,0.822806,1412,0,2
1529645506.752182,0.559713,1412,0,2
1527741721.425586,3.5231,116,0,0
1522763856.0569,11.0334,1412,1,1
1522943052.285093,5.8572,1412,0,4
1522928753.676163,48.2345,74,1,4
1522922692.340946,48.9554,839,0,4
1522981606.544032,48.6792,1412,0,4
1522956021.496593,1.79616,1412,0,4
1522954013.901427,22.4739,1412,0,4
1522956038.955593,19.2552,1412,0,4
1522861277.222977,8.51409,1412,0,1
1522922644.295056,0.909503,1392,0,4
1522727180.087332,6.8519,74,1,3
1529541636.063944,0.546234,116,1,2
1522956068.376765,48.6763,1412,0,4
1522859387.901254,11.2424,1412,0,1
1522943052.201113,5.77322,1412,0,4
1522739793.777994,8.60535,104,0,3
1522865358.42632,11.4562,1412,0,1
1527760520.214344,6.97603,1412,0,0
1522928758.657932,53.2163,1294,0,4
1522768762.473133,11.6418,97,0,1
1527745242.844347,17.7672,91,0,0
1522918700.912513,0.550499,1412,0,4
1522886701.552998,12.7496,1412,0,1
1522842699.763594,15.9725,1412,0,1
1522662270.881427,0.990528,1294,0,3
1529513491.932814,1.06474,1392,0,2
1522981563.825893,5.96109,1412,0,4
1529645507.423569,1.2311,1412,0,2
1522981605.932461,48.0677,1412,0,4
1529478747.243478,0.61987,1412,0,2
1522918753.262737,52.9007,1412,0,4
1529626613.009029,1.0217,1412,0,2
1529541636.370713,0.853003,1412,0,2
1529554551.760224,0.210296,125,1,2
1529645507.747406,1.55494,1412,0,2
1522956038.754229,19.0538,1412,0,4
1522956065.866007,46.1656,1412,0,4
1522940303.418475,48.424,1294,0,4
1522928709.606597,4.16498,86,1,4
1522956047.134962,27.4345,1412,0,4
1529564287.746088,2.67425,1412,0,2
1529644963.543676,0.781772,1412,0,2
1522940280.483475,25.489,1294,0,4
1522964042.814729,3.87036,930,0,4
1522981563.980357,6.11555,1412,0,4
1522956020.946575,1.24615,1412,0,4
1522940285.816947,30.8225,1294,0,4
1522940285.933219,30.9388,74,1,4
1527987751.553707,31.1491,148,0,0
1527745322.061135,96.984,92,0,0
1522940280.508457,25.514,1294,0,4
1529541636.113927,0.596217,1412,0,2
1529645507.9973,1.80483,1412,0,2
1529513491.309526,0.44145,1392,0,2
1529515408.245172,0.764404,1412,0,2
1522861278.408482,9.6996,125,1,1
1522940261.586947,6.59248,1294,0,4
1522953995.190523,3.76299,1412,0,4
1529645507.516414,1.32395,1412,0,2
1522859388.265814,11.607,1412,0,1
1522943082.711107,36.2832,1412,0,4
1522940285.830715,30.8363,1294,0,4
1522853102.176529,3.11993,1412,0,1
1522964051.510891,12.5665,1412,0,4
1522865358.168362,11.1982,1412,0,1
1529554552.778704,1.22878,125,1,2
1522928731.6284,26.1868,1294,0,4
1529554552.314163,0.764235,1412,0,2
1522888894.864614,12.3729,1412,0,1
1529564285.850511,0.778674,1412,0,2
1527851016.925763,55.362,112,1,0
1522888894.510007,12.0183,1412,0,1
1522981568.247726,10.3829,1412,0,4
1522922645.3591,1.97355,1392,0,4
1529644962.96556,0.203656,1412,0,2
1522943073.2669,26.839,1412,0,4
1522964099.691072,60.7467,1412,0,4
1522842701.280218,17.4891,1412,0,1
1522940303.986622,48.9922,1294,0,4
1522918700.399477,0.0374629,1412,0,4
1529644963.823739,1.06184,1412,0,2
1529644963.343328,0.581424,126,1,2
1522868694.475517,9.51767,1412,0,1
1522763863.163165,18.1397,1412,1,1
1522964040.601273,1.6569,1412,0,4
1522928731.533081,26.0915,74,1,4
1529554551.861538,0.31161,125,1,2
1522943046.575409,0.14752,1412,0,4
1522886701.595829,12.7924,1412,0,1
1522922655.975109,12.5896,1392,0,4
1529554551.902808,0.35288,126,1,2
1522861277.905291,9.19641,1412,0,1
1522861277.055831,8.34695,1412,0,1
1522865359.44078,12.4706,125,1,1
1529513491.48926,0.621184,1392,0,2
1522768764.631407,13.8001,1412,1,1
1529626612.584975,0.597644,1412,0,2
1522865358.191498,11.2213,1412,0,1
1522886697.923923,9.12049,1412,0,1
1522928709.443006,4.00139,110,1,4
1522940255.979046,0.984583,1294,0,4
1522964063.947145,25.0028,1412,0,4
1529644963.017031,0.255127,1412,0,2
1522943107.339009,60.9111,1412,0,4
1522943096.739183,50.3113,1412,0,4
1522768762.910298,12.079,1412,1,1
1522853103.679171,4.62258,1412,0,1
1522861277.434195,8.72531,1412,0,1
1529513491.316747,0.448671,1392,0,2
1522953994.815336,3.38781,1412,0,4
1529513491.335486,0.46741,1392,0,2
1522861277.730996,9.02211,1412,0,1
1522956019.788789,0.0883591,1412,0,4
1522956070.253573,50.5531,1412,0,4
1527745241.947822,16.8707,86,0,0
1522964040.788281,1.84391,1412,0,4
1522928759.281928,53.8403,1294,0,4
1527993529.457455,33.8046,257,1,0
1522922645.36095,1.9754,1392,0,4
1522853099.886519,0.829924,1412,0,1
1522954035.157785,43.7303,1412,0,4
1522768771.109609,20.2783,1412,1,1
1529515408.079301,0.598533,125,1,2
1522943063.111007,16.6831,1412,0,4
1522956020.570541,0.870111,1412,0,4
1529478746.860362,0.236754,1412,0,2
1522940285.875983,30.8815,74,1,4
1522853100.386621,1.33003,1412,0,1
1527745241.928541,16.8514,394,1,0
1529626612.166415,0.179084,1412,0,2
1522763858.288923,13.2654,1412,1,1
1522956047.074205,27.3738,1412,0,4
1522859388.799835,12.141,1412,0,1
1522865358.16805,11.1979,1412,0,1
1522954013.985981,22.5585,1412,0,4
1522886705.584383,16.7809,101,1,1
1522859387.705642,11.0468,1412,0,1
1522981605.993266,48.1285,1412,0,4
1522940280.62223,25.6278,1294,0,4
1522922645.353075,1.96752,1392,0,4
1522956038.906628,19.2062,1412,0,4
1522888894.040778,11.5491,1412,0,1
1522922645.306124,1.92057,1392,0,4
1529513491.960819,1.09274,1392,0,2
1522981568.226757,10.362,1412,0,4
1522918753.326386,52.9644,1412,0,4
1522928706.039889,0.598272,1294,0,4
1522956065.177754,45.4773,1412,0,4
1522865358.250783,11.2806,1412,0,1
1529541636.512968,0.995258,1412,0,2
1522918720.297548,19.9355,1412,0,4
1522943088.504443,42.0766,1412,0,4
1522928739.034556,33.5929,1294,0,4
1529554552.656419,1.10649,1412,0,2
1527987738.760276,18.3557,87,0,0
1522768773.432227,22.6009,1412,1,1
1522940275.185549,20.1911,1294,0,4
1529513491.31598,0.447904,1392,0,2
1522853104.853797,5.7972,1412,0,1
1522861277.917971,9.20909,1412,0,1
1522886699.595014,10.7916,101,1,1
1528085237.057852,73.2872,166,0,0
1522861277.24328,8.53439,1412,0,1
1522981606.645908,48.7811,1412,0,4
1522940285.720376,30.7259,74,1,4
1522868693.977004,9.01916,1412,0,1
1522853101.625588,2.56899,1412,0,1
1522861277.853266,9.14438,1412,0,1
1522859388.547664,11.8888,1412,0,1
1522954026.646157,35.2186,1412,0,4
1522940263.770419,8.77596,74,1,4
1522940280.66447,25.67,1294,0,4
1529554551.922831,0.372903,1412,0,2
1522943088.555256,42.1274,1412,0,4
1522842703.1407,19.3496,1412,0,1
1522956031.47904,11.7786,1412,0,4
1522940315.016896,60.0224,1294,0,4
1522763863.610787,18.5873,1412,1,1
1522865359.47742,12.5073,1412,0,1
1522928705.608903,0.167286,1294,0,4
1527924718.533181,67.9985,260,0,0
1522861277.467267,8.75838,1412,0,1
1522940285.919529,30.9251,74,1,4
1522861277.289629,8.58074,1412,0,1
1522953998.694828,7.2673,1412,0,4
1529634880.836881,0.427918,1412,0,2
1522928739.075712,33.6341,74,1,4
1522859387.765267,11.1064,1412,0,1
1522956056.414793,36.7144,1412,0,4
1522744998.201982,7.65153,1294,0,3
1522928706.020805,0.579188,1294,0,4
1522956025.994578,6.29415,1412,0,4
1522928731.687029,26.2454,1294,0,4
1529634880.931968,0.523005,125,1,2
1529564286.092435,1.0206,1412,0,2
1522768771.537297,20.706,1412,1,1
1522859388.229653,11.5708,1412,0,1
1522964083.760732,44.8164,1412,0,4
1522868694.306331,9.34849,1412,0,1
1522861278.197465,9.48858,487,0,1
1522964051.51128,12.5669,1412,0,4
1522964063.974911,25.0305,951,0,4
1522922655.956641,12.5711,1392,0,4
1522888894.831054,12.3393,1412,0,1
1522868693.356983,8.39914,1412,0,1
1529515408.029163,0.548395,1412,0,2
1522861277.237447,8.52856,1412,0,1
1522928709.554245,4.11263,94,1,4
1522928706.093666,0.652049,1294,0,4
1522853105.191018,6.13442,1412,0,1
1522943101.503185,55.0753,1412,0,4
1529554552.658583,1.10865,1412,0,2
1529644963.489655,0.727751,1412,0,2
1527745250.836391,25.7593,258,1,0
1522953994.718326,3.2908,1412,0,4
1529478747.637654,1.01405,1412,0,2
1522868694.600958,9.64311,1412,0,1
1522928709.441869,4.00025,110,1,4
1529626612.394783,0.407452,1412,0,2
1529513491.368573,0.500497,1392,0,2
1522853103.759958,4.70336,1412,0,1
1522981572.213526,14.3487,1412,0,4
1522917994.310111,27.9945,1412,0,4
1529554552.485978,0.93605,1412,0,2
1522954013.855653,22.4281,1412,0,4
1522956056.463601,36.7632,1412,0,4
1522928744.474015,39.0324,1294,0,4
1527745313.483864,88.4067,92,0,0
1522865358.133563,11.1634,953,0,1
1529541636.108414,0.590704,1412,0,2
1522943063.048837,16.6209,1412,0,4
1522861277.625956,8.91707,125,1,1
1522859388.768433,12.1096,1412,0,1
1522956031.510082,11.8097,1412,0,4
1529541636.107223,0.589513,1412,0,2
1522768767.92808,17.0967,1412,1,1
1527993566.513572,70.8607,104,1,0
1522917994.333899,28.0182,1412,0,4
1522853103.038646,3.98205,1412,0,1
1522956069.839422,50.139,110,1,4
1522763854.764449,9.74097,98,0,1
1527924673.682353,23.1477,87,0,0
1522940275.178039,20.1836,1294,0,4
1522922683.066243,39.6807,1392,0,4
1522763861.465754,16.4423,1412,1,1
1522853103.222862,4.16627,1412,0,1
1522918720.284605,19.9226,1412,0,4
1522842707.078356,23.2873,1412,0,1
1522956025.92761,6.22718,1412,0,4
1522954026.781158,35.3536,1412,0,4
1522888894.652562,12.1608,1412,0,1
1527851055.174414,93.6106,87,0,0
1522868693.954083,8.99624,1412,0,1
1522868693.483478,8.52563,1412,0,1
1522859388.318704,11.6599,1412,0,1
1529554552.361964,0.812036,1412,0,2
1522943046.846727,0.418838,1412,0,4
1522928731.608104,26.1665,1294,0,4
1529515408.410807,0.930039,1412,0,2
1522943063.113931,16.686,1412,0,4
1522954013.943767,22.5162,1412,0,4
1522953995.176516,3.74899,1412,0,4
1522768774.006515,23.1752,1412,1,1
1522853103.62961,4.57301,122,1,1
1522940280.580468,25.586,1294,0,4
1529564287.782194,2.71036,1412,0,2
1529564286.643753,1.57192,1412,0,2
1522853103.483428,4.42683,1412,0,1
1522940313.383139,58.3887,1294,0,4
1522964063.948116,25.0037,1412,0,4
1522768765.622516,14.7912,1412,1,1
1522853100.779976,1.72338,1412,0,1
1529644963.047367,0.285463,126,1,2
1522956065.916627,46.2162,1412,0,4
1522953994.799342,3.37181,1412,0,4
1522868694.16766,9.20982,1412,0,1
1522943101.049021,54.6211,348,1,4
1522940255.998056,1.00359,1294,0,4
1529513491.351898,0.483822,1392,0,2
1522943046.954076,0.526187,1412,0,4
1522953993.287896,1.86037,1412,0,4
1522981563.924643,6.05984,1412,0,4
1522940261.610653,6.61619,1294,0,4
1529515407.880098,0.39933,1412,0,2
1522928723.033648,17.592,1294,0,4
1529541635.651105,0.133395,1412,0,2
1522768775.883067,25.0517,1412,1,1
1522956077.778868,58.0784,107,1,4
1528083152.931172,95.856,148,0,0
1522954044.77272,53.3452,125,1,4
1522928709.540637,4.09902,1294,0,4
1522943106.249622,59.8217,1412,0,4
1522865358.625462,11.6553,1412,0,1
1522868693.648276,8.69043,1412,0,1
1522888894.853874,12.3622,122,1,1
1522956031.58743,11.887,1412,0,4
1522956031.4952,11.7948,1412,0,4
1522956020.523536,0.823106,1412,0,4
1522943073.312568,26.8847,1412,0,4
1522763860.440312,15.4168,98,0,1
1529513491.832931,0.964855,1392,0,2
1529644963.988944,1.22704,1412,0,2
1522763854.582445,9.55896,1412,1,1
1522981563.988144,6.12334,126,1,4
1522859388.320799,11.662,1412,0,1
1522768760.14919,9.31785,620,0,1
1522940275.235716,20.2413,1294,0,4
1522763857.960807,12.9373,1412,1,1
1522928709.458556,4.01694,110,1,4
1529645508.159824,1.96736,1412,0,2
1522865359.279163,12.309,1412,0,1
1522865359.066685,12.0965,1412,0,1
1529626612.709,0.721669,1412,0,2
1522888894.727866,12.2361,119,1,1
1522918739.254259,38.8922,1412,0,4
1522981572.199471,14.3347,1412,0,4
1522853103.385958,4.32936,1412,0,1
1522940315.073166,60.0787,1294,0,4
1522662276.449087,6.55819,1294,0,3
1522886706.58242,17.779,101,1,1
1522956038.682834,18.9824,1412,0,4
1522853102.388948,3.33235,1412,0,1
1528085236.889642,73.119,262,1,0
1529564286.016766,0.944929,1412,0,2
1522940314.931288,59.9368,74,1,4
1522842710.947008,27.1559,104,1,1
1522943078.451003,32.0231,1412,0,4
1522868693.572833,8.61499,1412,0,1
1522842691.5223,7.73122,1412,0,1
1522928744.351249,38.9096,1294,0,4
1522888894.821975,12.3303,1412,0,1
1522865358.492428,11.5223,1412,0,1
1522922696.665029,53.2795,470,0,4
1527924729.079369,78.5447,148,0,0
1522842707.132824,23.3417,104,1,1
1522964051.321131,12.3768,1412,0,4
1522928709.413809,3.97219,1294,0,4
1522865358.807209,11.837,125,1,1
1529626612.172965,0.185634,1412,0,2
1529564285.630683,0.558846,1412,0,2
1522888894.175188,11.6835,1412,0,1
1529515408.053075,0.572307,1412,0,2
1522943101.744198,55.3163,1412,0,4
1522868694.51587,9.55803,1412,0,1
1522859388.086362,11.4275,1412,0,1
1529554552.624939,1.07501,1412,0,2
1522956076.989167,57.2887,1412,0,4
1522928747.443069,42.0015,1294,0,4
1522981568.259608,10.3948,1412,0,4
1522842693.123927,9.33285,175,1,1
1522928731.626473,26.1849,74,1,4
1522954035.14664,43.7191,1412,0,4
1529564285.805802,0.733965,125,1,2
1529564285.504444,0.432607,1412,0,2
1522888894.112253,11.6205,1412,0,1
1522943100.868154,54.4403,1412,0,4
1522868694.577767,9.61992,1412,0,1
1529645506.931903,0.739434,126,1,2
1522853103.657994,4.6014,1412,0,1
1522917983.541048,17.2254,125,1,4
1522943073.320567,26.8927,1412,0,4
1522886705.849993,17.0466,1412,0,1
1522768766.559689,15.7284,1412,1,1
1522865358.731447,11.7613,1412,0,1
1522964083.328851,44.3845,930,0,4
1522886701.44972,12.6463,1412,0,1
1522842696.024611,12.2335,1412,0,1
1522842701.662292,17.8712,1412,0,1
1522918702.325843,1.96383,1412,0,4
1522842699.127302,15.3362,1412,0,1
1522964042.861856,3.91748,126,1,4
1522917969.3701,3.05444,1171,0,4
1522918702.340592,1.97858,1412,0,4
1522888895.049414,12.5577,1412,0,1
1522981563.970071,6.10527,1412,0,4
1522842708.589316,24.7982,1412,0,1
1522861277.883838,9.17495,1412,0,1
1529634881.805825,1.39686,1412,0,2
1522953999.082919,7.65539,1412,0,4
1522940261.499359,6.5049,1294,0,4
1529513491.376697,0.508621,1392,0,2
1522943082.813754,36.3859,1412,0,4
1522943088.455072,42.0272,1412,0,4
1527993607.843695,112.191,311,0,0
1522954014.208018,22.7805,1412,0,4
1529626612.921363,0.934032,1412,0,2
1527745315.764845,90.6877,148,0,0
1522859388.348772,11.6899,1412,0,1
1522943101.67519,55.2473,1412,0,4
1522943101.280168,54.8523,1412,0,4
1522868693.679636,8.72179,1412,0,1
1522886705.204986,16.4016,1412,0,1
1529626612.404697,0.417366,1412,0,2
1529626612.37382,0.386489,1412,0,2
1529513491.813217,0.945141,1392,0,2
1529645507.94704,1.75457,1412,0,2
1522868693.496087,8.53824,126,1,1
1522956056.43931,36.7389,1412,0,4
1522868693.863625,8.90578,1412,0,1
1522940314.488103,59.4936,1294,0,4
1522768773.351789,22.5205,122,0,1
1522956038.765034,19.0646,1412,0,4
1527760522.033631,8.79532,322,0,0
1522886698.133948,9.33051,101,1,1
1522918752.952551,52.5905,229,1,4
1522981563.843696,5.97889,1412,0,4
1529478746.791036,0.167428,1412,0,2
1522922683.100834,39.7153,1392,0,4
1522861277.895191,9.18631,1412,0,1
1522888894.211308,11.7196,1412,0,1
1522964063.791167,24.8468,1412,0,4
1522964058.566226,19.6219,1412,0,4
1522868693.570974,8.61313,1412,0,1
1522888894.301324,11.8096,1412,0,1
1522853099.519557,0.462962,1412,0,1
1522940280.48645,25.492,1294,0,4
1522918720.335516,19.9735,112,1,4
1522763864.896817,19.8733,1412,1,1
1522940270.081436,15.087,74,1,4
1529644964.071109,1.30921,126,1,2
1529644963.6358,0.873896,1412,0,2
1522886710.090511,21.2871,1412,0,1
1529626612.9772,0.989869,1412,0,2
1527851031.092891,69.5291,304,0,0
1522859388.172762,11.5139,1412,0,1
1522713576.337049,3.93364,147,0,3
1522943052.27814,5.85025,1412,0,4
1529541636.714107,1.1964,1412,0,2
1522865359.435879,12.4657,1412,0,1
1522865358.790935,11.8208,1412,0,1
1522940304.369239,49.3748,1294,0,4
1529645507.727811,1.53534,1412,0,2
1529554552.323508,0.77358,1412,0,2
1529644962.9682,0.206296,1412,0,2
1529515408.506755,1.02599,1412,0,2
1522865359.368056,12.3979,1412,0,1
1522940270.013259,15.0188,1294,0,4
1522940261.601363,6.6069,74,1,4
1522888894.503112,12.0114,1412,0,1
1522888894.297678,11.806,1412,0,1
1522954003.199744,11.7722,1412,0,4
1527993602.620207,106.967,258,0,0
1529554552.293532,0.743604,1412,0,2
1529541635.896682,0.378972,1412,0,2
1522940294.273234,39.2788,74,1,4
1522842702.269465,18.4784,104,1,1
1522865358.958724,11.9886,1412,0,1
1522964083.031076,44.0867,1412,0,4
1522768767.890472,17.0591,1412,1,1
1522842692.703456,8.91238,1412,0,1
1529541636.475956,0.958246,1412,0,2
1522763852.760872,7.73739,564,0,1
1522842693.51279,9.72171,1412,0,1
1522865359.22662,12.2565,1412,0,1
1527791934.203219,12.7313,118,0,0
1522861277.313655,8.60477,1412,0,1
1529644962.909105,0.147201,1412,0,2
1529541636.022477,0.504767,1412,0,2
1529515407.83861,0.357842,125,1,2
1529478746.968766,0.345158,1412,0,2
1522886711.798987,22.9956,1412,0,1
1522713580.247691,7.84428,74,0,3
1522943106.813728,60.3858,1412,0,4
1522928706.201937,0.76032,74,1,4
1522859387.743958,11.0851,1412,0,1
1522662270.882716,0.991817,1294,0,3
1522868694.570102,9.61226,1412,0,1
1522647184.10441,2.25763,74,1,3
1529554552.978778,1.42885,1412,0,2
1522918720.227179,19.8652,1412,0,4
1522654301.519255,0.427925,142,0,3
1522940275.143631,20.1492,74,1,4
1529644963.988725,1.22682,125,1,2
1522865358.571794,11.6016,1412,0,1
1522868693.837834,8.87999,1412,0,1
1522922683.269293,39.8837,106,1,4
1522940261.504057,6.50959,1294,0,4
1522859388.459999,11.8012,1412,0,1
1522956065.787806,46.0874,1412,0,4
1522868693.77055,8.81271,126,1,1
1522842692.788016,8.99694,176,1,1
1529626612.967347,0.980016,1412,0,2
1522928752.714955,47.2733,1294,0,4
1522954035.15928,43.7318,1412,0,4
1529478747.105673,0.482065,125,1,2
1522928744.392206,38.9506,1294,0,4
1522768772.854869,22.0235,1412,1,1
1522964070.269084,31.3247,1412,0,4
1529626612.332353,0.345022,1412,0,2
1522763866.473737,21.4503,98,0,1
1522964058.676711,19.7323,1412,0,4
1522956020.571551,0.871121,1412,0,4
1522940256.831102,1.83664,1294,0,4
1529645506.347908,0.155439,1412,0,2
1522943062.967421,16.5395,1412,0,4
1522953994.416326,2.9888,1412,0,4
1529644963.35218,0.590276,1412,0,2
1529634882.049906,1.64094,1412,0,2
1522928739.083847,33.6422,74,1,4
1522956070.430999,50.7306,1412,0,4
1529513490.974352,0.106276,1392,0,2
1529515408.680636,1.19987,1412,0,2
1529541636.031301,0.513591,1412,0,2
1522964083.174698,44.2303,1412,0,4
1522868694.869078,9.91123,1412,0,1
1522861278.458556,9.74967,1412,0,1
1522842702.801589,19.0105,1412,0,1
1527741718.684396,0.781914,87,0,0
1522842700.484429,16.6933,109,1,1
1522768768.444485,17.6131,1412,1,1
1522886699.990497,11.1871,1412,0,1
1529645506.76792,0.575451,1412,0,2
1522964083.411461,44.4671,1412,0,4
1529513491.511316,0.64324,1392,0,2
1522917967.023954,0.708293,1412,0,4
1529554552.048145,0.498217,1412,0,2
1522842697.580122,13.789,1412,0,1
1522635941.592607,0.528344,104,1,3
1522940280.58537,25.5909,1294,0,4
1522865359.261367,12.2912,1412,0,1
1522853104.205351,5.14876,1412,0,1
1527745225.111312,0.0341928,1412,1,0
1522763857.239579,12.2161,95,0,1
1522861277.453588,8.7447,1412,0,1
1527924682.827009,32.2924,542,1,0
1522940263.767488,8.77303,74,1,4
1522918009.786401,43.4707,1412,0,4
1522888894.882033,12.3903,1412,0,1
1522953993.298245,1.87071,1412,0,4
1522865359.28435,12.3142,1412,0,1
1522853100.627118,1.57052,1412,0,1
1522922645.285811,1.90026,1392,0,4
1522768773.092786,22.2614,103,0,1
1522940304.317396,49.3229,74,1,4
1522922646.497643,3.11209,1392,0,4
1529644963.135428,0.373524,1412,0,2
1522842691.249617,7.45854,130,1,1
1522886708.211016,19.4076,1412,0,1
1527851063.108516,101.545,390,1,0
1522868693.530507,8.57266,126,1,1
1522928723.055856,17.6142,1294,0,4
1527987769.50311,49.0985,92,0,0
1522859387.930445,11.2716,1412,0,1
1522928705.641014,0.199397,1294,0,4
1529554552.075704,0.525776,1412,0,2
1522943097.066793,50.6389,1412,0,4
1529634881.990602,1.58164,114,1,2
1522917966.628935,0.313274,1412,0,4
1529554552.479121,0.929193,1412,0,2
1522928715.423097,9.98148,1294,0,4
1522917999.568626,33.253,1412,0,4
1522917994.318985,28.0033,1412,0,4
1522853103.072426,4.01583,1412,0,1
1522956076.66579,56.9654,707,1,4
1529626612.173966,0.186635,1412,0,2
1522918700.905525,0.543511,1412,0,4
1529634880.945431,0.536468,1412,0,2
1529644963.993278,1.23137,1412,0,2
1527760588.795751,75.5574,104,1,0
1529478747.189661,0.566053,1412,0,2
1529644964.305641,1.54374,1412,0,2
1522859388.692607,12.0338,1412,0,1
1529515408.687226,1.20646,1412,0,2
1522865358.688227,11.7181,1412,0,1
1522763861.466059,16.4426,1412,1,1
1522918702.465959,2.10395,1412,0,4
1522865358.323838,11.3537,1412,0,1
1529634881.56084,1.15188,1412,0,2
1529644963.84184,1.07994,1412,0,2
1522842703.313113,19.522,1412,0,1
1529554552.808247,1.25832,1412,0,2
1529515408.433099,0.952331,1412,0,2
1522943046.814501,0.386612,1412,0,4
1522886702.857191,14.0538,1412,0,1
1522918702.324602,1.96259,905,0,4
1522922677.848945,34.4634,1392,0,4
1529478747.105249,0.481641,1412,0,2
1522865358.850687,11.8805,1412,0,1
1522940256.031061,1.0366,1294,0,4
1522763855.405085,10.3816,92,0,1
1522922655.971056,12.5855,1392,0,4
1522956056.440733,36.7403,1412,0,4
1522964051.443696,12.4993,1412,0,4
1522768772.892039,22.0607,1412,1,1
1522861277.157832,8.44895,1412,0,1
1522956019.757613,0.057183,1412,0,4
1522940285.769254,30.7748,1294,0,4
1522956021.016579,1.31615,1412,0,4
1522763858.720807,13.6973,1412,1,1
1522886697.660966,8.85753,1412,0,1
1522888894.144897,11.6532,1412,0,1
1529645506.713813,0.521344,1412,0,2
1529645507.199876,1.00741,1412,0,2
1529554552.192502,0.642574,1412,0,2
1522859388.175463,11.5166,1412,0,1
1522940270.09196,15.0975,1294,0,4
1522954035.076908,43.6494,1412,0,4
1529644963.641408,0.879504,1412,0,2
1522888894.749198,12.2575,1412,0,1
1522763866.766571,21.7431,1412,1,1
1522954013.831417,22.4039,1412,0,4
1522768766.084377,15.253,1412,1,1
1522956021.508626,1.8082,1412,0,4
1522768763.910742,13.0794,1412,1,1
1522940303.072737,48.0783,1294,0,4
1522940313.967096,58.9726,74,1,4
1522928758.745708,53.3041,1294,0,4
1522956069.2536,49.5532,1412,0,4
1522842692.770006,8.97893,163,1,1
1522928705.958022,0.516405,1294,0,4
1529626612.964318,0.976987,1412,0,2
1522918720.280778,19.9188,1412,0,4
1529564286.067166,0.995329,1412,0,2
1522763854.414192,9.39071,118,0,1
1529515408.776524,1.29576,1412,0,2
1522943078.573193,32.1453,1412,0,4
1522842696.404309,12.6132,1412,0,1
1522943078.462759,32.0349,1412,0,4
1522859388.509229,11.8504,1412,0,1
1528085277.289859,113.519,87,0,0
1522964070.111611,31.1672,1412,0,4
1529564286.330804,1.25897,1412,0,2
1522727177.998003,4.76257,147,0,3
1529644963.898819,1.13691,1412,0,2
1522861277.49437,8.78549,126,1,1
1527924704.341344,53.8067,87,0,0
1522954003.184803,11.7573,1412,0,4
1522768765.475997,14.6447,1412,1,1
1522886703.236169,14.4327,101,1,1
1522940285.832591,30.8381,1294,0,4
1522886710.239645,21.4362,101,1,1
1522956047.015692,27.3153,1412,0,4
1522928758.69251,53.2509,74,1,4
1522861278.080758,9.37187,1412,0,1
1522868693.466992,8.50915,1412,0,1
1522940255.871963,0.8775,1294,0,4
1522886698.361136,9.5577,1412,0,1
1522956076.705927,57.0055,1412,0,4
1527741798.757259,80.8548,107,1,0
1522956069.449252,49.7488,1412,0,4
1522956065.704695,46.0043,1412,0,4
1522865359.47849,12.5083,1412,0,1
1522928706.018904,0.577287,74,1,4
1522943100.890146,54.4623,1412,0,4
1522865359.422038,12.4519,1412,0,1
1522940275.142705,20.1482,1294,0,4
1522956020.472889,0.772459,1412,0,4
1527745299.871989,74.7949,258,0,0
1522865358.066751,11.0966,1412,0,1
1529644963.095774,0.33387,1412,0,2
1522918702.325785,1.96377,1412,0,4
1529645507.421139,1.22867,1412,0,2
1522853104.417622,5.36103,1412,0,1
1522868694.527913,9.57007,1412,0,1
1522888894.385058,11.8933,1412,0,1
1522943082.777058,36.3492,1412,0,4
1522768768.532014,17.7007,100,0,1
1522768772.888331,22.057,1412,1,1
1527760578.770741,65.5324,258,1,0
1522981563.946882,6.08208,1412,0,4
1522954003.083656,11.6561,1412,0,4
1522868693.845762,8.88792,1412,0,1
1522842698.301403,14.5103,1412,0,1
1522956065.117101,45.4167,1412,0,4
1522954026.630926,35.2034,1412,0,4
1522768767.122831,16.2915,97,0,1
1529513491.553545,0.685469,1392,0,2
1522861277.005294,8.29641,100,1,1
1522763862.61896,17.5955,1412,1,1
1522842706.889514,23.0984,1412,0,1
1522922696.698927,53.3134,1392,0,4
1522940275.18609,20.1916,1294,0,4
1522861277.315056,8.60617,1412,0,1
1522842700.35621,16.5651,1412,0,1
1522918700.908374,0.54636,1412,0,4
1529634881.803642,1.39468,114,1,2
1522940270.010211,15.0157,1294,0,4
1522861277.897234,9.18835,1412,0,1
1522964063.99052,25.0461,1412,0,4
1522859387.949021,11.2902,107,1,1
1527791946.871964,25.4,87,0,0
1529644963.393835,0.631931,1412,0,2
1522853104.889273,5.83268,1412,0,1
1522943052.341542,5.91365,1412,0,4
1522768764.960051,14.1287,116,0,1
1522956056.411568,36.7111,1412,0,4
1522922683.067639,39.6821,1392,0,4
1522940255.507776,0.513313,1294,0,4
1522940285.759116,30.7647,1294,0,4
1522917994.335561,28.0199,1412,0,4
1522918739.26627,38.9043,1412,0,4
1522865359.107401,12.1372,1412,0,1
1522928739.030299,33.5887,74,1,4
1522768772.219045,21.3877,1412,1,1
1522956019.737555,0.0371251,100,1,4
1522868693.888992,8.93115,1412,0,1
1522868694.178836,9.22099,1412,0,1
1522981563.81806,5.95326,1412,0,4
1522954044.784185,53.3567,1412,0,4
1522918752.795369,52.4334,1412,0,4
1522964039.23223,0.287859,100,1,4
1522918700.902506,0.540492,1412,0,4
1522853102.593406,3.53681,1412,0,1
1529634880.973929,0.564966,1412,0,2
1522954026.772445,35.3449,1412,0,4
1522768768.358772,17.5274,1412,1,1
1522922655.948107,12.5626,1392,0,4
1522918700.901248,0.539234,1412,0,4
1522928731.562359,26.1207,74,1,4
1522954035.127122,43.6996,1412,0,4
1522842702.291343,18.5003,1412,0,1
1529554552.946025,1.3961,1412,0,2
1529564285.535168,0.463331,1412,0,2
1529478747.610453,0.986845,1412,0,2
1529564287.927472,2.85564,1412,0,2
1522662274.890577,4.99968,74,1,3
1529478747.326949,0.703341,1412,0,2
1522635942.123981,1.05972,1294,0,3
1522928706.094595,0.652978,1294,0,4
1522956038.656632,18.9562,1412,0,4
1527850973.604451,12.0407,1412,1,0
1527745336.180941,111.104,104,1,0
1522865358.499867,11.5297,1412,0,1
1522928758.32253,52.8809,1294,0,4
1522768764.183883,13.3525,1412,1,1
1522964095.292391,56.348,1412,0,4
1522888894.330768,11.839,1412,0,1
1522868693.964297,9.00645,1412,0,1
1522886705.018012,16.2146,1412,0,1
1522940270.072139,15.0777,74,1,4
1527993506.30799,10.6551,311,0,0
1522954013.999422,22.5719,1412,0,4
1522853102.724865,3.66827,1412,0,1
1522886700.320809,11.5174,1412,0,1
1522868694.556741,9.5989,1412,0,1
1522928715.527811,10.0862,1294,0,4
1522964083.510352,44.566,1412,0,4
1522928748.377583,42.936,1294,0,4
1527760538.596718,25.3584,101,1,0
1522928709.63181,4.19019,1294,0,4
1522868694.280303,9.32246,1412,0,1
1529564285.665444,0.593607,125,1,2
1522654301.551866,0.460536,74,1,3
1522917983.585025,17.2694,1412,0,4
1522768774.344714,23.5134,1412,1,1
1529645507.111993,0.919524,1412,0,2
1529634881.987757,1.57879,1412,0,2
1522868694.835732,9.87789,1412,0,1
1527993498.507551,2.85468,98,1,0
1522928744.455794,39.0142,74,1,4
1522964040.82074,1.87637,1412,0,4
1527993529.781551,34.1287,388,1,0
1522918720.200228,19.8382,1412,0,4
1522842707.254115,23.463,1412,0,1
1522842700.739377,16.9483,107,1,1
1522888893.994156,11.5024,1412,0,1
1529564286.025419,0.953582,1412,0,2
1522861277.966154,9.25727,1412,0,1
1522943052.338379,5.91049,1412,0,4
1522888895.032268,12.5405,1412,0,1
1529644963.10431,0.342406,125,1,2
1522953994.820329,3.3928,1412,0,4
1522922692.33034,48.9448,1392,0,4
1522928709.612033,4.17042,1294,0,4
1522928758.431821,52.9902,1294,0,4
1529644963.981624,1.21972,1412,0,2
1522842693.121769,9.33069,1412,0,1
1522953998.668221,7.24069,1412,0,4
1527760546.322292,33.084,92,0,0
1522953992.118459,0.690929,1412,0,4
1522940285.718917,30.7245,1294,0,4
1529564285.881381,0.809544,1412,0,2
1522763863.290792,18.2673,98,0,1
1529478747.491582,0.867974,1412,0,2
1529515407.828611,0.347843,1412,0,2
1522888894.262568,11.7708,1412,0,1
1522981572.222873,14.3581,1412,0,4
1522853104.941616,5.88502,1412,0,1
1522956065.071931,45.3715,1412,0,4
1522928729.292406,23.8508,1294,0,4
1522954026.648145,35.2206,1412,0,4
1527760549.138553,35.9002,148,0,0
1529515408.555822,1.07505,1412,0,2
1527993578.618617,82.9657,236,0,0
1527851047.360234,85.7965,92,0,0
1528083063.956999,6.88181,190,0,0
1522943052.340964,5.91307,126,1,4
1522918702.359592,1.99758,1412,0,4
1522859388.510052,11.8512,114,1,1
1522956077.488792,57.7884,1412,0,4
1527851033.520565,71.9568,1412,1,0
1522763854.722539,9.69906,1412,1,1
1522842690.653216,6.86214,101,1,1
1522940304.045329,49.0509,1294,0,4
1522886702.056083,13.2526,1412,0,1
1522940294.22495,39.2305,1294,0,4
1522888894.376839,11.8851,1412,0,1
1522918748.404177,48.0422,1412,0,4
1522888894.096753,11.605,1412,0,1
1522853104.706598,5.65,1412,0,1
1522953998.752462,7.32493,1412,0,4
1522842693.837039,10.046,136,1,1
1522768775.010246,24.1789,97,0,1
1522886705.579497,16.7761,1412,0,1
1522886699.794988,10.9916,101,1,1
1522865358.941912,11.9718,1412,0,1
1522964040.555278,1.61091,1412,0,4
1522861277.261692,8.55281,1412,0,1
1522940270.078717,15.0843,1294,0,4
1522888894.05345,11.5617,1412,0,1
1522853102.665531,3.60894,1412,0,1
1522918720.233993,19.872,1412,0,4
1522940313.618819,58.6244,1294,0,4
1529644963.992419,1.23052,1412,0,2
1522964051.376868,12.4325,1412,0,4
1522763862.840373,17.8169,1412,1,1
1529541636.734957,1.21725,1412,0,2
1522859388.297271,11.6384,1412,0,1
1522868694.068334,9.11049,1412,0,1
1522943106.353462,59.9256,1412,0,4
1522917994.325977,28.0103,1412,0,4
1522888894.689232,12.1975,1412,0,1
1529478747.128294,0.504686,116,1,2
1522886701.663096,12.8597,101,1,1
1529634881.571163,1.1622,1412,0,2
1522918720.225117,19.8631,126,1,4
1522943047.034068,0.606179,1412,0,4
1529515407.819988,0.33922,1412,0,2
1527987759.98098,39.5764,87,0,0
1529645507.976816,1.78435,1412,0,2
1522928715.431536,9.98992,1294,0,4
1522953992.075369,0.647839,100,1,4
1522940255.964088,0.969625,74,1,4
1522943073.217256,26.7894,1412,0,4
1522928706.016449,0.574832,1294,0,4
1529541635.797143,0.279433,1412,0,2
1522956076.721748,57.0213,1412,0,4
1529626612.487052,0.499721,929,0,2
1522886702.279759,13.4763,1412,0,1
1528085273.025315,109.255,291,0,0
1522928709.547949,4.10633,1294,0,4
1528083151.602346,94.5272,107,1,0
1522928738.95161,33.51,1294,0,4
1522768764.730961,13.8996,1412,1,1
1529478746.941557,0.317949,1412,0,2
1522842710.198621,26.4075,1412,0,1
1529515408.589784,1.10902,1412,0,2
1522768766.76966,15.9383,1412,1,1
1522763862.47979,17.4563,1412,1,1
1527993553.678348,58.0255,300,0,0
1522940285.797764,30.8033,1074,0,4
1529644963.701651,0.939747,125,1,2
1522918700.901503,0.539489,1412,0,4
1529564286.101709,1.02987,1412,0,2
1522922656.004178,12.6186,106,1,4
1522922644.288029,0.902476,1392,0,4
1522954003.510825,12.0833,95,0,4
1522868693.797972,8.84013,1412,0,1
1527993538.176052,42.5232,256,1,0
1522861277.356825,8.64794,1412,0,1
1529513491.161957,0.293881,1392,0,2
1528085233.403306,69.6327,184,0,0
1522956065.419202,45.7188,1412,0,4
1529644963.843519,1.08161,1412,0,2
1522763858.839899,13.8164,103,0,1
1522940256.197065,1.2026,1294,0,4
1522886704.501311,15.6979,101,1,1
1522928715.428661,9.98704,1294,0,4
1522922645.277069,1.89152,1392,0,4
1522868693.632749,8.6749,1412,0,1
1522861277.322937,8.61405,1412,0,1
1522865358.967436,11.9973,1412,0,1
1522943106.637531,60.2096,107,1,4
1522928748.59366,43.152,1294,0,4
1522853102.370582,3.31399,1412,0,1
1522865358.640464,11.6703,1412,0,1
1522954003.130815,11.7033,1412,0,4
1522940274.228135,19.2337,1294,0,4
1522940261.657594,6.66313,1294,0,4
1522886706.225074,17.4216,1412,0,1
1527987766.856945,46.4524,313,0,0
1522964070.121384,31.177,125,1,4
1522928717.719017,12.2774,1294,0,4
1527792004.621648,83.1497,100,1,0
1522886703.079207,14.2758,1412,0,1
1522922645.350731,1.96518,1392,0,4
1522953999.064367,7.63684,1412,0,4
1522886711.166084,22.3627,1412,0,1
1522853105.464274,6.40768,1412,0,1
1522861277.377776,8.66889,1412,0,1
1529478747.77327,1.14966,1412,0,2
1522943063.016769,16.5889,1412,0,4
1522922696.666006,53.2805,1392,0,4
1522918016.070714,49.7551,1412,0,4
1522853101.011529,1.95493,1412,0,1
1522928753.777554,48.3359,1294,0,4
1522964099.882657,60.9383,1412,0,4
1529554552.680433,1.13051,1412,0,2
1522940280.676561,25.6821,1294,0,4
1522943046.549882,0.121993,1412,0,4
1529644963.35464,0.592736,1412,0,2
1522868694.722044,9.7642,1412,0,1
1522953992.120518,0.692988,124,1,4
1529554552.464867,0.914939,1412,0,2
1527745291.166745,66.0896,167,0,0
1528083066.680839,9.60565,464,0,0
1522964099.303585,60.3592,1412,0,4
1527924663.158215,12.6236,87,0,0
1522940294.390353,39.3959,1294,0,4
1522940270.137246,15.1428,1294,0,4
1522922669.631467,26.2459,1392,0,4
1529634881.540881,1.13192,1412,0,2
1522928731.471162,26.0295,1294,0,4
1522842699.711948,15.9209,1412,0,1
1522956065.287885,45.5875,1412,0,4
1522868693.57872,8.62088,1412,0,1
1529644963.307599,0.545695,1412,0,2
1522928705.607829,0.166212,1294,0,4
1522868693.735721,8.77788,1412,0,1
1529645506.93662,0.744151,1412,0,2
1522940285.882712,30.8882,1294,0,4
1522859387.967293,11.3085,1412,0,1
1522956031.597149,11.8967,1412,0,4
1529644963.526746,0.764842,1412,0,2
1522943057.497742,11.0699,126,1,4
1529644963.987864,1.22596,1412,0,2
1529541636.38687,0.86916,1412,0,2
1522943046.975636,0.547747,1412,0,4
1529645507.773294,1.58083,1412,0,2
1529515408.086557,0.605789,1412,0,2
1522940255.562991,0.568528,1294,0,4
1522888894.493585,12.0019,1412,0,1
1522928748.271246,42.8296,1294,0,4
1522716072.559095,0.0338168,140,0,3
1529478746.872533,0.248925,1412,0,2
1522943106.514639,60.0867,1412,0,4
1522853104.509896,5.4533,1412,0,1
1522868694.521325,9.56348,1412,0,1
1522953999.086685,7.65915,1412,0,4
1527741721.274782,3.3723,196,1,0
1522888894.247186,11.7555,1412,0,1
1529513491.370192,0.502116,1392,0,2
1522842698.456347,14.6653,104,1,1
1522842709.010223,25.2191,1412,0,1
1522868693.715922,8.75808,1412,0,1
1522956047.095456,27.395,1412,0,4
1522888894.606771,12.1151,1412,0,1
1522768762.376925,11.5456,97,0,1
1522940256.010077,1.01561,74,1,4
1522954026.787967,35.3604,139,1,4
1522928709.531265,4.08965,86,1,4
1522662277.210773,7.31987,1294,0,3
1522943097.189854,50.762,1412,0,4
1522956047.026931,27.3265,126,1,4
1522918753.237233,52.8752,1412,0,4
1522953994.794398,3.36687,951,0,4
1522861277.81292,9.10404,125,1,1
1522859388.687514,12.0287,1412,0,1
1522853101.52879,2.47219,1412,0,1
1522865359.034279,12.0641,1412,0,1
1527791922.621305,1.14936,1115,0,0
1529515407.76958,0.288812,1412,0,2
1522981612.812849,54.948,1412,0,4
1529513491.528014,0.659938,1392,0,2
1522928715.883332,10.4417,1294,0,4
1522928709.737085,4.29547,86,1,4
1522861277.099563,8.39068,125,1,1
1522918024.556209,58.2405,1412,0,4
1522868694.713976,9.75613,1412,0,1
1522943078.548677,32.1208,1412,0,4
1522888894.889383,12.3977,1412,0,1
1529554552.224338,0.67441,1412,0,2
1522943063.108167,16.6803,1412,0,4
1522943073.205503,26.7776,1412,0,4
1529515408.3883,0.907532,1412,0,2
1522763858.740512,13.717,1412,1,1
1527745312.55739,87.4803,259,1,0
1528085188.077075,24.3064,232,0,0
1522943082.844505,36.4166,1412,0,4
1522763864.185379,19.1619,1412,1,1
1522956047.085915,27.3855,1412,0,4
1522917969.378087,3.06243,1412,0,4
1529554552.696697,1.14677,1412,0,2
1522918009.797715,43.4821,1412,0,4
1522928723.065549,17.6239,1294,0,4
1527760597.186217,83.9479,92,0,0
1522768768.968885,18.1375,1412,1,1
1529644963.10208,0.340176,1412,0,2
1522956020.54573,0.8453,126,1,4
1522954045.337514,53.91,126,1,4
1522964042.892982,3.94861,930,0,4
1522956020.449856,0.749426,1412,0,4
1522956056.570124,36.8697,1412,0,4
1522940314.601414,59.607,74,1,4
1522953994.759986,3.33246,1412,0,4
1529541635.857973,0.340263,1412,0,2
1522918702.325854,1.96384,1412,0,4
1529478747.771933,1.14832,1412,0,2
1522922662.134626,18.7491,1392,0,4
1529626612.390077,0.402746,1412,0,2
1522956046.984916,27.2845,1412,0,4
1529634882.002922,1.59396,1412,0,2
1522964099.77869,60.8343,110,1,4
1529515408.769503,1.28874,1412,0,2
1527791944.845866,23.3739,147,0,0
1527760608.806024,95.5677,148,0,0
1522868694.844317,9.88647,1412,0,1
1522928717.701032,12.2594,1294,0,4
1522861277.9294,9.22052,1412,0,1
1522943057.45083,11.0229,1412,0,4
1522768773.308899,22.4776,1412,1,1
1529564287.710702,2.63886,125,1,2
1529513492.007317,1.13924,1392,0,2
1529478747.555286,0.931678,1412,0,2
1522768763.001718,12.1704,1412,1,1
1522886712.757879,23.9544,1412,0,1
1522940275.173147,20.1787,1294,0,4
1529554552.792541,1.24261,1412,0,2
1522888894.070033,11.5783,1412,0,1
1522842694.518587,10.7275,1412,0,1
1522964098.85902,59.9146,1412,0,4
1522763858.670856,13.6474,1412,1,1
1529513490.972533,0.104457,1392,0,2
1522842700.811669,17.0206,1412,0,1
1522888894.8053,12.3136,1412,0,1
1522859387.829668,11.1708,1412,0,1
1522918024.57792,58.2623,1412,0,4
1522868693.39807,8.44023,1412,0,1
1527741718.6624,0.759918,916,1,0
1529554551.879691,0.329763,1412,0,2
1522842698.128236,14.3372,1412,0,1
1522886713.200821,24.3974,101,1,1
1529478746.796789,0.173181,1412,0,2
1522940294.238631,39.2442,1294,0,4
1522928709.560101,4.11848,86,1,4
1522940275.159797,20.1653,74,1,4
1522917994.338133,28.0225,126,1,4
1522859388.051512,11.3927,1412,0,1
1527792005.826407,84.3545,391,1,0
1527760594.14619,80.9079,170,0,0
1522943057.498173,11.0703,1412,0,4
1529515407.87519,0.394422,1412,0,2
1522956065.571042,45.8706,1412,0,4
1529634882.031058,1.6221,1412,0,2
1522922644.29302,0.907467,1392,0,4
1522956069.462364,49.7619,107,1,4
1529515408.611734,1.13097,87,0,2
1529634880.489753,0.08079,100,1,2
1522922692.321605,48.9361,1392,0,4
1522940294.379243,39.3848,1294,0,4
1529513492.015184,1.14711,1392,0,2
1529554552.127702,0.577774,1412,0,2
1522859388.014159,11.3553,1412,0,1
1527993551.707177,56.0543,87,0,0
1522853104.18211,5.12551,1412,0,1
1522953999.094865,7.66734,1412,0,4
1527851033.520898,71.9571,1412,1,0
1529478747.596784,0.973176,1412,0,2
1522859387.729067,11.0702,107,1,1
1527760545.695734,32.4574,305,0,0
1522859388.088339,11.4295,1412,0,1
1522956020.977559,1.27713,1412,0,4
1529564287.981591,2.90975,1412,0,2
1529554552.765393,1.21547,1412,0,2
1522928715.471023,10.0294,74,1,4
1522763860.108737,15.0853,1412,1,1
1529541636.047915,0.530205,1412,0,2
1522940314.023522,59.0291,1294,0,4
1522928709.489917,4.0483,1294,0,4
1522964063.954459,25.0101,1412,0,4
1522861277.652898,8.94401,1412,0,1
1522940303.523845,48.5294,74,1,4
1522842703.377213,19.5861,1412,0,1
1522859388.05942,11.4006,1412,0,1
1522918016.055407,49.7397,1412,0,4
1522886704.279208,15.4758,101,1,1
1522918702.456113,2.0941,1412,0,4
1522964051.317296,12.3729,1412,0,4
1522956031.440142,11.7397,1412,0,4
1522940280.692956,25.6985,1294,0,4
1522922696.614845,53.2293,1392,0,4
1522868693.373361,8.41552,1412,0,1
1529626613.175085,1.18775,1412,0,2
1522956020.44277,0.74234,1412,0,4
1529541636.465505,0.947795,1412,0,2
1529478746.641754,0.0181458,97,1,2
1522956031.437874,11.7374,1412,0,4
1522922643.988011,0.602458,1392,0,4
1522964039.230822,0.286451,100,1,4
1522943063.031515,16.6036,1412,0,4
1522928731.577062,26.1354,1294,0,4
1527924728.226993,77.6923,148,0,0
1522956020.999888,1.29946,1412,0,4
1522886701.547906,12.7445,1412,0,1
1522918733.917372,33.5554,1412,0,4
1522853104.678604,5.62201,122,1,1
1522953995.207344,3.77981,1412,0,4
1522886709.914285,21.1109,1412,0,1
1522956076.878759,57.1783,1412,0,4
1529554551.991491,0.441563,1412,0,2
1529478747.640256,1.01665,1412,0,2
1522768764.890347,14.059,100,0,1
1522928753.661334,48.2197,74,1,4
1522888894.932974,12.4413,1412,0,1
1522842707.925818,24.1347,117,1,1
1522861277.818156,9.10927,1412,0,1
1522981563.997855,6.13305,1412,0,4
1522928723.14746,17.7058,1294,0,4
1522918733.915944,33.5539,1412,0,4
1522853102.060845,3.00425,1412,0,1
1529634880.714572,0.305609,1412,0,2
1529515408.533217,1.05245,1412,0,2
1522956068.220925,48.5205,1412,0,4
1522768758.641262,7.80992,1412,0,1
1527760586.629025,73.3907,148,0,0
1522943107.295977,60.8681,1412,0,4
1529478747.469296,0.845688,113,1,2
1529645507.519195,1.32673,1412,0,2
1529554552.151426,0.601498,125,1,2
1522861277.109573,8.40069,1412,0,1
1522964070.138651,31.1943,1412,0,4
1522865359.200798,12.2306,1412,0,1
1522842701.095477,17.3044,101,1,1
1529626612.730896,0.743565,126,1,2
1522763857.844154,12.8207,1412,1,1
1522868694.627834,9.66999,1412,0,1
1522861277.775867,9.06698,1412,0,1
1522865358.960166,11.99,1412,0,1
1522956020.489536,0.789106,1412,0,4
1522928753.088336,47.6467,74,1,4
1522953994.774624,3.34709,1412,0,4
1522888894.810658,12.3189,1412,0,1
1522768766.415681,15.5843,1412,1,1
1522859388.847231,12.1884,1412,0,1
1529513491.665529,0.797453,1392,0,2
1529515408.121247,0.640479,1412,0,2
1522842710.147978,26.3569,104,1,1
1522868694.441986,9.48414,1412,0,1
1522954044.788399,53.3609,1412,0,4
1522768766.70281,15.8715,105,0,1
1527850971.9221,10.3583,112,1,0
1522842703.71759,19.9265,1412,0,1
1522865359.268158,12.298,138,1,1
1522956020.97157,1.27114,1412,0,4
1529644963.391097,0.629193,1412,0,2
1522868694.778166,9.82032,1412,0,1
1522861277.820029,9.11114,1412,0,1
1522964083.724813,44.7804,328,1,4
1522922696.58298,53.1974,1392,0,4
1522964083.794772,44.8504,1412,0,4
1522922669.703465,26.3179,1392,0,4
1522859387.801149,11.1423,1412,0,1
1522928739.095363,33.6537,1294,0,4
1522943063.130582,16.7027,1412,0,4
1522922683.090637,39.7051,1392,0,4
1529541635.852712,0.335002,1412,0,2
1522868693.65292,8.69508,1412,0,1
1522763865.490773,20.4673,1412,1,1
1522956056.506318,36.8059,1412,0,4
1529478747.456355,0.832747,1412,0,2
1527987730.348553,9.94399,1400,0,0
1529478746.93534,0.311732,1412,0,2
1529644964.180875,1.41897,1412,0,2
1522928709.472356,4.03074,1294,0,4
1522928729.33977,23.8982,1294,0,4
1522981563.86256,5.99776,1412,0,4
1522917967.031952,0.716291,1412,0,4
1522662276.45206,6.56116,1294,0,3
1522943096.580269,50.1524,193,1,4
1529564285.516211,0.444374,1412,0,2
1522886706.011409,17.208,101,1,1
1529513491.569046,0.70097,1392,0,2
1529515407.624859,0.144091,1412,0,2
1522888894.434848,11.9431,1412,0,1
1522888894.807284,12.3156,1412,0,1
1522861277.377595,8.66871,1412,0,1
1529645506.900588,0.708119,1412,0,2
1522940315.008965,60.0145,1294,0,4
1527924672.461783,21.9271,92,0,0
1527987735.48641,15.0818,87,0,0
1529554552.081287,0.531359,1412,0,2
1527987801.050154,80.6456,261,1,0
1522928739.100571,33.659,1294,0,4
1522888894.882336,12.3906,1412,0,1
1522886709.772619,20.9692,101,1,1
1522853102.525497,3.4689,1412,0,1
1522868694.183135,9.22529,1412,0,1
1528083150.861426,93.7862,1196,1,0
1522861277.302353,8.59347,125,1,1
1522918708.644888,8.28287,1412,0,4
1527924746.718695,96.184,388,1,0
1522940256.8301,1.83564,1294,0,4
1522956077.748514,58.0481,125,1,4
1522964051.326053,12.3817,1412,0,4
1527741830.754824,112.852,87,0,0
1527924660.168454,9.6338,254,0,0
1522940288.974542,33.9801,1294,0,4
1529644963.186962,0.425058,1412,0,2
1529515408.454273,0.973505,1412,0,2
1522853100.29734,1.24074,119,1,1
1522964083.00953,44.0652,930,0,4
1529644964.059191,1.29729,126,1,2
1522739789.472725,4.30008,112,0,3
1522940294.374941,39.3805,1294,0,4
1522768765.976355,15.145,103,0,1
1522928723.062088,17.6205,1294,0,4
1529513491.346342,0.478266,1392,0,2
1529634881.525285,1.11632,1412,0,2
1522842708.992172,25.2011,1412,0,1
1529564286.732763,1.66093,1412,0,2
1522954035.153758,43.7262,126,1,4
1527993571.866801,76.2139,104,1,0
1522662270.345863,0.454964,1294,0,3
1522768774.125228,23.2939,97,0,1
1522865358.879836,11.9097,1412,0,1
1522943057.577516,11.1496,1412,0,4
1522943088.56031,42.1324,1412,0,4
1522922683.127305,39.7418,1392,0,4
1522928752.777125,47.3355,1294,0,4
1522868693.699007,8.74116,1412,0,1
1529564287.930959,2.85912,1412,0,2
1529513491.542206,0.67413,1392,0,2
1522888894.588773,12.0971,1412,0,1
1527850970.936965,9.37319,102,0,0
1528085271.790128,108.019,270,0,0
1522922645.321124,1.93557,1392,0,4
1522928729.284118,23.8425,1294,0,4
1522868694.604042,9.6462,1412,0,1
1527760618.664872,105.427,127,0,0
1522868693.991131,9.03329,1412,0,1
1522928709.536082,4.09447,1294,0,4
1522868694.69349,9.73565,1412,0,1
1529541635.762202,0.244492,1412,0,2
1529515408.354667,0.873899,1412,0,2
1527993573.743663,78.0908,415,1,0
1528083057.454924,0.37973,1412,0,0
1522964051.444829,12.5005,1412,0,4
1529513491.081829,0.213753,105,1,2
1522964076.066375,37.122,1412,0,4
1522943047.017069,0.58918,1412,0,4
1522865359.122903,12.1527,1412,0,1
1522956069.22111,49.5207,1412,0,4
1529478747.783855,1.16025,1412,0,2
1522940288.968438,33.974,1294,0,4
1522956021.072572,1.37214,1412,0,4
1522842691.329389,7.53831,1412,0,1
1522865359.464776,12.4946,1412,0,1
1522888895.012971,12.5213,1412,0,1
1529564286.271468,1.19963,1412,0,2
1522940261.657608,6.66315,74,1,4
1522842690.696123,6.90504,1412,0,1
1529541635.753788,0.236078,1412,0,2
1522713579.541863,7.13845,74,1,3
1522943046.986104,0.558215,1412,0,4
1522956031.543474,11.843,126,1,4
1529541636.069685,0.551975,1412,0,2
1522940285.827076,30.8326,74,1,4
1522888895.05509,12.5634,1412,0,1
1522928753.465643,48.024,74,1,4
1527924659.952586,9.41793,467,0,0
1529478746.975116,0.351508,1412,0,2
1522768769.283035,18.4517,103,0,1
1527987808.2686,87.864,92,0,0
1527993595.811077,100.158,148,0,0
1522654301.574554,0.483224,1294,0,3
1529564286.010918,0.939081,1412,0,2
1522928753.126053,47.6844,1294,0,4
1522842699.137614,15.3465,1412,0,1
1529515408.780562,1.29979,1412,0,2
1529634881.741761,1.3328,1412,0,2
1522865359.44401,12.4739,1412,0,1
1522859387.950246,11.2914,1412,0,1
1522886704.785628,15.9822,1412,0,1
1527851062.4764,100.913,87,0,0
1522842692.852432,9.06135,156,1,1
1522922683.116231,39.7307,1392,0,4
1522853102.368617,3.31202,1412,0,1
1529644963.140791,0.378887,1412,0,2
1529541635.693916,0.176206,1412,0,2
1522768765.427044,14.5957,1412,1,1
1522956065.196175,45.4957,132,1,4
1522922655.939426,12.5539,1392,0,4
1522928723.000342,17.5587,1294,0,4
1529626612.849338,0.862007,1412,0,2
1522886700.965414,12.162,1412,0,1
1529645507.732635,1.54017,1412,0,2
1522853103.911369,4.85477,1412,0,1
1522853100.133538,1.07694,1412,0,1
1529634881.555156,1.14619,1412,0,2
1529634881.116647,0.707684,939,0,2
1522928722.951353,17.5097,1294,0,4
1522928744.294357,38.8527,74,1,4
1522768771.780921,20.9496,1412,1,1
1522943052.386536,5.95865,1412,0,4
1528085252.394798,88.6242,1412,0,0
1522922645.36408,1.97853,1392,0,4
1527745245.882655,20.8055,255,0,0
1529513491.487501,0.619425,1392,0,2
1522964095.472402,56.528,1412,0,4
1522943097.164657,50.7368,1412,0,4
1522888893.919322,11.4276,1412,0,1
1522953994.469312,3.04178,1412,0,4
1529634881.122181,0.713218,1412,0,2
1529478747.640162,1.01655,1412,0,2
1522928731.653913,26.2123,1294,0,4
1522922662.123974,18.7384,1392,0,4
1522865358.104895,11.1347,1412,0,1
1522859388.193185,11.5344,1412,0,1
1522928705.607679,0.166062,1294,0,4
1522928753.34351,47.9019,1294,0,4
1529554552.936587,1.38666,1412,0,2
1522922656.01252,12.627,1392,0,4
1527851072.250583,110.687,112,1,0
1522768771.209388,20.3781,1412,1,1
1522868694.422926,9.46508,125,1,1
1522842706.693422,22.9023,1412,0,1
1522943088.554446,42.1266,1412,0,4
1522956056.504407,36.804,1412,0,4
1522943057.501367,11.0735,1412,0,4
1522859388.813901,12.1551,1412,0,1
1522922644.499025,1.11347,910,0,4
1522918752.856391,52.4944,1412,0,4
1522956056.408819,36.7084,1412,0,4
1522943052.378204,5.95031,1412,0,4
1522940294.303307,39.3088,1294,0,4
1522964070.164682,31.2203,1412,0,4
1522956020.517556,0.817126,1412,0,4
1522868694.59901,9.64117,1412,0,1
1522859388.336026,11.6772,1412,0,1
1522763857.272697,12.2492,1412,1,1
1527741721.488549,3.58607,141,0,0
1522956020.048264,0.347834,1412,0,4
1529564286.289621,1.21778,1412,0,2
1522981568.225113,10.3603,1412,0,4
1522943096.689896,50.262,1412,0,4
1522917999.533086,33.2174,1412,0,4
1522956065.767734,46.0673,1412,0,4
1522954013.852517,22.425,126,1,4
1522918720.309253,19.9472,1412,0,4
1527760621.322239,108.084,87,0,0
1527741800.435675,82.5332,92,0,0
1522853103.654593,4.598,1412,0,1
1529554552.766459,1.21653,1412,0,2
1522861277.898376,9.18949,125,1,1
1522953993.246175,1.81865,1412,0,4
1522956046.941717,27.2413,125,1,4
1527993556.744233,61.0914,316,1,0
1522943078.486883,32.059,1412,0,4
1522917999.533106,33.2174,1412,0,4
1522943106.83649,60.4086,1412,0,4
1522842702.682066,18.891,1412,0,1
1522861278.289795,9.58091,1412,0,1
1529634881.400614,0.991651,1412,0,2
1529626612.2254,0.238069,1412,0,2
1529478746.710305,0.0866969,1412,0,2
1527987809.494405,89.0898,395,1,0
1522940270.054894,15.0604,1294,0,4
1522940270.051042,15.0566,1294,0,4
1522940285.918571,30.9241,1294,0,4
1522842695.52515,11.7341,1412,0,1
1529644963.475949,0.714045,125,1,2
1522956077.638336,57.9379,1412,0,4
1522940256.835112,1.84065,1294,0,4
1522964058.563896,19.6195,1412,0,4
1528085203.587449,39.8168,92,0,0
1529541636.029278,0.511568,1412,0,2
1522964039.287614,0.343243,1412,0,4
1529644963.519603,0.757699,1412,0,2
1522859388.743806,12.085,1412,0,1
1527987745.907245,25.5027,92,0,0
1522954003.187097,11.7596,1412,0,4
1522861277.426979,8.71809,1412,0,1
1529626612.376964,0.389633,1412,0,2
1529626612.236487,0.249156,1412,0,2
1527745244.891796,19.8147,255,1,0
1522868694.156669,9.19882,1412,0,1
1522853104.317625,5.26103,1412,0,1
1522922645.243087,1.85753,1392,0,4
1522940256.184053,1.18959,1294,0,4
1522940285.892324,30.8979,1294,0,4
1522918700.701499,0.339485,1412,0,4
1522964095.059382,56.115,1412,0,4
1522922645.311067,1.92551,1392,0,4
1522964075.585363,36.641,1412,0,4
1522918739.205427,38.8434,1412,0,4
1529515408.061246,0.580478,1412,0,2
1522918708.650618,8.2886,1412,0,4
1522940275.215579,20.2211,74,1,4
1522953998.766475,7.33894,1412,0,4
1522964070.152258,31.2079,1412,0,4
1522956065.946844,46.2464,1412,0,4
1522842690.792446,7.00137,1412,0,1
1529564286.723826,1.65199,1412,0,2
1522956031.468342,11.7679,1412,0,4
1522886712.286997,23.4836,1412,0,1
1529554551.800215,0.250287,1412,0,2
1522918748.658398,48.2964,1412,0,4
1522768765.9707,15.1394,1412,1,1
1522928706.12889,0.687273,1294,0,4
1522768766.459939,15.6286,1412,1,1
1522940313.372037,58.3776,74,1,4
1522940285.726881,30.7324,1294,0,4
1522928758.661966,53.2203,1294,0,4
1522868694.320169,9.36232,1412,0,1
1529564285.625027,0.55319,1412,0,2
1529515407.750561,0.269793,1412,0,2
1522940261.661961,6.6675,1294,0,4
1529478746.856694,0.233086,1412,0,2
1528085278.646706,114.876,87,0,0
1522964083.648461,44.7041,1412,0,4
1522928709.535126,4.09351,86,1,4
1522859388.113965,11.4551,1412,0,1
1527851069.553034,107.989,87,0,0
1527792035.952172,114.48,100,1,0
1522842699.934016,16.1429,1412,0,1
1522956031.574901,11.8745,1412,0,4
1522886702.320737,13.5173,1412,0,1
1522859388.456303,11.7975,1412,0,1
1522654301.210126,0.118796,1294,0,3
1528085234.778234,71.0076,107,1,0
1522940256.162727,1.16826,1294,0,4
1522635948.771719,7.70746,74,0,3
1529645507.966186,1.77372,125,1,2
1522928715.641584,10.2,1294,0,4
1522943073.373549,26.9457,1412,0,4
1529554552.348189,0.798261,125,1,2
1522956047.07468,27.3743,1412,0,4
1522956056.455457,36.755,1412,0,4
1522842696.014465,12.2234,1412,0,1
1522981558.760607,0.895804,1412,0,4
1522654301.747445,0.656115,1294,0,3
1522859388.418024,11.7592,1412,0,1
1522888893.993523,11.5018,1412,0,1
1527987763.314198,42.9096,98,1,0
1522964051.449839,12.5055,122,0,4
1522868693.909773,8.95193,1412,0,1
1522768775.124151,24.2928,97,0,1
1522859388.461651,11.8028,1412,0,1
1522928731.677584,26.236,1294,0,4
1522922696.702163,53.3166,1392,0,4
1522859388.384514,11.7257,1412,0,1
1522853100.551157,1.49456,1412,0,1
1522886704.620327,15.8169,101,1,1
1522861277.307148,8.59826,1412,0,1
1529515407.886602,0.405834,1412,0,2
1522928738.958424,33.5168,1294,0,4
1529634881.794923,1.38596,1412,0,2
1522940261.658084,6.66362,1294,0,4
1529554552.060097,0.510169,1412,0,2
1522943057.47055,11.0427,1412,0,4
1529634881.138818,0.729855,1412,0,2
1527745306.495951,81.4188,87,0,0
1522928706.02652,0.584903,74,1,4
1522842699.108327,15.3172,1412,0,1
1522943073.345214,26.9173,126,1,4
1522865359.080669,12.1105,1412,0,1
1522928723.118763,17.6771,1294,0,4
1522861277.388655,8.67977,1412,0,1
1522954013.828262,22.4007,1412,0,4
1522928739.042256,33.6006,1294,0,4
1522964040.592273,1.6479,1412,0,4
1522964051.351091,12.4067,1412,0,4
1529478747.264751,0.641143,1412,0,2
1522943052.311032,5.88314,126,1,4
1522964084.093753,45.1494,1412,0,4
1522940313.309565,58.3151,1294,0,4
1529564286.701642,1.62981,1412,0,2
1529626612.328704,0.341373,125,1,2
1522954013.87149,22.444,126,1,4
1522859388.567329,11.9085,1412,0,1
1522943047.010076,0.582187,1412,0,4
1522954003.183802,11.7563,1412,0,4
1522868693.925437,8.96759,1412,0,1
1522956020.05931,0.35888,1412,0,4
1529478747.790863,1.16725,1412,0,2
1522886707.001456,18.198,101,1,1
1522868693.755551,8.79771,1412,0,1
1522859387.70907,11.0502,1412,0,1
1522763854.156975,9.13349,1412,1,1
1522886711.522688,22.7193,1412,0,1
1528085235.056287,71.2857,101,1,0
1529478747.017763,0.394155,1412,0,2
1522928731.637596,26.196,1294,0,4
1522763864.791166,19.7677,1412,1,1
1529634881.807569,1.39861,1412,0,2
1522940314.476015,59.4816,1294,0,4
1522662276.803282,6.91238,1294,0,3
1522940256.121052,1.12659,1294,0,4
1522917983.589437,17.2738,1412,0,4
1522763866.696727,21.6732,95,0,1
1522954035.133325,43.7058,1412,0,4
1522954026.658909,35.2314,1412,0,4
1522859388.071047,11.4122,107,1,1
1522842710.578023,26.7869,114,1,1
1522940313.835176,58.8407,74,1,4
1529626612.829661,0.84233,1412,0,2
1522886705.538466,16.735,1412,0,1
1522964082.825393,43.881,1412,0,4
1527850983.548288,21.9845,109,1,0
1522918720.189665,19.8277,1412,0,4
1522842693.412065,9.62099,1412,0,1
1522865358.642018,11.6719,1412,0,1
1529515408.0963,0.615532,1412,0,2
1522918739.162323,38.8003,1412,0,4
1522940255.999044,1.00458,1294,0,4
1529644964.164073,1.40217,1412,0,2
1522886699.602009,10.7986,101,1,1
1522886710.856941,22.0535,1412,0,1
1522981563.990978,6.12617,1412,0,4
1529478747.201501,0.577893,1412,0,2
1529644963.182396,0.420492,1412,0,2
1522954003.246818,11.8193,1412,0,4
1522861278.133738,9.42485,1412,0,1
1528083171.043697,113.969,92,0,0
1527993534.233813,38.5809,87,0,0
1522842707.797814,24.0067,104,1,1
1522940261.48136,6.4869,1294,0,4
1522886702.559826,13.7564,1412,0,1
1522981572.258026,14.3932,1412,0,4
1522917983.543485,17.2278,1412,0,4
1522842707.577434,23.7864,1412,0,1
1522865358.452442,11.4823,1412,0,1
1522964083.124369,44.18,1412,0,4
1522853104.801708,5.74511,1412,0,1
1522956056.409677,36.7092,125,1,4
1522956019.740332,0.039902,1412,0,4
1522888894.155882,11.6642,119,1,1
1522865359.239206,12.269,1412,0,1
1527851041.44592,79.8821,87,0,0
1527791961.574625,40.1027,100,1,0
1522928739.052215,33.6106,74,1,4
1529644963.984469,1.22256,1412,0,2
1522940280.484464,25.49,1294,0,4
1529554552.302302,0.752374,1412,0,2
1522763863.397921,18.3744,1412,1,1
1522842698.999276,15.2082,101,1,1
1522964064.046104,25.1017,1412,0,4
1522940314.952567,59.9581,74,1,4
1522859388.58095,11.9221,1412,0,1
1522956020.041681,0.341251,1412,0,4
1522964076.28063,37.3363,310,1,4
1529564286.312979,1.24114,1412,0,2
1522859388.563055,11.9042,113,1,1
1522859387.939078,11.2802,119,1,1
1522943101.154945,54.7271,1412,0,4
1522956077.213495,57.5131,1412,0,4
1522918701.533547,1.17153,1412,0,4
1522940255.511693,0.51723,1294,0,4
1522868694.752509,9.79466,1412,0,1
1522964040.730272,1.7859,1412,0,4
1522842692.461898,8.67082,169,1,1
1529644963.653972,0.892068,1412,0,2
1529634882.016626,1.60766,1412,0,2
1529554552.333886,0.783958,1412,0,2
1527993504.974015,9.32115,320,1,0
1522956031.575937,11.8755,1412,0,4
1522865358.396842,11.4267,1412,0,1
1529554552.812361,1.26243,1412,0,2
1522922644.465034,1.07948,1392,0,4
1529644963.849733,1.08783,1412,0,2
1522928723.033409,17.5918,1294,0,4
1527745311.877296,86.8002,389,1,0
1529634882.054429,1.64547,1412,0,2
1522763860.786349,15.7629,1412,1,1
1522868694.407832,9.44999,1412,0,1
1522954035.157037,43.7295,1412,0,4
1529644963.819543,1.05764,1412,0,2
1522943101.194188,54.7663,327,1,4
1522888894.206347,11.7146,125,1,1
1522981606.894896,49.0301,1412,0,4
1529513491.650882,0.782806,1392,0,2
1522964058.726175,19.7818,1412,0,4
1522928709.739859,4.29824,1294,0,4
1522943052.300792,5.8729,1412,0,4
1529564287.768712,2.69688,1412,0,2
1522768774.490553,23.6592,1412,1,1
1529564285.397746,0.325909,1412,0,2
1522763865.393256,20.3698,101,0,1
1522859388.827819,12.169,1412,0,1
1522953994.706327,3.2788,930,0,4
1522943052.238371,5.81048,1412,0,4
1522954045.329233,53.9017,1412,0,4
1522888893.867987,11.3763,1412,0,1
1522868694.865731,9.90789,1412,0,1
1522763857.023538,12.0001,1412,1,1
1522853104.82711,5.77051,1412,0,1
1522940294.388947,39.3945,74,1,4
1528085206.850216,43.0796,93,0,0
1522868693.89943,8.94159,1412,0,1
1529564285.626045,0.554208,1412,0,2
1527791933.129633,11.6577,1412,1,0
1527745250.853211,25.7761,87,0,0
1527791969.90882,48.4369,100,1,0
1529644963.679193,0.917289,1412,0,2
1522918700.40347,0.041456,1412,0,4
1522981563.945386,6.08058,1412,0,4
1522888894.707121,12.2154,1412,0,1
1522859387.948562,11.2897,1412,0,1
1527791996.710097,75.2382,100,1,0
1527924760.664196,110.13,101,1,0
1522917994.322874,28.0072,1412,0,4
1522918720.327587,19.9656,1412,0,4
1522865358.852739,11.8826,1412,0,1
1522842694.089522,10.2984,1412,0,1
1522943082.693865,36.266,1412,0,4
1522954003.234382,11.8069,1412,0,4
1522888894.704954,12.2132,1412,0,1
1522861277.392849,8.68396,125,1,1
1522922696.759729,53.3742,1392,0,4
1522859387.773002,11.1142,114,1,1
1522635942.16388,1.09962,1294,0,3
1522928758.544659,53.103,1294,0,4
1522853100.52333,1.46673,1412,0,1
1527924709.976092,59.4414,101,1,0
1529644963.334709,0.572805,1412,0,2
1522943088.561092,42.1332,126,1,4
1522928717.70162,12.26,1294,0,4
1522888894.378543,11.8868,1412,0,1
1529634881.848414,1.43945,1412,0,2
1522922645.247085,1.86153,1392,0,4
1522964095.191388,56.247,1412,0,4
1522868694.539954,9.58211,1412,0,1
1522928709.533694,4.09208,86,1,4
1522768768.996243,18.1649,1412,1,1
1522922652.569329,9.18378,1392,0,4
1529554552.011791,0.461863,1412,0,2
1522956031.569929,11.8695,1412,0,4
1522943088.470724,42.0428,1412,0,4
1522886713.296606,24.4932,1412,0,1
1527851034.652263,73.0885,263,1,0
1522859388.378843,11.72,1412,0,1
1522956065.028596,45.3282,1412,0,4
1522940294.279057,39.2846,1294,0,4
1522922645.301076,1.91552,1392,0,4
1522954014.002347,22.5748,1412,0,4
1522886699.307958,10.5045,101,1,1
1522865359.357445,12.3873,1412,0,1
1522922696.627011,53.2415,1392,0,4
1522853104.925618,5.86902,119,1,1
1522940261.547047,6.55258,1294,0,4
1527987803.874521,83.47,148,0,0
1522928738.968398,33.5268,1294,0,4
1529554552.960928,1.411,1412,0,2
1522868693.975192,9.01735,1412,0,1
1522853104.188511,5.13192,1412,0,1
1529478747.822853,1.19924,1412,0,2
1522859387.712044,11.0532,1412,0,1
1522940263.74951,8.75505,1294,0,4
1529644963.65362,0.891716,125,1,2
1522940294.321997,39.3275,1294,0,4
1522886700.979242,12.1758,1412,0,1
1529644964.186929,1.42502,1412,0,2
1529564287.642704,2.57087,1412,0,2
1522768772.816787,21.9854,1412,1,1
1527987820.449576,100.045,148,0,0
1527924708.777026,58.2424,388,1,0
1527987726.363853,5.95929,87,0,0
1522763865.131511,20.108,1412,1,1
1522868693.603144,8.6453,1412,0,1
1529645506.738584,0.546115,1412,0,2
1522853101.533105,2.47651,1412,0,1
1522842704.274243,20.4832,1412,0,1
1522922683.115729,39.7302,106,1,4
1522943052.31053,5.88264,1412,0,4
1522956065.328782,45.6284,1412,0,4
1522886706.357347,17.5539,101,1,1
1522953993.26314,1.83561,1412,0,4
1522886706.171873,17.3684,1412,0,1
1522964099.949352,61.005,1412,0,4
1522928706.180892,0.739275,1294,0,4
1522940269.985166,14.9907,1294,0,4
1522981563.859063,5.99426,1412,0,4
1527993504.429538,8.77667,347,0,0
1529478747.317083,0.693475,1412,0,2
1522861277.957566,9.24868,1412,0,1
1522981563.857044,5.99224,1412,0,4
1522853105.107437,6.05084,1412,0,1
1522981606.532267,48.6675,1412,0,4
1522768764.613719,13.7824,1412,1,1
1522918748.505107,48.1431,1412,0,4
1529634881.313312,0.904349,1412,0,2
1522888894.886232,12.3945,1412,0,1
1529478747.010077,0.386469,1412,0,2
1522953995.140007,3.71248,1412,0,4
1522964039.619223,0.674852,1412,0,4
1522763861.806745,16.7833,1412,1,1
1522964040.729287,1.78492,1412,0,4
1522763865.163146,20.1397,1412,1,1
1522964051.37785,12.4335,1412,0,4
1522842700.364755,16.5737,1412,0,1
1522964094.904867,55.9605,1412,0,4
1522886712.27507,23.4716,1412,0,1
1522928717.71454,12.2729,74,1,4
1522888894.362443,11.8707,1412,0,1
1522859388.157846,11.499,1412,0,1
1529626612.862331,0.875,1412,0,2
1522928752.713294,47.2717,1294,0,4
1529513492.130514,1.26244,1392,0,2
1529634881.979708,1.57074,117,1,2
1529513491.316613,0.448537,1392,0,2
1522853101.979754,2.92316,1412,0,1
1527987739.200102,18.7955,87,0,0
1522922669.735595,26.35,106,1,4
1522861277.350437,8.64155,1412,0,1
1522956038.813043,19.1126,1412,0,4
1529541636.238399,0.720689,125,1,2
1529515407.76211,0.281342,1412,0,2
1522940269.966873,14.9724,74,1,4
1522763866.799857,21.7764,1412,1,1
1522868694.342548,9.3847,1412,0,1
1522928759.067945,53.6263,74,1,4
1527745307.086901,82.0098,104,1,0
1529645507.127299,0.93483,1412,0,2
1522964058.624641,19.6803,1412,0,4
1522928748.084045,42.6424,1294,0,4
1529645507.133045,0.940576,1412,0,2
1522861277.126053,8.41717,1412,0,1
1529478746.855018,0.23141,1412,0,2
1522842710.813544,27.0225,1412,0,1
1529634881.951722,1.54276,107,1,2
1529513491.644149,0.776073,1392,0,2
1522981596.842234,38.9774,1412,0,4
1522768762.348309,11.517,1412,1,1
1522922669.738528,26.353,106,1,4
1522918753.252542,52.8905,346,1,4
1522956031.573178,11.8727,1412,0,4
1527850973.98641,12.4226,383,0,0
1522940314.117301,59.1228,74,1,4
1522886700.909646,12.1062,1412,0,1
1522943107.11833,60.6904,1412,0,4
1529554551.982647,0.432719,1412,0,2
1529564286.62406,1.55222,1412,0,2
1522715510.612347,6.59669,1294,0,3
1527745241.911535,16.8344,364,0,0
1522940275.202855,20.2084,74,1,4
1522853103.648512,4.59192,1412,0,1
1529554552.232078,0.68215,1412,0,2
1522981572.216133,14.3513,1412,0,4
1522918720.139116,19.7771,1412,0,4
1529645507.2096,1.01713,1412,0,2
1522928705.958779,0.517162,1294,0,4
1522763855.368524,10.345,1412,1,1
1529644963.667203,0.905299,1412,0,2
1522940304.049344,49.0549,1294,0,4
1529541636.032294,0.514584,125,1,2
1527760593.35414,80.1158,390,1,0
1522886711.202145,22.3987,1412,0,1
1529645507.518388,1.32592,1412,0,2
1522859387.927347,11.2685,1412,0,1
1522853100.635157,1.57856,1412,0,1
1522888894.819475,12.3278,1412,0,1
1522940294.21541,39.2209,1294,0,4
1529634880.69929,0.290327,124,1,2
1522886698.254084,9.45065,1412,0,1
1529554552.928267,1.37834,1412,0,2
1522859387.838012,11.1792,111,1,1
1522886697.786855,8.98342,101,1,1
1522859387.753676,11.0948,1412,0,1
1527924701.565902,51.0312,279,0,0
1522956077.200794,57.5004,107,1,4
1522940270.06308,15.0686,1294,0,4
1522886709.775604,20.9722,101,1,1
1529564287.738944,2.66711,1412,0,2
1522865358.600447,11.6303,1412,0,1
1522763857.368723,12.3452,101,0,1
1522956070.254455,50.554,1412,0,4
1522865359.499376,12.5292,1412,0,1
1522940294.304992,39.3105,1294,0,4
1522964064.048082,25.1037,1412,0,4
1527924721.855122,71.3205,304,0,0
1522981606.687533,48.8227,144,1,4
1529515408.217527,0.736759,1412,0,2
1522964095.807419,56.863,1412,0,4
1529478747.659447,1.03584,1412,0,2
1529554551.76118,0.211252,905,0,2
1522943078.614975,32.1871,1412,0,4
1528085221.428776,57.6581,181,0,0
1522853103.993544,4.93695,1412,0,1
1522918702.467593,2.10558,1412,0,4
1522763855.455467,10.432,1412,1,1
1529513491.298114,0.430038,1392,0,2
1529541635.722368,0.204658,1412,0,2
1522842708.747184,24.9561,1412,0,1
1529645508.045274,1.85281,1412,0,2
1522865358.540724,11.5706,1412,0,1
1522928753.771382,48.3298,1294,0,4
1522861277.224211,8.51533,1412,0,1
1529626612.689811,0.70248,1412,0,2
1527760624.043259,110.805,92,0,0
1522964063.908585,24.9642,1412,0,4
1522918719.188311,18.8263,1412,0,4
1522861277.831454,9.12257,1412,0,1
1522853104.901612,5.84502,110,1,1
1529478747.720814,1.09721,125,1,2
1522964039.254307,0.309936,1412,0,4
1522981596.846151,38.9813,1412,0,4
1529645507.808471,1.616,1412,0,2
1522928739.099185,33.6576,1294,0,4
1522868694.750227,9.79238,1412,0,1
1522861277.260334,8.55145,125,1,1
1529645508.030659,1.83819,1412,0,2
1522842695.447116,11.656,1412,0,1
1522865358.041863,11.0717,1412,0,1
1522964040.617277,1.67291,1412,0,4
1522981563.83605,5.97125,1412,0,4
1522868694.253059,9.29521,125,1,1
1522964083.354235,44.4099,1412,0,4
1522861278.31421,9.60532,1412,0,1
1529564286.010166,0.938329,1412,0,2
1529478747.010772,0.387164,1412,0,2
1529564286.010095,0.938258,1412,0,2
1522922677.84694,34.4614,1392,0,4
1522763853.29657,8.27309,1412,1,1
1522886699.243758,10.4403,1412,0,1
1522943096.472469,50.0446,177,1,4
1522943107.346503,60.9186,1412,0,4
1522888893.987669,11.4959,1412,0,1
1522953994.413122,2.98559,930,0,4
1529634881.077296,0.668333,1412,0,2
1522956046.909357,27.2089,1412,0,4
1522964058.720496,19.7761,1412,0,4
1522853101.067476,2.01088,122,1,1
1529541636.522345,1.00464,1412,0,2
1522964064.013923,25.0696,1412,0,4
1522928753.448765,48.0071,74,1,4
1522886701.177715,12.3743,1412,0,1
1522853101.879969,2.82337,1412,0,1
1529554551.762537,0.212609,1412,0,2
1522861276.992379,8.28349,100,1,1
1522763860.770592,15.7471,1412,1,1
1522763853.420635,8.39715,97,0,1
1522928715.440942,9.99933,1294,0,4
1529513491.719517,0.851441,1392,0,2
1522954003.503314,12.0758,1412,0,4
1522768772.86679,22.0355,123,0,1
1522964099.974058,61.0297,1412,0,4
1522918700.691496,0.329482,1412,0,4
1522917979.29715,12.9815,1412,0,4
1522865359.158907,12.1887,125,1,1
1522922644.455022,1.06947,1392,0,4
1522859388.073861,11.415,1412,0,1
1522928744.223679,38.7821,1294,0,4
1522859388.752985,12.0942,1412,0,1
1522842692.862375,9.0713,1412,0,1
1522763866.502264,21.4788,1412,1,1
1522928723.059827,17.6182,74,1,4
1522763859.503641,14.4802,101,0,1
1522940275.236672,20.2422,74,1,4
1522964083.533251,44.5889,1412,0,4
1522954003.082823,11.6553,1412,0,4
1529644964.294506,1.5326,1412,0,2
1522943082.750177,36.3223,1412,0,4
1522861277.594865,8.88598,1412,0,1
1522647183.039214,1.19244,1294,1,3
1529513491.320279,0.452203,105,1,2
1522981572.088642,14.2238,1412,0,4
1522922669.609334,26.2238,1392,0,4
1522943088.478868,42.051,1412,0,4
1529541636.037064,0.519354,1412,0,2
1529478747.200243,0.576635,1412,0,2
1522940303.993617,48.9992,1294,0,4
1529515407.680862,0.200094,1412,0,2
1522868694.789549,9.8317,1412,0,1
1522943046.959072,0.531183,1412,0,4
1522918702.39259,2.03058,1412,0,4
1522917969.376335,3.06067,1412,0,4
1522768768.651116,17.8198,103,0,1
1529515408.545243,1.06448,1412,0,2
1522928723.028323,17.5867,1294,0,4
1522940313.080556,58.0861,1294,0,4
1522943097.212256,50.7844,160,1,4
1522964063.900178,24.9558,1412,0,4
1522763857.116699,12.0932,1412,1,1
1522868694.65248,9.69463,138,1,1
1522943047.088927,0.661038,1412,0,4
1522940256.004413,1.00995,1294,0,4
1527924759.005423,108.471,388,1,0
1522981596.800931,38.9361,1412,0,4
1522943101.62452,55.1966,1412,0,4
1529541636.52748,1.00977,1412,0,2
1522842708.192948,24.4019,1412,0,1
1529554552.081419,0.531491,1412,0,2
1522886701.551352,12.7479,1412,0,1
1522868694.741645,9.7838,125,1,1
1522861278.393933,9.68505,1412,0,1
1522964070.290458,31.3461,1412,0,4
1522953992.095994,0.668464,1412,0,4
1522956021.065578,1.36515,1412,0,4
1522842696.780068,12.989,1412,0,1
1522928731.702369,26.2608,1294,0,4
1522768770.740779,19.9094,1412,1,1
1522861278.009972,9.30109,1412,0,1
1522964095.882429,56.9381,1412,0,4
1522859387.886698,11.2279,1412,0,1
1527745265.519066,40.4419,87,0,0
1522859387.878648,11.2198,1412,0,1
1522853105.312633,6.25604,132,1,1
1522953994.462317,3.03479,1412,0,4
1522956046.96629,27.2659,1412,0,4
1522886708.218536,19.4151,101,1,1
1529645507.763547,1.57108,1412,0,2
1522842710.809036,27.018,104,1,1
1522956046.996291,27.2959,1412,0,4
1522917968.291024,1.97536,1412,0,4
1522868694.038282,9.08044,1412,0,1
1522768769.278645,18.4473,1412,1,1
1529513491.170028,0.301952,1392,0,2
1522861277.726769,9.01788,1412,0,1
1529564286.393172,1.32134,1412,0,2
1529634881.512746,1.10378,1412,0,2
1522886707.16539,18.362,101,1,1
1522928731.544639,26.103,1294,0,4
1529644963.724427,0.962523,1412,0,2
1522868693.457592,8.49975,1412,0,1
1522964039.628216,0.683845,1412,0,4
1522956020.488688,0.788258,126,1,4
1527791929.123294,7.65135,100,1,0
1527791986.243636,64.7717,103,1,0
1522842698.215498,14.4244,1412,0,1
1522981572.278015,14.4132,473,0,4
1522954013.864429,22.4369,1412,0,4
1522956020.488542,0.788112,1412,0,4
1529645508.00309,1.81062,1412,0,2
1522956026.031351,6.33092,1412,0,4
1522763855.61852,10.595,1412,1,1
1522918720.182213,19.8202,1412,0,4
1522918739.243228,38.8812,1412,0,4
1527993565.527283,69.8744,260,1,0
1522964075.688306,36.7439,275,1,4
1522964075.458754,36.5144,1412,0,4
1529644963.853225,1.09132,1412,0,2
1522918719.189154,18.8271,1412,0,4
1522868694.853383,9.89554,1412,0,1
1522964099.669701,60.7253,113,1,4
1529564287.955126,2.88329,1412,0,2
1522956053.182726,33.4823,1412,0,4
1522868693.704515,8.74667,1412,0,1
1522954014.207085,22.7796,1412,0,4
1522842710.268926,26.4778,101,1,1
1522768769.786343,18.955,106,0,1
1522768775.703039,24.8717,1412,1,1
1529644963.360827,0.598923,1412,0,2
1522853101.861219,2.80462,1412,0,1
1522954013.839515,22.412,1412,0,4
1522859388.010153,11.3513,119,1,1
1529554552.981075,1.43115,1412,0,2
1522918702.368582,2.00657,1412,0,4
1522928715.42235,9.98073,1294,0,4
1522888894.260093,11.7684,1412,0,1
1522956038.657604,18.9572,1412,0,4
1522956021.069111,1.36868,1412,0,4
1522865358.664508,11.6943,1412,0,1
1522922645.324077,1.93852,1392,0,4
1522918702.362594,2.00058,1412,0,4
1522940294.367596,39.3731,1294,0,4
1522928715.490147,10.0485,1294,0,4
1522859387.633012,10.9742,1412,0,1
1528083148.227106,91.1519,92,0,0
1522768766.133155,15.3018,1412,1,1
1522853103.929766,4.87317,1412,0,1
1522940255.560729,0.566266,1294,0,4
1529634881.995597,1.58663,117,1,2
1522964070.329825,31.3855,1412,0,4
1522940280.548464,25.554,1294,0,4
1522859387.75848,11.0996,1412,0,1
1522886698.895164,10.0917,1412,0,1
1529554552.800414,1.25049,1412,0,2
1527851005.628642,44.0649,109,1,0
1522886712.372687,23.5693,101,1,1
1522922683.198261,39.8127,1392,0,4
1529634880.842568,0.433605,1412,0,2
1522928723.017912,17.5763,1294,0,4
1522842709.957604,26.1665,1412,0,1
1522940285.925265,30.9308,1294,0,4
1522940261.686726,6.69226,1294,0,4
1522940313.981226,58.9868,1294,0,4
1529478746.940536,0.316928,125,1,2
1529554551.76546,0.215532,1412,0,2
1527760551.331714,38.0934,279,0,0
1522922645.331085,1.94553,1392,0,4
1522953994.764327,3.3368,1412,0,4
1522888894.365972,11.8743,1412,0,1
1522662276.836809,6.94591,1294,0,3
1527987771.822588,51.418,87,0,0
1522861277.518018,8.80913,1412,0,1
1522928731.502944,26.0613,1294,0,4
1522859387.953626,11.2948,1412,0,1
1522964070.161453,31.2171,1412,0,4
1522868693.833322,8.87548,1412,0,1
1522943101.126158,54.6983,1412,0,4
1522940304.041218,49.0468,1294,0,4
1522865358.512659,11.5425,1412,0,1
1522859387.744225,11.0854,1412,0,1
1522763864.729278,19.7058,1412,1,1
1529515408.418114,0.937346,1412,0,2
1529513492.111865,1.24379,1392,0,2
1529644963.717949,0.956045,1412,0,2
1522940263.755504,8.76104,74,1,4
1529515407.740994,0.260226,1412,0,2
1522859388.41113,11.7523,113,1,1
1522956065.876189,46.1758,186,1,4
1522953993.288236,1.86071,1412,0,4
1522842701.609935,17.8189,1412,0,1
1522842690.931701,7.14062,1412,0,1
1522859388.245418,11.5866,1412,0,1
1522865358.648121,11.678,1412,0,1
1522886712.226765,23.4233,1412,0,1
1522888894.686822,12.1951,1412,0,1
1529478747.251647,0.628039,1412,0,2
1529478747.621333,0.997725,126,1,2
1529564287.213836,2.142,1412,0,2
1522964083.345509,44.4011,1412,0,4
1522865359.144423,12.1743,1412,0,1
1522922669.724221,26.3387,106,1,4
1522954014.000821,22.5733,1412,0,4
1522763860.555074,15.5316,1412,1,1
1529564287.108206,2.03637,1412,0,2
1522768775.058891,24.2276,1412,1,1
1522861277.884152,9.17527,1412,0,1
1522964095.646411,56.702,1412,0,4
1529515408.567553,1.08679,1412,0,2
1522956038.911263,19.2108,1412,0,4
1522956047.113512,27.4131,1412,0,4
1529644963.735461,0.973557,1412,0,2
1522842699.349355,15.5583,104,1,1
1529564286.750331,1.67849,1412,0,2
1522886703.369332,14.5659,1412,0,1
1522886708.683523,19.8801,1412,0,1
1522842704.730957,20.9399,1412,0,1
1522928738.987656,33.546,1294,0,4
1522888894.814531,12.3228,1412,0,1
1522940313.173738,58.1793,74,1,4
1522956056.531998,36.8316,1412,0,4
1529634881.987118,1.57816,930,0,2
1522956020.956007,1.25558,1412,0,4
1528083066.69118,9.61599,98,1,0
1529626612.553083,0.565752,1412,0,2
1522956077.318805,57.6184,110,1,4
1527791927.844611,6.37267,1087,0,0
1522964040.619273,1.6749,1412,0,4
1529564286.76191,1.69007,1412,0,2
1522763862.214111,17.1906,1412,1,1
1522842693.317223,9.52614,1412,0,1
1522865358.301019,11.3309,125,1,1
1522981605.911477,48.0467,1412,0,4
1522981596.808458,38.9437,1412,0,4
1529564286.044641,0.972804,126,1,2
1527993610.316101,114.663,104,1,0
1522981596.799964,38.9352,116,1,4
1522763861.317479,16.294,1412,1,1
1522964039.413748,0.469377,1412,0,4
1522868693.614215,8.65637,1412,0,1
1522956031.609289,11.9089,1412,0,4
1522956077.160774,57.4603,1412,0,4
1522768812.070424,61.2391,103,1,1
1522763863.807849,18.7844,1412,1,1
1522853104.96391,5.90732,1412,0,1
1522918752.815338,52.4533,1412,0,4
1529564286.316598,1.24476,1412,0,2
1522922683.070052,39.6845,105,1,4
1522953994.418326,2.9908,1412,0,4
1529478747.330427,0.706819,1412,0,2
1522981558.277178,0.412375,1412,0,4
1522943101.368172,54.9403,1412,0,4
1529644962.907336,0.145432,1412,0,2
1529644963.361824,0.59992,1412,0,2
1522922683.215921,39.8304,1392,0,4
1529513491.350065,0.481989,1392,0,2
1522886712.331438,23.528,1412,0,1
1522842700.144209,16.3531,1412,0,1
1522842697.691857,13.9008,1412,0,1
1522964042.981207,4.03684,1412,0,4
1522861277.186739,8.47785,1412,0,1
1522928731.537803,26.0962,74,1,4
1522956020.95781,1.25738,125,1,4
1528085213.140283,49.3697,148,0,0
1522886713.517781,24.7143,1412,0,1
1522922692.336674,48.9511,1392,0,4
1522842703.669995,19.8789,1412,0,1
1522888894.760269,12.2685,1412,0,1
1522964083.844737,44.9004,1412,0,4
1522956065.321132,45.6207,1412,0,4
1522859387.741377,11.0825,1412,0,1
1528085206.846465,43.0758,107,1,0
1522940280.685511,25.691,74,1,4
1522954003.102412,11.6749,1412,0,4
1522868694.021669,9.06382,1412,0,1
1522865359.315547,12.3454,1412,0,1
1522956047.071648,27.3712,1412,0,4
1522842690.860164,7.06908,1412,0,1
1527993529.115439,33.4626,255,1,0
1529626613.028417,1.04109,1412,0,2
1529564285.526245,0.454408,1412,0,2
1527741812.188294,94.2858,101,1,0
1522647183.779837,1.93306,74,1,3
1522842695.91118,12.1201,1412,0,1
1522886706.098858,17.2954,1412,0,1
1529645507.188328,0.995859,1412,0,2
1529644963.852156,1.09025,125,1,2
1522859387.890696,11.2319,1412,0,1
1529541636.571208,1.0535,1412,0,2
1522888894.019508,11.5278,1412,0,1
1529478747.720665,1.09706,1412,0,2
1529626612.732464,0.745133,1412,0,2
1522940275.2193,20.2248,1294,0,4
1522886708.369534,19.5661,101,1,1
1522861277.099238,8.39035,1412,0,1
1522715510.612048,6.59639,1294,0,3
1527760607.718294,94.48,260,0,0
1522928758.797245,53.3556,1294,0,4
1522928709.689349,4.24773,1294,0,4
1528083166.605072,109.53,159,0,0
1529634881.980478,1.57152,1412,0,2
1522953994.689407,3.26188,1412,0,4
1522868694.254841,9.297,1412,0,1
1522956026.109682,6.40925,1412,0,4
1522956056.581013,36.8806,1412,0,4
1522943106.974437,60.5465,1412,0,4
1522940255.939275,0.944812,74,1,4
1522981606.739443,48.8746,1348,0,4
1522853105.468546,6.41195,1412,0,1
1522956056.487361,36.7869,1412,0,4
1522928715.43399,9.99237,1294,0,4
1522928706.125903,0.684286,1294,0,4
1529515408.382669,0.901901,1412,0,2
1522940261.581515,6.58705,1294,0,4
1522954026.739151,35.3116,1412,0,4
1522940314.051917,59.0575,1294,0,4
1522943047.007074,0.579185,1412,0,4
1522964095.3484,56.404,1412,0,4
1529554551.94655,0.396622,126,1,2
1522888893.998352,11.5066,1412,0,1
1529564287.672947,2.60111,1412,0,2
1529478747.466144,0.842536,1412,0,2
1522868694.183912,9.22607,125,1,1
1522715511.310119,7.29446,1294,0,3
1522868693.507302,8.54946,1412,0,1
1522954013.924117,22.4966,1412,0,4
1522768768.847763,18.0164,100,0,1
1522861277.213439,8.50455,1412,0,1
1522922696.565559,53.18,1392,0,4
1522953992.627218,1.19969,1412,0,4
1522763862.014853,16.9914,1412,1,1
1522943101.088871,54.661,1412,0,4
1522918024.562233,58.2466,1412,0,4
1522886711.392984,22.5896,1412,0,1
1522928739.004558,33.5629,1294,0,4
1522888894.468408,11.9767,1412,0,1
1522928759.005809,53.5642,1294,0,4
1527741820.863723,102.961,772,1,0
1522888895.014494,12.5228,1412,0,1
1529644963.860478,1.09857,1412,0,2
1522768763.917746,13.0864,1412,1,1
1529564288.007307,2.93547,1412,0,2
1522940261.660813,6.66635,1294,0,4
1522868693.457809,8.49996,1412,0,1
1522768773.80953,22.9782,1412,1,1
1522981605.847501,47.9827,104,1,4
1522928753.421183,47.9796,1294,0,4
1529634881.073247,0.664284,1412,0,2
1522868693.408085,8.45024,1412,0,1
1527760561.236694,47.9984,235,0,0
1527993536.453685,40.8008,104,1,0
1522922645.263073,1.87752,1392,0,4
1522886706.003445,17.2,1412,0,1
1527792005.056641,83.5847,100,1,0
1522886698.58001,9.77658,98,1,1
1522943047.081093,0.653204,1412,0,4
1522943078.460969,32.0331,125,1,4
1522768766.716688,15.8853,106,0,1
1522956021.083789,1.38336,1412,0,4
1522940275.276663,20.2822,1294,0,4
1522763863.648783,18.6253,1412,1,1
1522888894.528547,12.0368,1412,0,1
1522853103.454581,4.39799,119,1,1
1522981558.776194,0.911391,1412,0,4
1522768762.349683,11.5183,1412,1,1
1522956065.47084,45.7704,1412,0,4
1522888894.969463,12.4777,1412,0,1
1522928731.695281,26.2537,1294,0,4
1522918720.306109,19.9441,1412,0,4
1522727178.96235,5.72692,1294,0,3
1522922669.74744,26.3619,1392,0,4
1527987802.462165,82.0576,148,0,0
1522981605.896515,48.0317,107,1,4
1529634881.392103,0.98314,1412,0,2
1522956069.70602,50.0056,1412,0,4
1522842699.368295,15.5772,104,1,1
1522763857.745291,12.7218,1412,1,1
1522868693.539746,8.5819,1412,0,1
1522943088.53524,42.1074,1412,0,4
1522868694.571176,9.61333,1412,0,1
1522956025.929212,6.22878,1412,0,4
1522964070.317487,31.3731,1412,0,4
1529554552.911774,1.36185,1412,0,2
1522842699.717051,15.926,1412,0,1
1522922645.339079,1.95353,1392,0,4
1522886703.29455,14.4911,1412,0,1
1529644964.047225,1.28532,126,1,2
1522928757.923189,52.4816,1294,0,4
1527760564.017476,50.7792,148,0,0
1522943046.853123,0.425234,126,1,4
1522763864.980674,19.9572,95,0,1
1522928752.906115,47.4645,1294,0,4
1522964051.318874,12.3745,1412,0,4
1529626612.897289,0.909958,1412,0,2
1522859387.860856,11.202,1412,0,1
1522886702.489207,13.6858,101,1,1
1522886703.386314,14.5829,1412,0,1
1522964051.414882,12.4705,1412,0,4
1527993580.205142,84.5523,148,0,0
1522964042.854958,3.91059,1412,0,4
1522922655.923701,12.5381,1392,0,4
1529644963.532593,0.770689,1412,0,2
1522768772.014594,21.1833,1412,1,1
1522928738.976715,33.5351,1294,0,4
1522647182.266653,0.419876,1294,1,3
1522861277.832182,9.1233,1412,0,1
1529626612.338592,0.351261,1412,0,2
1522763856.540106,11.5166,1412,1,1
1522981572.134534,14.2697,1412,0,4
1522886708.984546,20.1811,1412,0,1
1522956020.965239,1.26481,1412,0,4
1522964095.211276,56.2669,251,1,4
1522956025.974985,6.27455,1412,0,4
1522861278.074814,9.36593,1412,0,1
1529478747.425212,0.801604,1412,0,2
1522868694.741467,9.78362,1412,0,1
1522853102.156602,3.10001,1412,0,1
1522853104.7114,5.6548,1412,0,1
1522943088.468257,42.0404,1412,0,4
1522956047.104602,27.4042,1412,0,4
1522888894.751203,12.2595,1412,0,1
1529564286.645525,1.57369,1412,0,2
1529564285.292232,0.220395,1412,0,2
1522886710.594494,21.7911,1412,0,1
1522888894.737997,12.2463,1412,0,1
1522918720.136192,19.7742,1412,0,4
1522859387.821795,11.163,1412,0,1
1522956069.666398,49.966,107,1,4
1522928706.051822,0.610205,1294,0,4
1522853104.192004,5.13541,1412,0,1
1522763859.416456,14.393,1412,1,1
1529626612.374555,0.387224,1412,0,2
1522918733.922365,33.5604,1412,0,4
1522853102.813853,3.75726,1412,0,1
1522922692.351819,48.9663,1392,0,4
1522763864.900806,19.8773,1412,1,1
1522763861.433784,16.4103,1412,1,1
1529515408.013256,0.532488,1412,0,2
1522943052.327617,5.89973,1412,0,4
1527993577.466176,81.8133,107,1,0
1522956064.969656,45.2692,1412,0,4
1528083140.353079,83.2779,148,0,0
1522928715.872506,10.4309,1294,0,4
1529644964.288927,1.52702,1412,0,2
1522940280.646119,25.6517,74,1,4
1522888895.070953,12.5792,1412,0,1
1522842692.941486,9.15041,169,1,1
1522928752.770792,47.3292,1294,0,4
1522981606.735882,48.8711,1412,0,4
1522768766.12939,15.2981,97,0,1
1522888894.946089,12.4544,1412,0,1
1522956056.546593,36.8462,1412,0,4
1522922643.936325,0.550772,1392,0,4
1522861277.149018,8.44013,1412,0,1
1522928744.191024,38.7494,1294,0,4
1522859387.743668,11.0848,1412,0,1
1522886711.24939,22.446,1412,0,1
1522940275.22201,20.2275,1294,0,4
1522928731.455383,26.0138,1294,0,4
1522956031.408943,11.7085,1412,0,4
1527745269.757684,44.6806,147,0,0
1522859387.812561,11.1537,1412,0,1
1529515408.071751,0.590983,1412,0,2
1522886705.268389,16.465,1412,0,1
1522956069.381156,49.6807,1412,0,4
1529478746.886643,0.263035,1412,0,2
1522918739.283857,38.9218,1412,0,4
1522956076.883761,57.1833,1412,0,4
1522861277.725411,9.01653,1412,0,1
1522768760.474225,9.64289,331,1,1
1529515408.566613,1.08584,1412,0,2
1522928723.073388,17.6318,1294,0,4
1522768773.692257,22.8609,1412,1,1
1522928738.987804,33.5462,74,1,4
1522842695.722131,11.9311,1412,0,1
1522940314.58454,59.5901,74,1,4
1529515407.609572,0.128804,1412,0,2
1522868693.862352,8.90451,1412,0,1
1522853102.017566,2.96097,1412,0,1
1522964083.304056,44.3597,1412,0,4
1522964039.61323,0.668859,1412,0,4
1522964083.851795,44.9074,1412,0,4
1522964058.621366,19.677,1412,0,4
1522842710.510683,26.7196,1412,0,1
1529554552.197045,0.647117,1412,0,2
1522861277.242847,8.53396,1412,0,1
1522868694.232816,9.27497,1412,0,1
1529478746.978542,0.354934,1412,0,2
1529554552.638529,1.0886,1412,0,2
1529564286.29925,1.22741,1412,0,2
1522918739.25851,38.8965,1412,0,4
1529644963.298916,0.537012,1412,0,2
1522662270.658165,0.767266,1294,0,3
1522922669.6081,26.2225,1392,0,4
1529564287.896043,2.82421,1412,0,2
1522861277.341504,8.63262,1412,0,1
1522954003.209338,11.7818,1412,0,4
1522868693.701462,8.74362,1412,0,1
1522956069.66196,49.9615,1412,0,4
1522868694.196935,9.23909,1412,0,1
1522635942.119568,1.05531,74,1,3
1522964058.685662,19.7413,930,0,4
1522842692.847135,9.05606,1412,0,1
1522888894.786919,12.2952,1412,0,1
1522928731.456085,26.0145,74,1,4
1522861277.22398,8.51509,1412,0,1
1527993498.501489,2.84862,253,0,0
1522662270.6801,0.789201,74,1,3
1528083094.615154,37.54,305,1,0
1522768764.604964,13.7736,103,0,1
1522940314.149067,59.1546,1294,0,4
1522964083.689165,44.7448,957,0,4
1522886712.713458,23.91,1412,0,1
1522763862.762221,17.7387,98,0,1
1528083071.403349,14.3282,395,1,0
1522943106.806656,60.3788,1412,0,4
1522928753.731855,48.2902,74,1,4
1527851025.21179,63.648,998,1,0
1529626612.588986,0.601655,1412,0,2
1522928758.984472,53.5429,74,1,4
1522865358.623808,11.6536,1412,0,1
1522886713.339277,24.5358,1412,0,1
1522953994.683329,3.2558,1412,0,4
1522853103.719374,4.66278,1412,0,1
1522964051.346255,12.4019,1412,0,4
1522917999.570583,33.2549,1412,0,4
1522964095.4644,56.52,1412,0,4
1522868694.5228,9.56495,1412,0,1
1522940256.198107,1.20364,74,1,4
1522964075.569628,36.6253,930,0,4
1522768767.78295,16.9516,1412,1,1
1522768763.09071,12.2594,1412,1,1
1522928731.552352,26.1107,1294,0,4
1522928748.407008,42.9654,1294,0,4
1529515408.249862,0.769094,1412,0,2
1522943096.766596,50.3387,1412,0,4
1529513491.190947,0.322871,1392,0,2
1529564286.750807,1.67897,1412,0,2
1522964064.058283,25.1139,126,1,4
1522768764.117044,13.2857,103,0,1
1529644963.65197,0.890066,1412,0,2
1522940274.237337,19.2429,1294,0,4
1522956021.051391,1.35096,1412,0,4
1522842704.988184,21.1971,1412,0,1
1529478746.983392,0.359784,1412,0,2
1529554552.37688,0.826952,1412,0,2
1522943078.46716,32.0393,125,1,4
1522859388.67044,12.0116,1412,0,1
1522956069.266474,49.566,110,1,4
1522861277.909982,9.2011,1412,0,1
1529644963.103128,0.341224,1412,0,2
1522918752.658763,52.2967,1412,0,4
1529478746.928939,0.305331,1412,0,2
1522956020.548124,0.847694,1412,0,4
1522940261.521865,6.5274,1294,0,4
1522943052.325737,5.89785,1412,0,4
1522918009.787602,43.4719,1412,0,4
1522928739.092014,33.6504,1294,0,4
1522865358.528064,11.5579,1412,0,1
1528083095.809716,38.7345,392,1,0
1522842693.13716,9.34608,187,1,1
1522859388.479005,11.8202,1412,0,1
1522918720.287623,19.9256,1412,0,4
1522943073.38014,26.9523,1412,0,4
1522888894.43515,11.9434,1412,0,1
1522956019.740266,0.0398362,100,1,4
1522763856.692202,11.6687,104,0,1
1529626612.573858,0.586527,1412,0,2
1522954013.930428,22.5029,1412,0,4
1529644963.737981,0.976077,1412,0,2
1522981613.073865,55.2091,1412,0,4
1522956068.32434,48.6239,107,1,4
1529541636.453092,0.935382,1412,0,2
1522859388.299015,11.6402,1412,0,1
1522928709.432613,3.991,1294,0,4
1522922645.127065,1.74151,1392,0,4
1522964083.66446,44.7201,1412,0,4
1522943100.855147,54.4273,1412,0,4
1522922645.241785,1.85623,1392,0,4
1522940270.139987,15.1455,1294,0,4
1522888895.000592,12.5089,1412,0,1
1522956077.637801,57.9374,1412,0,4
1529626613.051857,1.06453,1412,0,2
1522865358.253581,11.2834,1412,0,1
1522859388.486704,11.8279,1412,0,1
1529513491.034516,0.16644,95,1,2
1529515408.496766,1.016,1412,0,2
1522964051.400892,12.4565,1412,0,4
1522940270.134458,15.14,1294,0,4
1522956056.527212,36.8268,1412,0,4
1522842694.35363,10.5626,1412,0,1
1529515408.699705,1.21894,1412,0,2
1522943078.452373,32.0245,1412,0,4
1528083088.009134,30.9339,233,0,0
1529513492.167384,1.29931,1392,0,2
1522727177.679714,4.44428,74,1,3
1527993507.405046,11.7522,98,1,0
1522964076.231593,37.2872,1412,0,4
1522842694.185047,10.394,1412,0,1
1529478746.794225,0.170617,1412,0,2
1529644964.053684,1.29178,1412,0,2
1522981581.307621,23.4428,1412,0,4
1522954035.068667,43.6411,1412,0,4
1522956069.280321,49.5799,1412,0,4
1522940280.684267,25.6898,74,1,4
1522954003.115222,11.6877,1412,0,4
1522859388.637741,11.9789,1412,0,1
1522635941.944073,0.87981,74,1,3
1522853103.552449,4.49585,1412,0,1
1522964040.816281,1.87191,1412,0,4
1522954045.269237,53.8417,1412,0,4
1522922645.309082,1.92353,1392,0,4
1522763853.1564,8.13292,1412,1,1
1522943106.975531,60.5476,119,1,4
1522842701.705779,17.9147,1412,0,1
1522943088.55284,42.125,1412,0,4
1529541635.705224,0.187514,1412,0,2
1529554551.677898,0.12797,1412,0,2
1522861277.136864,8.42798,1412,0,1
1522928744.33718,38.8956,1294,0,4
1522865359.243526,12.2734,1412,0,1
1522842695.746997,11.9559,1412,0,1
1522943096.460884,50.033,1412,0,4
1522922696.690899,53.3053,1392,0,4
1522956069.884366,50.1839,1412,0,4
1527791994.239228,72.7673,102,0,0
1522865358.418474,11.4483,1412,0,1
1522859388.66366,12.0048,1412,0,1
1522928758.370241,52.9286,1294,0,4
1529644963.315882,0.553978,1412,0,2
1529541636.383191,0.865481,1412,0,2
1522861277.616183,8.9073,1412,0,1
1527924662.990136,12.4555,146,0,0
1522853103.175376,4.11878,1412,0,1
1522953992.650203,1.22267,1412,0,4
1522868693.651868,8.69402,125,1,1
1529515408.017466,0.536698,1412,0,2
1522940314.500793,59.5063,1294,0,4
1522763861.981614,16.9581,1412,1,1
1522954035.055101,43.6276,1412,0,4
1529644964.116828,1.35492,1412,0,2
1522956065.085124,45.3847,104,1,4
1529541636.269011,0.751301,1412,0,2
1522886699.59801,10.7946,101,1,1
1522859388.170324,11.5115,1412,0,1
1522928705.59141,0.149793,1294,0,4
1522928723.039383,17.5978,1294,0,4
1522865359.018617,12.0485,125,1,1
1522940288.985926,33.9915,1294,0,4
1522940270.037848,15.0434,1294,0,4
1522853103.428797,4.3722,1412,0,1
1522964042.827402,3.88303,1412,0,4
1529564287.715498,2.64366,1412,0,2
1522956068.422727,48.7223,930,0,4
1522859388.515987,11.8572,1412,0,1
1522943082.741323,36.3134,125,1,4
1529634882.016849,1.60789,1412,0,2
1522768770.522273,19.6909,1412,1,1
1522928709.496244,4.05463,74,1,4
1522943052.38322,5.95533,1412,0,4
1522981572.261525,14.3967,1412,0,4
1522943046.50909,0.0812008,1412,0,4
1527791951.062274,29.5903,147,0,0
1529645507.945467,1.753,1412,0,2
1522964083.742427,44.7981,390,1,4
1522943057.578626,11.1507,1412,0,4
1522954035.184074,43.7565,1412,0,4
1529513490.974778,0.106702,1392,0,2
1529541636.597465,1.07976,1412,0,2
1522922644.510041,1.12449,90,1,4
1522853100.975805,1.91921,1412,0,1
1522940255.489846,0.495383,1294,0,4
1522922646.496605,3.11105,1392,0,4
1522953994.481469,3.05394,964,0,4
1522981572.22924,14.3644,1412,0,4
1522940280.542543,25.5481,1294,0,4
1522868693.579846,8.622,1412,0,1
1522853104.637614,5.58102,116,1,1
1529554551.764756,0.214828,1412,0,2
1522956053.197765,33.4973,1412,0,4
1522888894.51877,12.0271,1412,0,1
1522940280.62749,25.633,74,1,4
1522859388.557427,11.8986,1412,0,1
1522868693.588021,8.63018,1412,0,1
1522956065.590373,45.8899,1412,0,4
1522865358.025325,11.0552,100,1,1
1522940313.31772,58.3233,74,1,4
1522943046.952068,0.524179,1412,0,4
1522928709.431196,3.98958,86,1,4
1522888895.033425,12.5417,1412,0,1
1529564286.051441,0.979604,1412,0,2
1522943082.778454,36.3506,1412,0,4
1527924714.194154,63.6595,101,1,0
1522943047.031088,0.603199,1412,0,4
1522888894.054556,11.5628,1412,0,1
1522865358.547333,11.5772,1412,0,1
1522954013.919852,22.4923,1412,0,4
1527987830.945483,110.541,148,0,0
1522918016.067769,49.7521,1412,0,4
1522888894.001441,11.5097,1412,0,1
1522853104.419607,5.36301,1412,0,1
1522886713.278162,24.4747,1412,0,1
1527993593.037988,97.3851,148,0,0
1527851054.030195,92.4664,233,0,0
1522842686.652589,2.86151,95,0,1
1527791927.834687,6.36275,1412,0,0
1522768774.354682,23.5233,100,0,1
1528085252.121852,88.3512,104,0,0
1522865359.069834,12.0997,1412,0,1
1529626612.645963,0.658632,1412,0,2
1529478747.471791,0.848183,1412,0,2
1522953992.631223,1.20369,1412,0,4
1529513492.140032,1.27196,1392,0,2
1522853103.48167,4.42507,1412,0,1
1529478747.245425,0.621817,1412,0,2
1522635941.678372,0.614109,74,1,3
1529515407.608558,0.12779,100,1,2
1522865358.851388,11.8812,1412,0,1
1522954045.293232,53.8657,1412,0,4
1529564287.226517,2.15468,1412,0,2
1527760555.345612,42.1073,388,1,0
1522861277.857951,9.14907,1412,0,1
1522842695.386948,11.5959,1412,0,1
1522868693.831858,8.87401,1412,0,1
1522859388.571133,11.9123,1412,0,1
1522943082.70212,36.2742,1412,0,4
1522853101.024993,1.9684,1412,0,1
1522922652.566418,9.18087,1392,0,4
1529515407.608231,0.127463,1412,0,2
1522954035.133054,43.7055,1412,0,4
1529564285.883535,0.811698,1412,0,2
1522940285.845583,30.8511,1294,0,4
1522763861.844761,16.8213,1412,1,1
1522865358.621683,11.6515,1412,0,1
1522842710.453501,26.6624,1412,0,1
1522886700.952388,12.149,1412,0,1
1529478747.174661,0.551053,1412,0,2
1522868694.657202,9.69936,1412,0,1
1522842691.283305,7.49223,1412,0,1
1522842708.21684,24.4258,98,1,1
1522859387.953509,11.2947,1412,0,1
1522853099.712,0.655405,1412,0,1
1522928731.442589,26.001,74,1,4
1522954026.619901,35.1924,1412,0,4
1522868693.554498,8.59665,1412,0,1
1522928706.193896,0.752279,1294,0,4
1522918720.333069,19.9711,1412,0,4
1522954003.499832,12.0723,1412,0,4
1522842707.565514,23.7744,1412,0,1
1522888894.712453,12.2207,1412,0,1
1522768771.980321,21.149,1412,1,1
1529626612.889224,0.901893,1412,0,2
1522922644.491138,1.10559,1392,0,4
1529645507.135454,0.942985,1412,0,2
1529541636.124423,0.606713,126,1,2
1522635943.487228,2.42296,74,1,3
1522956019.803116,0.102686,1412,0,4
1522853100.975474,1.91888,1412,0,1
1522886699.496676,10.6932,1412,0,1
1522768764.292261,13.4609,103,0,1
1522922645.323087,1.93753,1392,0,4
1522888895.006201,12.5145,1412,0,1
1522928709.740177,4.29856,102,1,4
1522928759.16995,53.7283,74,1,4
1522943073.223837,26.7959,1412,0,4
1529513491.531732,0.663656,1392,0,2
1522940304.0543,49.0598,1294,0,4
1522917983.544568,17.2289,1412,0,4
1522953992.063245,0.635715,1412,0,4
1522940261.578328,6.58386,1294,0,4
1522943057.555342,11.1275,1412,0,4
1527924716.173683,65.639,87,0,0
1522940294.246944,39.2525,1294,0,4
1528085259.633605,95.863,107,1,0
1522940294.223424,39.229,74,1,4
1529626612.588983,0.601652,1412,0,2
1522956056.524781,36.8244,1412,0,4
1522928753.207731,47.7661,1294,0,4
1529634881.108371,0.699408,1412,0,2
1522940303.357701,48.3632,1294,0,4
1522940314.651266,59.6568,1294,0,4
1529634881.356129,0.947166,1412,0,2
1529644963.855351,1.09345,1412,0,2
1522763858.490065,13.4666,1412,1,1
1522922655.867248,12.4817,106,1,4
1529626612.586988,0.599657,1412,0,2
1522953998.761095,7.33356,1412,0,4
1522868694.589656,9.63181,1412,0,1
1527745286.500144,61.423,98,1,0
1522859388.104194,11.4454,1412,0,1
1522953998.69755,7.27002,1412,0,4
1522940314.332741,59.3383,74,1,4
1522865358.415334,11.4452,1412,0,1
1529634881.338196,0.929233,1412,0,2
1522865358.716025,11.7459,1412,0,1
1522956065.817358,46.1169,1412,0,4
1527924693.13014,42.5955,149,0,0
1522865359.200028,12.2299,1412,0,1
1529541636.170055,0.652345,1412,0,2
1522940280.495456,25.501,1294,0,4
1522956077.166772,57.4663,1412,0,4
1529554552.909898,1.35997,1412,0,2
1522956047.001443,27.301,1412,0,4
1522940256.004433,1.00997,74,1,4
1522940256.072294,1.07783,1294,0,4
1522768767.884174,17.0528,97,0,1
1522842691.512184,7.7211,163,1,1
1522964075.749391,36.805,263,1,4
1522981606.346496,48.4817,1412,0,4
1529515408.376959,0.896191,1412,0,2
1527924666.429744,15.8951,283,0,0
1522763864.659032,19.6356,95,0,1
1522763854.63242,9.60894,1412,1,1
1522928748.224483,42.7829,1294,0,4
1529644963.152772,0.390868,1412,0,2
1527993564.958485,69.3056,996,1,0
1522842696.995222,13.2041,101,1,1
1527760598.309893,85.0716,87,0,0
1529564286.13858,1.06674,139,1,2
1522943097.182546,50.7547,1412,0,4
1527987777.683499,57.2789,259,1,0
1522853104.505117,5.44852,1412,0,1
1529515408.182503,0.701735,1412,0,2
1522886707.865492,19.0621,101,1,1
1522956038.892649,19.1922,1412,0,4
1527993525.687012,30.0341,98,1,0
1522868693.589766,8.63192,1412,0,1
1522842700.497376,16.7063,1412,0,1
1522956031.568325,11.8679,1412,0,4
1528083095.421637,38.3464,92,0,0
1522859388.238033,11.5792,113,1,1
1522865359.105691,12.1355,1412,0,1
1522964075.739323,36.795,279,1,4
1522943107.077878,60.65,1412,0,4
1522922683.24073,39.8552,1392,0,4
1522964043.017019,4.07265,1412,0,4
1522940304.005874,49.0114,1294,0,4
1529644964.1655,1.4036,1412,0,2
1529626612.839478,0.852147,1412,0,2
1522981563.835202,5.9704,125,1,4
1522940314.711147,59.7167,74,1,4
1528083110.968928,53.8937,300,0,0
1522888893.924109,11.4324,1412,0,1
1522888894.457983,11.9663,1412,0,1
1522964099.025657,60.0813,119,1,4
1522918753.246327,52.8843,1412,0,4
1522943073.195815,26.7679,1412,0,4
1522981581.318888,23.4541,1412,0,4
1522859388.142196,11.4834,1412,0,1
1529644963.87769,1.11579,1412,0,2
1522853103.325448,4.26885,1412,0,1
1522865358.916558,11.9464,1412,0,1
1522917969.378745,3.06308,1412,0,4
1522865359.413144,12.443,1412,0,1
1522943082.790114,36.3622,1412,0,4
1522859388.017043,11.3582,1412,0,1
1529554552.703751,1.15382,126,1,2
1529634881.362423,0.95346,1412,0,2
1522940275.275015,20.2806,1294,0,4
1529626612.483999,0.496668,1412,0,2
1529564287.624804,2.55297,1412,0,2
1522981606.65846,48.7937,1412,0,4
1522917983.542206,17.2265,1412,0,4
1522868694.490159,9.53231,125,1,1
1529554551.834078,0.28415,1412,0,2
1529634881.348904,0.939941,1412,0,2
1522943047.066077,0.638188,1412,0,4
1527987816.637658,96.2331,261,1,0
1528085236.069899,72.2993,392,1,0
1527924683.389912,32.8553,101,1,0
1522853103.491233,4.43464,1412,0,1
1522859388.038845,11.38,1412,0,1
1522868694.635981,9.67814,1412,0,1
1522918016.06008,49.7444,1412,0,4
1529554552.766767,1.21684,119,1,2
1522868693.55892,8.60107,950,0,1
1529644963.195045,0.433141,126,1,2
1522888895.003975,12.5123,1412,0,1
1522886710.46558,21.6621,101,1,1
1522868693.70749,8.74964,1412,0,1
1522940263.773526,8.77906,1294,0,4
1522859388.860073,12.2012,117,1,1
1522954026.803244,35.3757,128,1,4
1522647188.933151,7.08637,1294,1,3
1529541636.39757,0.87986,1412,0,2
1529478747.193642,0.570034,1412,0,2
1522922645.248519,1.86297,1392,0,4
1522956019.76565,0.0652201,1412,0,4
1522886701.867016,13.0636,1412,0,1
1522928758.747713,53.3061,1294,0,4
1529513491.717868,0.849792,1392,0,2
1529564287.336511,2.26467,1412,0,2
1529554552.675738,1.12581,1412,0,2
1522768774.662432,23.8311,1412,1,1
1522940294.28453,39.2901,1294,0,4
1522886706.851788,18.0484,1412,0,1
1529554551.873698,0.32377,1412,0,2
1522861277.617605,8.90872,1412,0,1
1522928705.615566,0.173949,74,1,4
1529626612.342522,0.355191,1412,0,2
1522943101.618192,55.1903,1412,0,4
1529554552.814462,1.26453,1412,0,2
1522956020.057888,0.357458,1412,0,4
1522868693.626252,8.66841,1412,0,1
1522940256.00305,1.00859,1294,0,4
1522918720.325643,19.9636,1412,0,4
1529554551.803874,0.253946,1412,0,2
1522888894.79911,12.3074,1412,0,1
1522859388.299336,11.6405,1412,0,1
1522763855.776924,10.7534,1412,1,1
1522859388.296868,11.638,1412,0,1
1529644963.873248,1.11134,125,1,2
1522940261.518923,6.52446,1294,0,4
1522956038.661481,18.9611,1412,0,4
1522888894.606049,12.1143,1412,0,1
1522763856.375333,11.3519,101,0,1
1529626612.186957,0.199626,1412,0,2
1522865358.987512,12.0174,1412,0,1
1522953994.415328,2.9878,1412,0,4
1522956047.015114,27.3147,126,1,4
1522956056.453931,36.7535,1412,0,4
1522868694.828044,9.8702,1412,0,1
1522981563.840947,5.97614,1412,0,4
1522868693.778981,8.82114,1412,0,1
1522868694.096967,9.13912,125,1,1
1522981563.904912,6.04011,1412,0,4
1522956065.856435,46.156,1412,0,4
1528083065.352752,8.27756,636,0,0
1522943046.768873,0.340984,1412,0,4
1522865359.003345,12.0332,1412,0,1
1522853104.584504,5.52791,1412,0,1
1522886701.041069,12.2376,101,1,1
1527851056.477436,94.9137,391,1,0
1522842709.151665,25.3606,1412,0,1
1529515408.190408,0.70964,1412,0,2
1522917994.314464,27.9988,125,1,4
1529554552.349654,0.799726,125,1,2
1522917979.330723,13.0151,1412,0,4
1522853102.256406,3.19981,1412,0,1
1522886697.984936,9.1815,101,1,1
1522964051.311096,12.3667,1412,0,4
1522953994.43758,3.01005,1412,0,4
1522768775.356433,24.5251,103,0,1
1522940269.980852,14.9864,1294,0,4
1529515407.839195,0.358427,1412,0,2
1522763857.655915,12.6324,1412,1,1
1522954044.7862,53.3587,1412,0,4
1522981572.131941,14.2671,1412,0,4
1529626612.028956,0.041625,1412,0,2
1522928753.629291,48.1877,74,1,4
1522964039.607215,0.662844,1412,0,4
1522918752.981626,52.6196,1412,0,4
1522853100.385088,1.32849,1412,0,1
1522954003.174439,11.7469,1412,0,4
1529564285.782234,0.710397,1412,0,2
1529541635.707847,0.190137,930,0,2
1529634880.70909,0.300127,1412,0,2
1522768774.141778,23.3104,1412,1,1
1522918708.663044,8.30103,125,1,4
1522922656.005616,12.6201,106,1,4
1522768772.624633,21.7933,1412,1,1
1522953993.979066,2.55154,1412,0,4
1522981568.218653,10.3538,1412,0,4
1529626612.822031,0.8347,125,1,2
1529626612.273481,0.28615,126,1,2
1529564285.789355,0.717518,1412,0,2
1522768765.585383,14.754,103,0,1
1522943096.655259,50.2274,1412,0,4
1522886704.853873,16.0504,1412,0,1
1522888894.98144,12.4897,1412,0,1
1522763853.652329,8.62885,1412,1,1
1527987831.199467,110.795,242,0,0
1529564286.268658,1.19682,1412,0,2
1528085219.613474,55.8428,87,0,0
1529564285.384013,0.312176,1412,0,2
1522940269.981849,14.9874,1294,0,4
1522940280.47361,25.4791,1294,0,4
1527745310.857917,85.7808,183,0,0
1522956069.331512,49.6311,1412,0,4
1522956031.560078,11.8596,126,1,4
1522868694.352831,9.39499,1412,0,1
1522922643.988003,0.60245,1392,0,4
1529513491.732617,0.864541,1392,0,2
1522768765.872062,15.0407,1412,1,1
1522940285.803257,30.8088,1294,0,4
1522956069.45799,49.7576,1412,0,4
1522943078.526439,32.0985,1412,0,4
1522763861.545777,16.5223,1412,1,1
1522940314.198088,59.2036,1294,0,4
1522943088.470122,42.0422,1412,0,4
1522886703.433261,14.6298,101,1,1
1529515408.392072,0.911304,1412,0,2
1522928739.106716,33.6651,1294,0,4
1522917968.293257,1.9776,1412,0,4
1529515408.189293,0.708525,1412,0,2
1522842697.102249,13.3112,121,1,1
1529564286.043143,0.971306,1412,0,2
1522635941.79722,0.732957,74,1,3
1522943046.806183,0.378294,1412,0,4
1522928709.596064,4.15445,1294,0,4
1522635948.571274,7.50701,1294,0,3
1522940269.961865,14.9674,1294,0,4
1522964083.754732,44.8104,432,1,4
1522943046.970577,0.542688,1412,0,4
1522886712.011301,23.2079,1412,0,1
1522964058.718588,19.7742,1412,0,4
1522868694.844658,9.88681,1412,0,1
1522922655.888812,12.5033,1392,0,4
1522768768.088974,17.2576,97,0,1
1529478747.80861,1.185,1412,0,2
1522956031.47313,11.7727,1412,0,4
1529478747.759155,1.13555,1412,0,2
1522868694.404104,9.44626,1412,0,1
1522859388.788119,12.1293,1412,0,1
1522964058.588816,19.6444,930,0,4
1522888894.89239,12.4007,1412,0,1
1522928738.949821,33.5082,1294,0,4
1522940275.219781,20.2253,1294,0,4
1527791972.024953,50.553,100,1,0
1529554552.053269,0.503341,1412,0,2
1529634880.973728,0.564765,1412,0,2
1522981572.106779,14.242,1412,0,4
1522917999.534326,33.2187,125,1,4
1522964099.021611,60.0772,1412,0,4
1522859388.65111,11.9923,1412,0,1
1522922696.597462,53.2119,1392,0,4
1522943052.216347,5.78846,1412,0,4
1522861277.73904,9.03015,1412,0,1
1522763860.407149,15.3837,1412,1,1
1522943052.190588,5.7627,125,1,4
1522928731.561205,26.1196,1294,0,4
1522886708.260642,19.4572,1412,0,1
1522964075.401198,36.4568,1412,0,4
1522964040.794672,1.8503,1412,0,4
1522859388.053212,11.3944,1412,0,1
1529554552.524624,0.974696,1412,0,2
1528085184.047974,20.2773,87,0,0
1522943106.726931,60.299,1412,0,4
1522956021.034565,1.33414,484,0,4
1522859388.625058,11.9662,110,1,1
1522981596.815616,38.9508,125,1,4
1522662275.29436,5.40346,74,0,3
1529564286.384285,1.31245,1412,0,2
1522956020.566551,0.866121,1412,0,4
1529478747.781044,1.15744,1412,0,2
1522956065.260887,45.5605,1412,0,4
1522763866.617173,21.5937,1412,1,1
1529554552.647018,1.09709,1412,0,2
1529478747.142329,0.518721,116,1,2
1522956069.633918,49.9335,1412,0,4
1522861277.118807,8.40992,1412,0,1
1529645507.781844,1.58938,1412,0,2
1522917967.032959,0.717298,1412,0,4
1529478747.320597,0.696989,1412,0,2
1522859387.982789,11.324,1412,0,1
1522943063.043925,16.616,1412,0,4
1529515408.391277,0.910509,125,1,2
1522918720.254376,19.8924,1412,0,4
1522954044.770394,53.3429,125,1,4
1529564286.655441,1.5836,1412,0,2
1529564286.342675,1.27084,1412,0,2
1522943073.249657,26.8218,1412,0,4
1529515408.2241,0.743332,1412,0,2
1529515408.404196,0.923428,1412,0,2
1522859387.742544,11.0837,1412,0,1
1522928739.019784,33.5782,1294,0,4
1522964076.585092,37.6407,1412,0,4
1522853102.216083,3.15949,1412,0,1
1522886703.740261,14.9368,101,1,1
1529644963.094775,0.332871,1412,0,2
1522861277.333179,8.62429,1412,0,1
1529478747.608335,0.984727,116,1,2
1522943107.082824,60.6549,1412,0,4
1522918752.759063,52.397,1412,0,4
1522917994.307107,27.9914,125,1,4
1522918753.024462,52.6624,1412,0,4
1522964039.291718,0.347347,1412,0,4
1522943063.150645,16.7228,1412,0,4
1522917999.541138,33.2255,1412,0,4
1522956031.486951,11.7865,1412,0,4
1522964039.29197,0.347599,1412,0,4
1529634882.028003,1.61904,1412,0,2
1522964095.855429,56.9111,1412,0,4
1529644964.340594,1.57869,1412,0,2
1522763865.301384,20.2779,1412,1,1
1529645507.741558,1.54909,1412,0,2
1529626612.307731,0.3204,1113,0,2
1522964095.074378,56.13,1412,0,4
1527791974.634854,53.1629,87,0,0
1522943088.46043,42.0325,1412,0,4
1522940275.247794,20.2533,74,1,4
1522964075.367318,36.4229,110,1,4
1522964075.588162,36.6438,106,1,4
1522763852.78414,7.76066,100,1,1
1522943057.530482,11.1026,1412,0,4
1522861277.847162,9.13828,1412,0,1
1529541635.777073,0.259363,1412,0,2
1522868693.4164,8.45855,1412,0,1
1529478746.82018,0.196572,1412,0,2
1522886700.400045,11.5966,101,1,1
1529645506.57225,0.379781,1412,0,2
1522964042.864874,3.9205,1412,0,4
1522956065.565689,45.8653,1412,0,4
1522922692.321529,48.936,105,1,4
1522768766.017005,15.1857,1412,1,1
1522964040.809068,1.8647,1412,0,4
1522853102.361462,3.30487,119,1,1
1522940285.89216,30.8977,1294,0,4
1529626612.234062,0.246731,1412,0,2
1529644963.50623,0.744326,1412,0,2
1529554552.71537,1.16544,1412,0,2
1522888894.952574,12.4609,1412,0,1
1522886708.477633,19.6742,1412,0,1
1522861277.5897,8.88082,1412,0,1
1529564287.990722,2.91888,125,1,2
1522918719.169474,18.8075,1412,0,4
1522940261.518363,6.5239,1294,0,4
1522981606.559249,48.6944,1412,0,4
1522956031.404615,11.7042,1412,0,4
1522922696.627007,53.2415,1392,0,4
1522943096.155234,49.7273,1412,0,4
1522886712.812182,24.0087,1412,0,1
1522868694.53361,9.57577,1412,0,1
1522662276.815878,6.92498,1294,0,3
1529478747.414815,0.791207,1412,0,2
1529478746.970242,0.346634,1412,0,2
1522842706.122691,22.3316,101,1,1
1522865359.32876,12.3586,1412,0,1
1529478747.415801,0.792193,1412,0,2
1527924702.444506,51.9098,101,1,0
1529478747.124911,0.501303,1412,0,2
1522842706.8687,23.0776,1412,0,1
1522954003.133806,11.7063,1412,0,4
1527850988.453943,26.8902,92,0,0
1522865358.560365,11.5902,1412,0,1
1522928748.397161,42.9555,1294,0,4
1522768772.131368,21.3,1412,1,1
1529564286.374251,1.30241,1412,0,2
1522918752.76989,52.4079,1412,0,4
1522943101.398996,54.9711,1412,0,4
1528083112.153055,55.0779,101,1,0
1522943046.946079,0.51819,929,0,4
1522981563.946133,6.08133,1412,0,4
1529541636.144669,0.626959,536,1,2
1522943063.117216,16.6893,1412,0,4
1527924650.55077,0.016114,87,0,0
1522865358.199385,11.2292,1412,0,1
1522943107.094336,60.6664,1412,0,4
1522981563.907844,6.04304,1412,0,4
1522928709.69054,4.24892,1294,0,4
1522956047.104329,27.4039,1412,0,4
1522956065.637523,45.9371,1412,0,4
1522928731.54559,26.104,74,1,4
1522868694.628548,9.6707,1412,0,1
1522865358.706853,11.7367,1412,0,1
1522888894.864313,12.3726,1412,0,1
1522943073.369707,26.9418,1412,0,4
1522928758.195925,52.7543,1294,0,4
1522928706.169896,0.728279,1294,0,4
1527851032.572222,71.0085,112,1,0
1522922655.903189,12.5176,1392,0,4
1522865359.359881,12.3897,1412,0,1
1529513491.412609,0.544533,1392,0,2
1522964094.970525,56.0262,1412,0,4
1527791924.62175,3.14981,467,0,0
1522953993.264044,1.83651,1412,0,4
1522940261.571032,6.57657,74,1,4
1522943088.5354,42.1075,1412,0,4
1522943078.584969,32.1571,1412,0,4
1522943082.776837,36.3489,1412,0,4
1522956031.570647,11.8702,1412,0,4
1522868694.631366,9.67352,1412,0,1
1522954003.201858,11.7743,1412,0,4
1528085264.64919,100.879,101,0,0
1522953994.766328,3.3388,1412,0,4
1529645507.947111,1.75464,1412,0,2
1522928731.659355,26.2177,1294,0,4
1529644964.058518,1.29661,1412,0,2
1522940275.268999,20.2745,74,1,4
1522928723.09354,17.6519,1294,0,4
1522918720.199522,19.8375,1412,0,4
1529564285.821958,0.750121,1412,0,2
1522956069.619013,49.9186,1412,0,4
1522888894.390284,11.8986,1412,0,1
1522763864.830922,19.8074,98,0,1
1522928744.438864,38.9972,74,1,4
1522981563.939551,6.07475,1412,0,4
1529634881.746064,1.3371,1412,0,2
1522922683.216859,39.8313,1392,0,4
1527745225.997932,0.920813,216,1,0
1522954035.055421,43.6279,1412,0,4
1529634881.157441,0.748478,1412,0,2
1522956038.92084,19.2204,1412,0,4
1529554552.835288,1.28536,1412,0,2
1522940285.800354,30.8059,1294,0,4
1522918739.208917,38.8469,1412,0,4
1522888894.994463,12.5027,487,0,1
1522956077.761861,58.0614,110,1,4
1529644963.8138,1.0519,1412,0,2
1522842693.486022,9.69494,133,1,1
1522917979.290652,12.975,1412,0,4
1522918024.536245,58.2206,1412,0,4
1527791923.346069,1.87413,100,1,0
1522956038.696812,18.9964,1412,0,4
1522956031.57014,11.8697,1412,0,4
1522868693.402229,8.44438,1412,0,1
1527993569.568687,73.9158,104,1,0
1522956025.928288,6.22786,1412,0,4
1529626612.48564,0.498309,1412,0,2
1522768766.347995,15.5167,1412,1,1
1522768772.411893,21.5806,103,0,1
1528085220.312963,56.5423,101,1,0
1522928723.005851,17.5642,1294,0,4
1528085239.83652,76.0659,232,0,0
1527924669.569114,19.0345,148,0,0
1522861277.650157,8.94127,1412,0,1
1522868694.37834,9.4205,1412,0,1
1522940275.265528,20.2711,1294,0,4
1522763864.242247,19.2188,1412,1,1
1529554551.672007,0.122079,1412,0,2
1522886701.61412,12.8107,101,1,1
1522868694.453352,9.49551,1412,0,1
1529564285.887554,0.815717,1412,0,2
1522964042.776401,3.83203,1412,0,4
1522964083.930749,44.9864,1412,0,4
1522865358.708119,11.738,1412,0,1
1522943101.574194,55.1463,406,1,4
1522981558.252461,0.387658,1412,0,4
1522861277.720896,9.01201,1412,0,1
1522964064.052693,25.1083,1412,0,4
1529515408.018797,0.538029,125,1,2
1522928731.637157,26.1955,74,1,4
1522928723.023618,17.582,1294,0,4
1522842699.893151,16.1021,1412,0,1
1522922683.064246,39.6787,1392,0,4
1522886698.674112,9.87068,1412,0,1
1522928747.847858,42.4062,74,1,4
1522943082.825886,36.398,1412,0,4
1529541636.106891,0.589181,939,0,2
1522763855.658429,10.6349,1412,1,1
1522763861.80681,16.7833,1412,1,1
1529515407.758902,0.278134,1412,0,2
1522922644.477058,1.09151,1392,0,4
1522922669.702467,26.3169,1392,0,4
1522954003.153243,11.7257,1412,0,4
1522940289.007576,34.0131,284,0,4
1529644963.382033,0.620129,1412,0,2
1522940275.281162,20.2867,1294,0,4
1529644963.116384,0.35448,1412,0,2
1522964058.672773,19.7284,1412,0,4
1522886702.298133,13.4947,101,1,1
1522888893.945912,11.4542,1412,0,1
1522943052.191792,5.7639,1412,0,4
1522861278.299192,9.59031,1412,0,1
1522940313.983724,58.9893,1294,0,4
1529478746.954603,0.330995,1412,0,2
1522964083.142854,44.1985,1412,0,4
1522954044.762785,53.3353,1412,0,4
1522953995.19935,3.77182,1412,0,4
1522940269.965863,14.9714,74,1,4
1522943096.900935,50.473,1412,0,4
1529626612.550686,0.563355,1412,0,2
1522940256.110048,1.11559,1294,0,4
1522956065.46647,45.766,1412,0,4
1529513491.480676,0.6126,1392,0,2
1522943082.78713,36.3592,1412,0,4
1529564286.740204,1.66837,1412,0,2
1522956031.53708,11.8367,1412,0,4
1522763853.522423,8.49894,1412,1,1
1522763859.716189,14.6927,1412,1,1
1522715511.189524,7.17386,74,0,3
1522886701.266061,12.4626,101,1,1
1529626612.912444,0.925113,1412,0,2
1522886708.110253,19.3068,1412,0,1
1522956038.791857,19.0914,1412,0,4
1522943046.947084,0.519195,1412,0,4
1522647186.054365,4.20759,74,1,3
1522865359.022385,12.0522,1412,0,1
1522956019.792842,0.092412,1412,0,4
1522928757.936424,52.4948,74,1,4
1528085223.121559,59.3509,104,1,0
1522842694.115186,10.3241,1412,0,1
1522861277.695166,8.98628,1412,0,1
1528085179.051631,15.281,102,0,0
1522886702.414887,13.6115,1412,0,1
1522763861.583411,16.5599,1412,1,1
1522928715.472057,10.0304,1294,0,4
1522954035.069495,43.642,1412,0,4
1522917999.540609,33.2249,1412,0,4
1522662277.273785,7.38289,74,0,3
1522922669.699473,26.3139,1392,0,4
1529554552.835077,1.28515,1412,0,2
1522981572.141712,14.2769,1412,0,4
1522918733.931133,33.5691,1412,0,4
1522943057.584114,11.1562,1412,0,4
1528083066.720706,9.64551,519,0,0
1529513491.550599,0.682523,1392,0,2
1529554551.993311,0.443383,1412,0,2
1527993498.432538,2.77967,1412,1,0
1529515408.772001,1.29123,1412,0,2
1522868694.477678,9.51983,1412,0,1
1522859388.557119,11.8983,1412,0,1
1529554552.673737,1.12381,1412,0,2
1522940285.909963,30.9155,74,1,4
1522853100.542771,1.48618,1412,0,1
1522943073.395454,26.9676,161,0,4
1522865358.956079,11.9859,1412,0,1
1522654305.747217,4.65589,74,1,3
1522918009.855571,43.5399,158,0,4
1529513491.174531,0.306455,1392,0,2
1529634881.397965,0.989002,126,1,2
1522739791.255834,6.08319,74,1,3
1529645506.469444,0.276975,1412,0,2
1522917966.566937,0.251276,1412,0,4
1522940285.882707,30.8882,1294,0,4
1522928709.737881,4.29626,86,1,4
1522964063.9954,25.051,1412,0,4
1522853104.5123,5.4557,1412,0,1
1522956019.792426,0.0919962,1412,0,4
1522763860.85774,15.8343,107,0,1
1522888894.484092,11.9924,1412,0,1
1522853104.133553,5.07696,116,1,1
1522954035.114229,43.6867,1412,0,4
1522940304.336054,49.3416,74,1,4
1527792033.863843,112.392,167,0,0
1522853104.727093,5.6705,1412,0,1
1522928731.505616,26.064,1294,0,4
1522954003.232008,11.8045,1412,0,4
1522956038.777888,19.0775,1412,0,4
1522768763.276535,12.4452,120,0,1
1522964099.50861,60.5642,1412,0,4
1529513491.38517,0.517094,1392,0,2
1527745297.321731,72.2446,101,1,0
1527741762.943265,45.0408,87,0,0
1527745292.299404,67.2223,107,1,0
1522940256.153059,1.1586,1294,0,4
1522861278.029235,9.32035,1412,0,1
1529645507.111427,0.918958,1412,0,2
1529564287.203107,2.13127,1412,0,2
1522918720.267273,19.9053,1412,0,4
1522886706.183978,17.3805,1412,0,1
1529644963.376134,0.61423,1412,0,2
1522940285.811368,30.8169,1294,0,4
1522868694.489916,9.53207,1412,0,1
1527792036.803194,115.331,196,0,0
1522928731.718353,26.2767,1294,0,4
1529634880.930544,0.521581,1412,0,2
1522954035.123002,43.6955,1412,0,4
1522964051.505892,12.5615,1412,0,4
1522956069.239637,49.5392,1412,0,4
1522956020.525683,0.825253,126,1,4
1522956056.493941,36.7935,1412,0,4
1529645507.799069,1.6066,1412,0,2
1522859388.589175,11.9303,1412,0,1
1522886703.180247,14.3768,101,1,1
1522853104.336411,5.27982,1412,0,1
1522964058.731577,19.7872,930,0,4
1522861278.329987,9.6211,1412,0,1
1522861277.206734,8.49785,1412,0,1
1522868693.751888,8.79404,1412,0,1
1522922696.654336,53.2688,937,0,4
1522853102.767022,3.71043,1412,0,1
1522964083.018824,44.0745,1412,0,4
1522861277.821677,9.11279,1412,0,1
1522928752.785558,47.3439,1294,0,4
1522886707.176408,18.373,101,1,1
1522943046.84319,0.415301,1412,0,4
1528083165.649166,108.574,148,0,0
1522922696.57676,53.1912,1392,0,4
1529626613.029941,1.04261,1412,0,2
1522956025.960763,6.26033,1412,0,4
1522928738.965377,33.5238,74,1,4
1522842695.061516,11.2704,1412,0,1
1522956038.850975,19.1505,1412,0,4
1522842692.043496,8.25242,1412,0,1
1522922669.71246,26.3269,1392,0,4
1522956069.966366,50.2659,1412,0,4
1527760520.295478,7.05716,432,0,0
1522943101.709195,55.2813,1412,0,4
1522943106.925623,60.4977,1412,0,4
1527924663.895669,13.361,907,1,0
1527850981.613093,20.0493,103,1,0
1522861277.783082,9.0742,1412,0,1
1522859388.567953,11.9091,1412,0,1
1522842704.52518,20.7341,1412,0,1
1522940294.320272,39.3258,1294,0,4
1522928715.425688,9.98407,1294,0,4
1522662270.376411,0.485512,1294,0,3
1522940280.578734,25.5843,74,1,4
1522940269.968827,14.9744,74,1,4
1522662270.678836,0.787937,1294,0,3
1529554552.212436,0.662508,1412,0,2
1527745330.497885,105.421,262,1,0
1522727175.948892,2.71346,112,0,3
1522940313.736387,58.7419,1294,0,4
1529564286.807085,1.73525,1412,0,2
1522861277.74875,9.03987,1412,0,1
1522888894.420366,11.9286,1412,0,1
1522865358.789546,11.8194,138,1,1
1522954026.699161,35.2716,1412,0,4
1529626613.018699,1.03137,1412,0,2
1522956047.132,27.4316,1412,0,4
1529478746.718776,0.0951679,1412,0,2
1522662270.378602,0.487703,1294,0,3
1522940314.896841,59.9024,74,1,4
1522868693.873164,8.91532,1412,0,1
1522964070.295971,31.3516,1412,0,4
1522865358.545151,11.575,1412,0,1
1522964075.623665,36.6793,1412,0,4
1522928705.613211,0.171594,1294,0,4
1522853102.237934,3.18134,1412,0,1
1522940256.045094,1.05063,1294,0,4
1522842709.081402,25.2903,1412,0,1
1529541635.651793,0.134083,1412,0,2
1522940294.241022,39.2466,74,1,4
1529626612.540792,0.553461,126,1,2
1522943088.511404,42.0835,126,1,4
1522842691.144002,7.35292,1412,0,1
1529644963.10351,0.341606,1412,0,2
1529513491.639048,0.770972,910,0,2
1522928738.991605,33.55,74,1,4
1522928758.077567,52.636,86,1,4
1522763857.11691,12.0934,1412,1,1
1529541636.551127,1.03342,1412,0,2
1522768764.551625,13.7203,1412,1,1
1522956026.08417,6.38374,1412,0,4
1522768764.730901,13.8996,1412,1,1
1522928748.167118,42.7255,86,1,4
1528083158.10661,101.031,92,0,0
1527987746.416436,26.0119,256,0,0
1522865358.577252,11.6071,1412,0,1
1522964075.620188,36.6758,1412,0,4
1522943073.242935,26.815,1412,0,4
1522922669.685521,26.3,1392,0,4
1529645507.133671,0.941202,1412,0,2
1522865359.514195,12.544,126,1,1
1522859387.809236,11.1504,1412,0,1
1522868694.736182,9.77834,1412,0,1
1522888895.003361,12.5116,125,1,1
1529515408.010955,0.530187,1412,0,2
1522859388.085658,11.4268,1412,0,1
1522859387.71657,11.0577,1412,0,1
1522956020.651564,0.951134,1412,0,4
1522888894.223943,11.7322,1412,0,1
1527924720.965157,70.4305,311,0,0
1522964099.88466,60.9403,1412,0,4
1522859387.755577,11.0967,1412,0,1
1522861277.424698,8.71581,1412,0,1
1527851000.108491,38.5447,393,1,0
1522956031.496118,11.7957,1412,0,4
1529478747.255806,0.632198,1412,0,2
1522953993.295256,1.86773,1412,0,4
1522981572.163371,14.2986,1412,0,4
1529478747.58649,0.962882,1412,0,2
1522964051.364962,12.4206,126,1,4
1522861277.905458,9.19657,1412,0,1
1522928715.445668,10.0041,74,1,4
1522953995.157571,3.73004,1412,0,4
1522943073.283901,26.856,1412,0,4
1527760577.111034,63.8727,92,0,0
1522842693.720142,9.92906,1412,0,1
1522842691.992318,8.20124,1412,0,1
1529515407.767299,0.286531,1412,0,2
1522928731.708946,26.2673,1294,0,4
1522918752.964628,52.6026,1412,0,4
1522956077.26991,57.5695,1412,0,4
1522953992.129242,0.701712,107,1,4
1522888894.515253,12.0235,1412,0,1
1522922655.940629,12.5551,1392,0,4
1522917983.555411,17.2398,1412,0,4
1522886708.796211,19.9928,1412,0,1
1522865358.064042,11.0939,1412,0,1
1522917979.290527,12.9749,1412,0,4
1522981605.878258,48.0135,1412,0,4
1522928758.919963,53.4783,1294,0,4
1522886706.745371,17.9419,101,1,1
1522888893.961742,11.47,1412,0,1
1522763862.324254,17.3008,1412,1,1
1522861277.504405,8.79552,126,1,1
1522943106.368791,59.9409,1412,0,4
1522888895.041074,12.5494,1412,0,1
1529564285.099345,0.027508,1412,0,2
1522861277.799238,9.09035,1412,0,1
1522842695.550844,11.7598,1412,0,1
1522768772.690915,21.8596,1412,1,1
1522943062.942954,16.5151,1412,0,4
1522842695.214056,11.423,104,1,1
1522922669.724702,26.3391,1392,0,4
1522954026.75784,35.3303,1412,0,4
1527993501.949976,6.29711,1327,0,0
1522842698.1607,14.3696,1412,0,1
1522888882.528035,0.036315,101,1,1
1522853101.536701,2.48011,1412,0,1
1522859387.891927,11.2331,1412,0,1
1522861277.985157,9.27627,119,1,1
1522922645.242063,1.85651,1392,0,4
1522868693.949815,8.99197,806,0,1
1522940294.347247,39.3528,1294,0,4
1522763862.65312,17.6296,1412,1,1
1522922696.591222,53.2057,1392,0,4
1522886710.629649,21.8262,101,1,1
1529634881.954971,1.54601,1412,0,2
1522888894.13516,11.6434,1412,0,1
1522922692.317445,48.9319,1392,0,4
1529634881.981921,1.57296,1412,0,2
1522842709.423225,25.6321,1412,0,1
1522922655.824559,12.439,1392,0,4
1522842705.007707,21.2166,104,1,1
1529515408.248307,0.767539,1412,0,2
1522943046.968139,0.54025,125,1,4
1522940303.914803,48.9203,74,1,4
1522928752.844719,47.4031,1294,0,4
1529634880.936852,0.527889,1412,0,2
1529644963.341638,0.579734,1412,0,2
1522964084.103906,45.1595,1412,0,4
1522956077.850817,58.1504,1412,0,4
1529515408.227049,0.746281,1412,0,2
1522956070.042699,50.3423,1412,0,4
1529645507.796363,1.60389,1412,0,2
1522853103.633971,4.57738,1412,0,1
1529478747.737305,1.1137,1412,0,2
1529644963.87556,1.11366,1412,0,2
1522865359.103426,12.1333,1412,0,1
1527760565.767825,52.5295,87,0,0
1527745318.702238,93.6251,148,0,0
1522842693.492089,9.70101,139,1,1
1522868694.156449,9.1986,1412,0,1
1522928706.139894,0.698277,1294,0,4
1522940256.808113,1.81365,1294,0,4
1522768765.628643,14.7973,1412,1,1
1529644963.166154,0.40425,1412,0,2
1522956056.497971,36.7975,1412,0,4
1522981558.257323,0.39252,1412,0,4
1522940275.26078,20.2663,1294,0,4
1529634881.345798,0.936835,1412,0,2
1529634881.563956,1.15499,1412,0,2
1529554552.036338,0.48641,1412,0,2
1522940285.715499,30.721,1294,0,4
1522964095.242643,56.2983,1412,0,4
1529515408.108603,0.627835,1412,0,2
1522928731.639937,26.1983,74,1,4
1528085213.006436,49.2358,87,0,0
1522928717.715349,12.2737,74,1,4
1522853103.857536,4.80094,1412,0,1
1522865358.626686,11.6565,1412,0,1
1522964070.286728,31.3424,1412,0,4
1529644963.463927,0.702023,1412,0,2
1522842698.114699,14.3236,1412,0,1
1529564287.720273,2.64844,1412,0,2
1529644963.150433,0.388529,1412,0,2
1522964051.385241,12.4409,1412,0,4
1522956021.058571,1.35814,1412,0,4
1522943088.640451,42.2126,1412,0,4
1522888894.907999,12.4163,1412,0,1
1529478746.8774,0.253792,1412,0,2
1522859388.838602,12.1798,1412,0,1
1522888894.358852,11.8671,1412,0,1
1522888894.857396,12.3657,1412,0,1
1522943088.613214,42.1853,1412,0,4
1528085263.312128,99.5415,148,0,0
1522842695.296149,11.5051,1412,0,1
1522888894.591816,12.1001,1412,0,1
1522943047.07507,0.647181,1412,0,4
1522918739.149112,38.7871,1412,0,4
1522954026.651076,35.2235,1412,0,4
1529554551.877129,0.327201,1412,0,2
1522868694.138721,9.18088,1412,0,1
1522954003.104676,11.6771,1412,0,4
1522859388.026694,11.3679,1412,0,1
1527791943.632982,22.161,100,1,0
1522981606.40326,48.5385,1412,0,4
1522922692.356021,48.9705,1392,0,4
1522964058.639415,19.695,1412,0,4
1522943073.247559,26.8197,1412,0,4
1522917983.563351,17.2477,125,1,4
1522922645.370084,1.98453,1392,0,4
1522940280.672536,25.6781,1294,0,4
1522763853.255561,8.23208,1412,1,1
1522853104.34749,5.29089,1412,0,1
1522865358.451155,11.481,1412,0,1
1529478747.769385,1.14578,119,1,2
1527993583.444559,87.7917,98,1,0
1522886701.031893,12.2285,1412,0,1
1522956020.960571,1.26014,1412,0,4
1522868693.752453,8.79461,1412,0,1
1522954035.069577,43.642,1412,0,4
1522964099.633671,60.6893,116,1,4
1522956068.41139,48.711,1412,0,4
1522956077.6098,57.9094,1412,0,4
1527851040.273831,78.7101,103,1,0
1529478747.335607,0.711999,1412,0,2
1522861277.220482,8.5116,1412,0,1
1529478747.309026,0.685418,1412,0,2
1522713580.789224,8.38581,74,1,3
1522861277.476011,8.76713,1412,0,1
1522928722.936472,17.4949,1294,0,4
1522922644.449028,1.06348,1392,0,4
1522943078.552225,32.1243,1412,0,4
1529644964.297547,1.53564,1412,0,2
1522964075.746091,36.8017,1412,0,4
1522940294.215253,39.2208,1294,0,4
1522859388.222757,11.5639,1412,0,1
1522859388.27906,11.6202,1412,0,1
1522953998.768506,7.34098,1412,0,4
1522928715.434111,9.99249,1294,0,4
1522861277.676526,8.96764,1412,0,1
1529478747.132685,0.509077,1412,0,2
1522943052.23425,5.80636,1412,0,4
1529626613.046215,1.05888,1412,0,2
1527924717.641382,67.1067,92,0,0
1522654305.09177,4.00044,112,1,3
1522763862.318599,17.2951,1412,1,1
1529478747.78831,1.1647,116,1,2
1522886700.911401,12.108,1412,0,1
1522922677.854954,34.4694,910,0,4
1522842706.324248,22.5332,1412,0,1
1529644964.171301,1.4094,1412,0,2
1522859388.51129,11.8525,1412,0,1
1529513491.381557,0.513481,1392,0,2
1522865358.085641,11.1155,1412,0,1
1522859388.161177,11.5023,1412,0,1
1522861277.795483,9.0866,1412,0,1
1522886704.110935,15.3075,1412,0,1
1522928738.992131,33.5505,74,1,4
1522888894.880812,12.3891,1412,0,1
1529644963.198749,0.436845,1412,0,2
1522954014.205572,22.778,1412,0,4
1522954035.091721,43.6642,1412,0,4
1522940261.674994,6.68053,74,1,4
1522868694.715319,9.75747,1412,0,1
1522940280.637052,25.6426,1294,0,4
1529564286.315332,1.24349,1412,0,2
1522886706.543587,17.7402,1412,0,1
1522859388.759217,12.1004,1412,0,1
1522763864.594955,19.5715,101,0,1
1529513491.819232,0.951156,1392,0,2
1522886698.938004,10.1346,101,1,1
1522922683.116233,39.7307,1392,0,4
1522928753.729168,48.2876,1294,0,4
1522861277.011833,8.30295,1412,0,1
1522918753.314448,52.9524,1412,0,4
1522954035.213024,43.7855,487,0,4
1522768774.029015,23.1977,1412,1,1
1527741780.323875,62.4214,92,0,0
1522853099.56295,0.506355,1412,0,1
1529513491.329375,0.461299,1392,0,2
1529564287.199577,2.12774,126,1,2
1522928723.026392,17.5848,74,1,4
1529515407.775868,0.2951,1412,0,2
1527993519.509021,23.8562,226,0,0
1528083113.865178,56.79,457,1,0
1522918720.310077,19.9481,1412,0,4
1529513491.519719,0.651643,1392,0,2
1522662270.687824,0.796925,74,1,3
1522853105.358868,6.30227,1412,0,1
1522886704.590491,15.7871,1412,0,1
1522964051.408099,12.4637,1412,0,4
1522768767.977454,17.1461,114,0,1
1522940303.944306,48.9498,1294,0,4
1522886700.239685,11.4363,1412,0,1
1522956021.001565,1.30114,1412,0,4
1522943057.51487,11.087,1412,0,4
1527741758.220084,40.3176,98,1,0
1529564287.937407,2.86557,1412,0,2
1522922655.813119,12.4276,1392,0,4
1522918702.459603,2.09759,1412,0,4
1529554552.382081,0.832153,1412,0,2
1529513491.370853,0.502777,1392,0,2
1528085261.884217,98.1136,259,1,0
1522768771.63463,20.8033,103,0,1
1529554552.173676,0.623748,1412,0,2
1529644963.711434,0.94953,1412,0,2
1522865359.06496,12.0948,1412,0,1
1522861277.604708,8.89582,1412,0,1
1522954014.006309,22.5788,892,0,4
1522928723.095532,17.6539,1294,0,4
1522853103.717364,4.66077,1412,0,1
1522956020.067516,0.367086,1412,0,4
1522861277.193393,8.48451,1412,0,1
1522922655.966639,12.5811,1392,0,4
1529478747.170413,0.546805,1412,0,2
1522956076.997767,57.2973,1412,0,4
1522928738.926836,33.4852,1294,0,4
1529541636.465166,0.947456,1412,0,2
1522918016.064669,49.749,1412,0,4
1529478747.569264,0.945656,1412,0,2
1527987807.110288,86.7057,92,0,0
1522768762.858161,12.0268,97,0,1
1529644962.916726,0.154822,1412,0,2
1529515408.746717,1.26595,1412,0,2
1529541636.424323,0.906613,1412,0,2
1522888894.637795,12.1461,1412,0,1
1522981572.229237,14.3644,1412,0,4
1522940313.16731,58.1728,74,1,4
1522865358.382583,11.4124,1412,0,1
1529644963.721046,0.959142,1412,0,2
1522956031.576164,11.8757,1412,0,4
1522859387.792418,11.1336,1412,0,1
1529478747.1353,0.511692,1412,0,2
1527745310.193092,85.116,104,1,0
1522886705.57435,16.7709,1412,0,1
1522928709.457271,4.01565,1294,0,4
1522922669.718465,26.3329,1392,0,4
1522886704.627316,15.8239,101,1,1
1522943088.648979,42.2211,1412,0,4
1522868693.829292,8.87145,1412,0,1
1522886710.810886,22.0075,1412,0,1
1529554551.999892,0.449964,930,0,2
1522964058.602583,19.6582,1412,0,4
1522940261.586814,6.59235,74,1,4
1522928752.690921,47.2493,74,1,4
1522865358.893394,11.9232,1412,0,1
1522956031.429385,11.729,1412,0,4
1529541636.263237,0.745527,1412,0,2
1522943047.020069,0.59218,1412,0,4
1522868694.697515,9.73967,125,1,1
1522768764.94139,14.1101,1412,1,1
1522928739.026118,33.5845,1294,0,4
1529478747.512128,0.88852,1412,0,2
1522943063.093417,16.6655,126,1,4
1522928748.589355,43.1477,1294,0,4
1522956077.850819,58.1504,1412,0,4
1522981606.065456,48.2007,1412,0,4
1522956038.678993,18.9786,1412,0,4
1522861278.117609,9.40872,1412,0,1
1529541636.050934,0.533224,930,0,2
1529554552.671343,1.12142,139,1,2
1522888894.638112,12.1464,1412,0,1
1529626612.653178,0.665847,1412,0,2
1522768775.385376,24.554,103,0,1
1522922696.668016,53.2825,1392,0,4
1522886705.592967,16.7895,1412,0,1
1522886713.017782,24.2143,101,1,1
1522768772.203107,21.3718,1412,1,1
1522853102.572529,3.51593,113,1,1
1522956065.423552,45.7231,1412,0,4
1529626612.231848,0.244517,1412,0,2
1522763858.261076,13.2376,101,0,1
1522853102.163757,3.10716,1412,0,1
1522918752.766498,52.4045,1412,0,4
1522940280.614465,25.62,1294,0,4
1522888894.147185,11.6555,125,1,1
1522928759.187118,53.7455,1294,0,4
1522888894.598495,12.1068,1412,0,1
1522928705.960199,0.518582,1294,0,4
1522888894.925973,12.4343,1412,0,1
1529645507.782794,1.59033,1412,0,2
1529541636.671692,1.15398,1412,0,2
1522853104.673178,5.61658,1412,0,1
1529513491.188149,0.320073,1392,0,2
1522853105.150242,6.09365,1412,0,1
1527745234.790465,9.71335,93,1,0
1522859388.819097,12.1603,117,1,1
1522768771.470523,20.6392,100,0,1
1529515408.156807,0.676039,1412,0,2
1522865358.515146,11.545,1412,0,1
1522964095.832424,56.8881,1412,0,4
1522940294.352212,39.3577,1294,0,4
1522768772.468769,21.6374,1412,1,1
1522928722.936497,17.4949,74,1,4
1522940275.223148,20.2287,1294,0,4
1522956020.075292,0.374862,1412,0,4
1529645506.917276,0.724807,1412,0,2
1522928731.749552,26.3079,1294,0,4
1522842710.212254,26.4212,1412,0,1
1522768762.648739,11.8174,1412,1,1
1522953999.073494,7.64596,1412,0,4
1529645507.52789,1.33542,1412,0,2
1522956056.480273,36.7798,1412,0,4
1529513491.180569,0.312493,1392,0,2
1522964039.653472,0.709101,139,1,4
1522981572.14462,14.2798,1412,0,4
1529644963.802134,1.04023,1412,0,2
1522981596.855703,38.9909,1412,0,4
1522922655.996699,12.6111,106,1,4
1522954003.164182,11.7367,1412,0,4
1522928715.552427,10.1108,1294,0,4
1522956031.437262,11.7368,1412,0,4
1522888894.290054,11.7983,1412,0,1
1527993507.440411,11.7875,146,0,0
1529564285.826971,0.755134,1412,0,2
1522928706.20714,0.765523,514,0,4
1529554551.854549,0.304621,1412,0,2
1522918752.733379,52.3714,1412,0,4
1522842703.260821,19.4697,1412,0,1
1529644964.312489,1.55059,1412,0,2
1522861277.140626,8.43174,1412,0,1
1522928747.64839,42.2068,74,1,4
1529644963.74159,0.979686,1412,0,2
1522868694.323368,9.36552,1412,0,1
1522940304.292804,49.2983,1294,0,4
1522842690.811112,7.02003,1412,0,1
1522865358.806183,11.836,1412,0,1
1527760599.216658,85.9783,264,1,0
1522842706.146765,22.3557,98,1,1
1522842694.309463,10.5184,1412,0,1
1522654306.530526,5.4392,1294,0,3
1522859388.809069,12.1502,113,1,1
1529634881.138089,0.729126,1412,0,2
1522954026.68651,35.259,126,1,4
1522763862.531699,17.5082,1412,1,1
1522842706.501748,22.7107,104,1,1
1529645507.147516,0.955047,1412,0,2
1522861278.004001,9.29512,1412,0,1
1522928722.978361,17.5367,1294,0,4
1522842704.410627,20.6195,101,1,1
1529478747.610286,0.986678,113,1,2
1522953994.436315,3.00879,1412,0,4
1522940255.581892,0.587429,74,1,4
1522928709.720954,4.27934,74,1,4
1522940303.254159,48.2597,74,1,4
1522928739.054374,33.6128,1294,0,4
1529564286.069909,0.998072,930,0,2
1522853104.232602,5.17601,1412,0,1
1527745340.289762,115.213,265,1,0
1522763859.787252,14.7638,95,0,1
1522865359.460158,12.49,1412,0,1
1522922696.639499,53.2539,1392,0,4
1522853104.283818,5.22722,1412,0,1
1522888894.162979,11.6713,1412,0,1
1522888894.999221,12.5075,1412,0,1
1522861278.507069,9.79818,1412,0,1
1522918739.149561,38.7875,1412,0,4
1522842707.412701,23.6216,1412,0,1
1522888894.45954,11.9678,1412,0,1
1529554551.910325,0.360397,1412,0,2
1522964058.681011,19.7366,1412,0,4
1522768766.901228,16.0699,1412,1,1
1522918700.849503,0.487489,1412,0,4
1522917972.785607,6.46995,1412,0,4
1528085246.551556,82.7809,385,1,0
1529513492.039257,1.17118,1392,0,2
1522943063.09104,16.6632,1412,0,4
1529541636.698643,1.18093,1412,0,2
1529554552.218222,0.668294,1412,0,2
1522922669.666933,26.2814,1392,0,4
1522964070.167696,31.2233,1412,0,4
1522763854.198023,9.17454,1412,1,1
1522853105.138736,6.08214,1412,0,1
1527924692.585788,42.0511,388,1,0
1522865359.258236,12.2881,1412,0,1
1529645506.884806,0.692337,1412,0,2
1522768772.805188,21.9739,1412,1,1
1529634880.953243,0.54428,1412,0,2
1522922683.263241,39.8777,1392,0,4
1529644963.183326,0.421422,1412,0,2
1522853099.787545,0.73095,1412,0,1
1522768773.877991,23.0467,100,0,1
1529513492.124883,1.25681,1392,0,2
1528083090.640764,33.5656,98,1,0
1522940270.008999,15.0145,74,1,4
1522886706.914984,18.1116,1412,0,1
1522964083.499052,44.5547,1412,0,4
1522768758.655024,7.82369,103,1,1
1522918702.444592,2.08258,1412,0,4
1522956068.177073,48.4766,1412,0,4
1522964058.555134,19.6108,1329,0,4
1522928722.954669,17.5131,1294,0,4
1529554552.182946,0.633018,1412,0,2
1522859388.814217,12.1554,1412,0,1
1522928738.945776,33.5042,74,1,4
1522956077.674802,57.9744,1412,0,4
1522853102.653832,3.59724,1412,0,1
1529644964.125958,1.36405,125,1,2
1522842696.279738,12.4887,1412,0,1
1522886707.639413,18.836,1412,0,1
1522940303.927338,48.9329,74,1,4
1522888894.975327,12.4836,1412,0,1
1522922669.601187,26.2156,1392,0,4
1522763854.563167,9.53969,1412,1,1
1527993510.117187,14.4643,104,1,0
1522888894.664687,12.173,1412,0,1
1522861278.205625,9.49674,1412,0,1
1522865359.501635,12.5315,1412,0,1
1522886704.193561,15.3901,1412,0,1
1529478747.141801,0.518193,1412,0,2
1529644964.041192,1.27929,126,1,2
1522859388.35692,11.6981,1412,0,1
1522888894.851572,12.3599,1412,0,1
1522886698.825081,10.0216,1412,0,1
1522861277.610616,8.90173,1412,0,1
1522842700.735603,16.9445,1412,0,1
1522861277.187456,8.47857,125,1,1
1522922669.775465,26.3899,106,1,4
1522928706.079898,0.638281,1294,0,4
1522954034.59303,43.1655,1412,0,4
1522964099.952717,61.0083,110,1,4
1522953994.417318,2.98979,1412,0,4
1522886698.838758,10.0353,1412,0,1
1522956025.957454,6.25702,1412,0,4
1522922669.599376,26.2138,1392,0,4
1522922683.146254,39.7607,1392,0,4
1522964070.160701,31.2163,1412,0,4
1522859388.277823,11.619,1412,0,1
1522964063.975533,25.0312,1412,0,4
1522865359.450483,12.4803,1412,0,1
1522861277.025667,8.31678,1412,0,1
1522865359.380492,12.4103,1412,0,1
1522954013.999424,22.5719,1412,0,4
1522865358.626084,11.6559,1412,0,1
1522763858.456833,13.4334,1412,1,1
1522940315.043866,60.0494,1294,0,4
1522928715.477418,10.0358,1294,0,4
1529541636.683053,1.16534,1412,0,2
1522842696.343143,12.5521,104,1,1
1522940280.552761,25.5583,1294,0,4
1522964063.896033,24.9517,1412,0,4
1522859388.548075,11.8892,114,1,1
1522868694.553521,9.59568,1412,0,1
1522940269.993317,14.9989,1294,0,4
1522928731.579369,26.1378,1294,0,4
1522865358.913005,11.9428,1412,0,1
1522647189.482599,7.63582,74,0,3
1522868693.540439,8.58259,1412,0,1
1522868693.765199,8.80735,1412,0,1
1522928706.163898,0.722281,1294,0,4
1522943052.200692,5.7728,1412,0,4
1522954045.321224,53.8937,1412,0,4
1522954045.305235,53.8777,1412,0,4
1522763864.612037,19.5886,1412,1,1
1522917966.568362,0.252701,1412,0,4
1522842697.6902,13.8991,1412,0,1
1522956065.336141,45.6357,231,1,4
1522865359.004895,12.0347,1412,0,1
1522888893.877627,11.3859,1412,0,1
1522928748.185311,42.7437,1294,0,4
1522918739.278698,38.9167,1412,0,4
1522853100.529835,1.47324,1412,0,1
1527741718.664515,0.762033,229,1,0
1522888894.688165,12.1964,1412,0,1
1522928715.478719,10.0371,74,1,4
1522861277.166573,8.45769,1412,0,1
1522865358.097672,11.1275,1412,0,1
1528083143.597421,86.5222,87,0,0
1522954045.25324,53.8257,1412,0,4
1522865359.340581,12.3704,1412,0,1
1529478747.573928,0.95032,1412,0,2
1522953998.700474,7.27294,1412,0,4
1529541636.596127,1.07842,1412,0,2
1522940280.576561,25.5821,1294,0,4
1522842697.68847,13.8974,1412,0,1
1529541635.784283,0.266573,125,1,2
1522928715.882254,10.4406,1294,0,4
1522964070.152865,31.2085,1412,0,4
1522654307.207746,6.11642,74,1,3
1522940263.769902,8.77544,1294,0,4
1529564286.710979,1.63914,1412,0,2
1522964058.7203,19.7759,1412,0,4
1522917999.577439,33.2618,1412,0,4
1522953993.993225,2.5657,1412,0,4
1527987786.056689,65.6521,233,0,0
1529564286.788498,1.71666,1412,0,2
1527791930.526378,9.05444,100,1,0
1522940288.996946,34.0025,1294,0,4
1522888894.727592,12.2359,1412,0,1
1522853105.133642,6.07705,1412,0,1
1522954045.268234,53.8407,1412,0,4
1529554552.689254,1.13933,1412,0,2
1529644964.181494,1.41959,1412,0,2
1529478747.032479,0.408871,1412,0,2
1522922655.851071,12.4655,79,1,4
1522763864.352525,19.329,98,0,1
1529513492.153892,1.28582,1392,0,2
1522928709.633631,4.19201,1294,0,4
1522842696.69247,12.9014,1412,0,1
1529515408.549166,1.0684,1412,0,2
1522928748.558285,43.1167,1294,0,4
1522768765.509339,14.678,1412,1,1
1522940303.983712,48.9892,1294,0,4
1522868693.896681,8.93884,125,1,1
1522888894.284047,11.7923,1412,0,1
1522918748.40928,48.0473,1412,0,4
1522956064.961369,45.2609,1412,0,4
1522859388.02282,11.364,1412,0,1
1522928738.958983,33.5174,1294,0,4
1527987725.296519,4.89196,467,0,0
1529634881.358349,0.949386,1412,0,2
1522940269.96258,14.9681,1294,0,4
1522662277.540902,7.65,74,0,3
1522865359.428696,12.4585,125,1,1
1522954014.219947,22.7924,930,0,4
1522922662.130052,18.7445,1392,0,4
1522744998.232301,7.68185,74,1,3
1522943078.537873,32.11,1412,0,4
1522940285.804955,30.8105,1294,0,4
1529626613.06969,1.08236,1412,0,2
1522943073.354889,26.927,1412,0,4
1522868694.222958,9.26511,1412,0,1
1522918720.202124,19.8401,1412,0,4
1522868693.967785,9.00994,1412,0,1
1527987762.087887,41.6833,248,0,0
1522928758.979188,53.5376,1294,0,4
1529515408.535286,1.05452,1412,0,2
1522868694.441535,9.48369,1412,0,1
1529644964.279992,1.51809,1412,0,2
1522940261.48937,6.49491,74,1,4
1522635941.736689,0.672426,1294,0,3
1522940302.790622,47.7962,74,1,4
1529645506.723052,0.530583,1412,0,2
1529645508.031903,1.83943,1412,0,2
1527993497.144919,1.49205,573,1,0
1522940256.058053,1.06359,1294,0,4
1522842698.171243,14.3802,107,1,1
1529541636.029626,0.511916,1412,0,2
1529513491.656326,0.78825,1392,0,2
1522886707.527488,18.7241,114,1,1
1522981563.887832,6.02303,1412,0,4
1522922669.618049,26.2325,1392,0,4
1522964040.753893,1.80952,125,1,4
1522964058.670746,19.7264,1412,0,4
1522886705.563296,16.7599,101,1,1
1522662273.821254,3.93036,112,1,3
1522842697.271118,13.48,1412,0,1
1522865358.598572,11.6284,1412,0,1
1522964076.295311,37.3509,1412,0,4
1522917979.326345,13.0107,1412,0,4
1529644964.146584,1.38468,1412,0,2
1522886708.123505,19.3201,98,1,1
1522940263.778322,8.78386,1294,0,4
1522853102.986221,3.92963,1412,0,1
1522922645.337667,1.95211,1392,0,4
1522956070.475129,50.7747,1412,0,4
1522928758.819779,53.3782,1294,0,4
1522943052.303581,5.87569,126,1,4
1527987760.110664,39.7061,1412,1,0
1529645506.453196,0.260727,1412,0,2
1522888894.51348,12.0218,1412,0,1
1522888894.106599,11.6149,1412,0,1
1522964070.306802,31.3624,1412,0,4
1522861277.26192,8.55304,125,1,1
1522662270.881726,0.990827,1294,0,3
1522842700.455855,16.6648,1412,0,1
1522888894.886119,12.3944,1412,0,1
1522943078.451246,32.0234,1412,0,4
1529645507.46582,1.27335,125,1,2
1522853100.575819,1.51922,1412,0,1
1522964051.3316,12.3872,1412,0,4
1522956020.448528,0.748098,1412,0,4
1527745336.582577,111.505,148,0,0
1522956020.390531,0.690101,1412,0,4
1522928747.705444,42.2638,1294,0,4
1522763858.449341,13.4259,101,0,1
1522928709.610435,4.16882,1294,0,4
1527850988.986492,27.4227,112,1,0
1522861277.515954,8.80707,119,1,1
1529515408.363795,0.883027,1412,0,2
1522861277.453415,8.74453,1412,0,1
1522953995.143351,3.71582,1412,0,4
1522744995.108829,4.55838,74,1,3
1522928706.023965,0.582348,74,1,4
1522928709.530569,4.08895,86,1,4
1522763854.283371,9.25989,1412,1,1
1522768768.26633,17.435,1412,1,1
1522886711.670737,22.8673,101,1,1
1522868694.426891,9.46905,1412,0,1
1522842705.038517,21.2474,1412,0,1
1522853104.068369,5.01177,1412,0,1
1522943063.048071,16.6202,125,1,4
1522922655.845885,12.4603,1392,0,4
1522928753.295153,47.8535,74,1,4
1522940280.597463,25.603,1294,0,4
1522943078.447078,32.0192,1412,0,4
1522868693.38483,8.42699,1412,0,1
1522981605.995969,48.1312,1412,0,4
1522928709.678192,4.23657,1294,0,4
1522886710.966206,22.1628,1412,0,1
1522918752.848391,52.4864,1412,0,4
1529554552.854298,1.30437,1412,0,2
1522868693.446469,8.48862,1412,0,1
1522928731.5,26.0584,1294,0,4
1522853104.481718,5.42512,1412,0,1
1522964039.294552,0.350181,1412,0,4
1522763859.598032,14.5745,1412,1,1
1522956021.500419,1.79999,1412,0,4
1522922644.447026,1.06147,1392,0,4
1522922669.639804,26.2543,106,1,4
1522917972.809099,6.49344,125,1,4
1522865358.478391,11.5082,1412,0,1
1522953992.635207,1.20768,1412,0,4
1527851022.968504,61.4047,106,1,0
1522853105.872055,6.81546,116,1,1
1522956031.423453,11.723,1412,0,4
1522981581.337226,23.4724,1412,0,4
1522943088.590441,42.1626,1412,0,4
1522943063.044655,16.6168,1412,0,4
1522861277.633632,8.92475,1412,0,1
1522861277.938183,9.2293,1412,0,1
1522868693.997813,9.03997,1412,0,1
1522928759.00093,53.5593,74,1,4
1529541635.748137,0.230427,1412,0,2
1522928723.016868,17.5753,1294,0,4
1522943088.615038,42.1871,948,0,4
1529564285.850244,0.778407,1412,0,2
1522763853.163589,8.14011,1412,1,1
1522842692.526096,8.73502,1412,0,1
1522859388.697836,12.039,1412,0,1
1522888894.95761,12.4659,1412,0,1
1522928748.531109,43.0895,74,1,4
1522861277.974758,9.26587,1412,0,1
1522918752.80395,52.4419,1412,0,4
1522928731.740482,26.2989,74,1,4
1529541636.543534,1.02582,1412,0,2
1522763853.503451,8.47997,1412,1,1
1522928748.480119,43.0385,1294,0,4
1522727181.380874,8.14544,104,0,3
1522954035.066223,43.6387,1412,0,4
1522865358.658876,11.6887,1412,0,1
1522865358.02574,11.0556,1412,0,1
1522917979.29966,12.984,1412,0,4
1522928758.099168,52.6576,1294,0,4
1522928738.98766,33.546,1294,0,4
1529478746.96236,0.338752,1412,0,2
1522956031.528496,11.8281,1412,0,4
1529541636.090756,0.573046,1412,0,2
1522943107.062768,60.6349,1412,0,4
1522928723.048966,17.6073,1294,0,4
1522886710.457963,21.6545,1412,0,1
1529478746.792253,0.168645,1412,0,2
1522954034.58999,43.1625,1412,0,4
1522886701.404084,12.6007,101,1,1
1522918748.55429,48.1923,116,1,4
1522953994.453323,3.02579,1412,0,4
1529478747.158253,0.534645,1412,0,2
1522868694.811461,9.85362,1412,0,1
1527745317.514514,92.4374,534,1,0
1522940269.961024,14.9666,1294,0,4
1522943073.289504,26.8616,1412,0,4
1529634882.040385,1.63142,1412,0,2
1529513491.541248,0.673172,1392,0,2
1522865359.075837,12.1057,1412,0,1
1522886705.371087,16.5677,1412,0,1
1529478747.290288,0.66668,119,1,2
1522956069.462382,49.762,1412,0,4
1522865358.486156,11.516,1412,0,1
1522865358.25531,11.2852,126,1,1
1522917999.564868,33.2492,1412,0,4
1527745339.332087,114.255,251,0,0
1522886703.194608,14.3912,1412,0,1
1522943052.313919,5.88603,951,0,4
1529564285.685038,0.613201,1412,0,2
1528085244.346816,80.5762,148,0,0
1522868693.634619,8.67677,1412,0,1
1522964040.826293,1.88192,1412,0,4
1522940270.006372,15.0119,1294,0,4
1522953998.747443,7.31991,1412,0,4
1522943062.980568,16.5527,1412,0,4
1522888894.955555,12.4638,1412,0,1
1522868693.902452,8.94461,1412,0,1
1522842697.898625,14.1075,1412,0,1
1529564287.173212,2.10138,1412,0,2
1527745249.371089,24.294,255,0,0
1522917969.382077,3.06642,1412,0,4
1529634881.511525,1.10256,1412,0,2
1522956077.784217,58.0838,1412,0,4
1529564285.183861,0.112024,1412,0,2
1529554552.810979,1.26105,1412,0,2
1522928729.327344,23.8857,1294,0,4
1522956076.782044,57.0816,1412,0,4
1529478747.545223,0.921615,1412,0,2
1522943107.143443,60.7156,1412,0,4
1522868694.606962,9.64912,1412,0,1
1529626612.563612,0.576281,1412,0,2
1529626612.508334,0.521003,1412,0,2
1522981596.854939,38.9901,1412,0,4
1522918753.444135,53.0821,1412,0,4
1522928758.274235,52.8326,1294,0,4
1529515408.731948,1.25118,930,0,2
1522853105.192624,6.13603,119,1,1
1527924755.599233,105.065,92,0,0
1522964070.268529,31.3242,1412,0,4
1529515408.088727,0.607959,1412,0,2
1522763858.257095,13.2336,95,0,1
1522940304.341436,49.347,74,1,4
1522940263.747864,8.7534,1294,0,4
1522888894.04766,11.5559,1412,0,1
1522943073.269499,26.8416,138,1,4
1522981563.921899,6.0571,1412,0,4
1522964051.369875,12.4255,1412,0,4
1522918702.437594,2.07558,1412,0,4
1522886706.502984,17.6996,1412,0,1
1522940261.546748,6.55228,1294,0,4
1522842705.445702,21.6546,101,1,1
1522954034.595171,43.1676,1412,0,4
1529564286.371614,1.29978,126,1,2
1529515408.516164,1.0354,1412,0,2
1522763861.139953,16.1165,1412,1,1
1522956056.499986,36.7996,1412,0,4
1522868693.556815,8.59897,1412,0,1
1522853104.882073,5.82548,1412,0,1
1527993594.612308,98.9594,755,1,0
1522918752.948515,52.5865,229,1,4
1522865359.511144,12.541,1412,0,1
1529564287.208096,2.13626,1412,0,2
1522956047.006823,27.3064,1412,0,4
1529541636.125604,0.607894,1412,0,2
1529515408.770001,1.28923,1412,0,2
1529515408.743219,1.26245,1412,0,2
1529478746.984868,0.36126,1412,0,2
1522647183.039802,1.19303,112,1,3
1522940312.981305,57.9868,1294,0,4
1529541635.694921,0.177211,1412,0,2
1528083115.744498,58.6693,169,0,0
1527760603.827009,90.5887,87,0,0
1527993561.152799,65.4999,767,1,0
1529644963.054731,0.292827,126,1,2
1528085255.820154,92.0495,92,0,0
1522865359.445171,12.475,1412,0,1
1522928759.234918,53.7933,1294,0,4
1527993593.413932,97.7611,261,1,0
1522953993.27524,1.84771,1412,0,4
1529626612.377571,0.39024,1412,0,2
1527987753.552566,33.148,245,0,0
1522943052.352956,5.92507,1412,0,4
1522763861.611974,16.5885,101,0,1
1527987757.911155,37.5066,87,0,0
1522886700.479016,11.6756,1412,0,1
1529645507.454446,1.26198,1412,0,2
1522868694.66892,9.71108,1412,0,1
1522943106.886497,60.4586,1412,0,4
1522956047.004576,27.3041,1412,0,4
1522763858.070656,13.0472,1412,1,1
1522940261.51838,6.52392,1294,0,4
1529634881.824312,1.41535,1412,0,2
1529554552.02265,0.472722,1412,0,2
1522918009.81464,43.499,1412,0,4
1522865359.496307,12.5261,1412,0,1
1522768774.087655,23.2563,1412,1,1
1522886700.12504,11.3216,98,1,1
1527851024.895069,63.3313,251,0,0
1522940274.235701,19.2412,74,1,4
1522886709.990835,21.1874,1412,0,1
1529515407.903791,0.423023,1412,0,2
1529564286.403786,1.33195,126,1,2
1522727179.908111,6.67268,74,1,3
1529554552.180584,0.630656,1412,0,2
1522922669.596464,26.2109,1392,0,4
1522917983.542576,17.2269,1412,0,4
1522842697.40825,13.6172,118,1,1
1522853102.111483,3.05489,113,1,1
1522981563.87792,6.01312,1412,0,4
1528085279.838158,116.068,259,1,0
1522964070.31896,31.3746,1412,0,4
1527993592.640226,96.9874,389,1,0
1522868694.87325,9.91541,1412,0,1
1522918753.449602,53.0876,213,1,4
1522918752.683469,52.3215,1412,0,4
1522868693.774192,8.81635,1412,0,1
1522940285.841002,30.8465,1294,0,4
1522861277.45989,8.751,125,1,1
1522886711.546881,22.7434,1412,0,1
1522918748.583328,48.2213,117,1,4
1522928709.420568,3.97895,74,1,4
1522953994.475066,3.04754,1412,0,4
1522768765.110804,14.2795,1412,1,1
1529554552.760601,1.21067,1412,0,2
1522918720.192914,19.8309,1412,0,4
1522727178.039063,4.80363,74,0,3
1522853100.111312,1.05472,1412,0,1
1529541636.542625,1.02491,1412,0,2
1529513490.968273,0.100197,1392,0,2
1522647182.263344,0.416567,1294,1,3
1522943073.228924,26.801,1412,0,4
1529626612.234152,0.246821,1412,0,2
1522922692.329394,48.9438,1392,0,4
1522940280.697469,25.703,1294,0,4
1522888894.466892,11.9752,1412,0,1
1522922644.457032,1.07148,1392,0,4
1522940256.135062,1.1406,1294,0,4
1522981563.873601,6.0088,1412,0,4
1522922683.243409,39.8579,1392,0,4
1529634881.518747,1.10978,1412,0,2
1522956056.506499,36.8061,1412,0,4
1529513491.015678,0.147602,1392,0,2
1529541636.431989,0.914279,1412,0,2
1522888894.998835,12.5071,125,1,1
1529644964.1624,1.4005,1412,0,2
1522918702.337418,1.9754,1412,0,4
1522956038.915807,19.2154,1412,0,4
1528085215.305242,51.5346,92,0,0
1522928729.333949,23.8923,86,1,4
1522842695.574152,11.7831,104,1,1
1522943078.591017,32.1631,126,1,4
1522768774.209595,23.3783,1412,1,1
1522768765.119676,14.2883,100,0,1
1522940304.188098,49.1936,1294,0,4
1522886710.088752,21.2853,1412,0,1
1522940294.254421,39.26,74,1,4
1522865358.333694,11.3635,125,1,1
1529644963.501307,0.739403,1412,0,2
1529515408.520958,1.04019,125,1,2
1522886709.915984,21.1126,1412,0,1
1522943097.047458,50.6196,1412,0,4
1522981612.876851,55.012,1412,0,4
1522928715.723423,10.2818,1294,0,4
1522964042.981406,4.03703,1412,0,4
1527851069.249464,107.686,92,0,0
1522928723.023038,17.5814,1294,0,4
1522842700.860105,17.069,1412,0,1
1528085255.184665,91.414,87,0,0
1527993568.289879,72.637,92,0,0
1529564286.306725,1.23489,1412,0,2
1522943100.866616,54.4387,1412,0,4
1529564286.797243,1.72541,1412,0,2
1522763861.082921,16.0594,1412,1,1
1522886702.759845,13.9564,1412,0,1
1522953998.656402,7.22887,125,1,4
1522943088.654252,42.2264,1412,0,4
1522940294.360848,39.3664,1294,0,4
1522842691.015299,7.22422,1412,0,1
1522954026.746047,35.3185,1412,0,4
1522917972.783154,6.46749,125,1,4
1522868693.393039,8.43519,944,0,1
1522981572.252503,14.3877,1412,0,4
1522922655.998627,12.6131,1392,0,4
1522943046.795286,0.367397,1412,0,4
1529645506.471599,0.27913,1412,0,2
1522853103.232052,4.17546,1412,0,1
1522768775.29167,24.4603,1412,1,1
1522981563.86688,6.00208,1412,0,4
1529478747.797682,1.17407,1412,0,2
1522928758.726612,53.285,74,1,4
1529541636.708451,1.19074,1412,0,2
1522940270.043397,15.0489,74,1,4
1529513492.015313,1.14724,1392,0,2
1529626612.670974,0.683643,1412,0,2
1522956053.180124,33.4797,1412,0,4
1529515408.101945,0.621177,126,1,2
1529541636.686456,1.16875,1412,0,2
1522940261.540866,6.5464,1294,0,4
1522981563.903055,6.03825,1412,0,4
1522981606.201176,48.3364,1412,0,4
1522853105.218287,6.16169,1412,0,1
1522940270.058622,15.0642,1294,0,4
1522954003.237683,11.8102,1412,0,4
1522853104.698467,5.64187,1412,0,1
1522861277.161556,8.45267,1412,0,1
1522886704.569329,15.7659,101,1,1
1522922683.211179,39.8256,1392,0,4
1522917966.627633,0.311972,1412,0,4
1529478746.875545,0.251937,1412,0,2
1522964084.156569,45.2122,1412,0,4
1529564286.056326,0.984489,1412,0,2
1529554552.053963,0.504035,1412,0,2
1522940256.839148,1.84469,74,1,4
1522865358.403141,11.433,1412,0,1
1529541636.430747,0.913037,1412,0,2
1527741742.537759,24.6353,272,0,0
1529634881.314006,0.905043,1412,0,2
1522768762.960668,12.1293,1412,1,1
1522918752.728163,52.3661,1412,0,4
1522943063.012309,16.5844,1412,0,4
1522964040.601279,1.65691,1412,0,4
1522868693.366045,8.4082,1412,0,1
1522865358.430506,11.4603,1412,0,1
1529541635.658882,0.141172,1412,0,2
1522763857.098623,12.0751,101,0,1
1522928758.510125,53.0685,1294,0,4
1522940285.917717,30.9233,1294,0,4
1527791990.115084,68.6431,1143,1,0
1522964076.282397,37.338,316,1,4
1529644964.042728,1.28082,139,1,2
1522953995.197279,3.76975,1412,0,4
1522886702.947215,14.1438,101,1,1
1529515407.861238,0.38047,1412,0,2
1522888894.913666,12.4219,1412,0,1
1522940270.061614,15.0672,1294,0,4
1529564285.510969,0.439132,1412,0,2
1522763864.544857,19.5214,1412,1,1
1529541636.468847,0.951137,1412,0,2
1522842693.164369,9.37329,1412,0,1
1522886706.79344,17.99,101,1,1
1522768766.827632,15.9963,1412,1,1
1529634881.8042,1.39524,1412,0,2
1522928759.129596,53.688,1294,0,4
1522940285.718202,30.7237,1294,0,4
1522922669.652557,26.267,1392,0,4
1522928715.614502,10.1729,1294,0,4
1522943101.73024,55.3024,259,1,4
1522964042.781395,3.83702,1412,0,4
1522940280.514455,25.52,1294,0,4
1529554552.640078,1.09015,1412,0,2
1522956021.036685,1.33626,1412,0,4
1522917966.626945,0.311284,1412,0,4
1522940274.240252,19.2458,1294,0,4
1522859388.821379,12.1625,1412,0,1
1522842702.720819,18.9297,1412,0,1
1522647189.701485,7.85471,1294,1,3
1527851039.688274,78.1245,391,1,0
1522922683.228234,39.8427,1392,0,4
1522865358.513275,11.5431,1412,0,1
1522886702.349888,13.5465,1412,0,1
1529564286.01003,0.938193,125,1,2
1522886706.112562,17.3091,1412,0,1
1529644963.135536,0.373632,1412,0,2
1522940314.534397,59.5399,1294,0,4
1522956069.880375,50.1799,1412,0,4
1522888885.483469,2.99175,143,1,1
1522981606.696256,48.8315,1412,0,4
1522940285.879768,30.8853,1294,0,4
1522865359.47453,12.5044,1412,0,1
1522888894.214215,11.7225,125,1,1
1522853101.464307,2.40771,1412,0,1
1529554552.662038,1.11211,1412,0,2
1529478746.790263,0.166655,1412,0,2
1522886711.859723,23.0563,98,1,1
1522956056.543166,36.8427,1412,0,4
1522922669.730465,26.3449,1392,0,4
1522918733.906813,33.5448,1412,0,4
1522842692.551586,8.76051,1412,0,1
1522918016.06366,49.748,1412,0,4
1522954013.957736,22.5302,1412,0,4
1522768766.552759,15.7214,103,0,1
1522922652.571773,9.18622,910,0,4
1522861277.890881,9.182,1412,0,1
1522940285.812819,30.8184,74,1,4
1522928709.417416,3.9758,1294,0,4
1529541635.753479,0.235769,1412,0,2
1522943082.822116,36.3942,1412,0,4
1522763863.404733,18.3813,1412,1,1
1522918700.928505,0.566491,1412,0,4
1522940303.709944,48.7155,1294,0,4
1522922683.099244,39.7137,1392,0,4
1529554552.660345,1.11042,1412,0,2
1522886701.419828,12.6164,1412,0,1
1522964083.394711,44.4503,1412,0,4
1522861277.278189,8.5693,1412,0,1
1529554551.783498,0.23357,1412,0,2
1522886699.566418,10.763,1412,0,1
1529515407.901868,0.4211,1412,0,2
1522943046.848063,0.420174,1412,0,4
1522940275.208003,20.2135,1294,0,4
1522918752.855832,52.4938,1412,0,4
1522842693.311036,9.51996,153,1,1
1529554552.372726,0.822798,468,0,2
1522928729.363044,23.9214,74,1,4
1522768772.486635,21.6553,1412,1,1
1522768772.935213,22.1039,94,0,1
1522956056.404585,36.7042,1412,0,4
1529515407.822498,0.34173,1412,0,2
1522918009.814882,43.4992,1412,0,4
1529634881.319965,0.911002,1412,0,2
1529478747.183218,0.55961,1412,0,2
1522922677.845828,34.4603,1392,0,4
1522922669.596076,26.2105,105,1,4
1522868693.810275,8.85243,1412,0,1
1522940314.604856,59.6104,74,1,4
1522954026.640658,35.2131,1412,0,4
1522727179.913304,6.67787,1294,0,3
1527987773.575722,53.1712,101,1,0
1522842707.266775,23.4757,104,1,1
1522763860.740108,15.7166,103,0,1
1529645507.751561,1.55909,1412,0,2
1522859388.569925,11.9111,1412,0,1
1522981606.133958,48.2692,1412,0,4
1529564285.819918,0.748081,1412,0,2
1522918739.257054,38.895,1412,0,4
1527745324.482586,99.4055,264,1,0
1522918748.517577,48.1556,1412,0,4
1522768775.462981,24.6316,103,0,1
1522886708.982849,20.1794,1412,0,1
1529478747.134654,0.511046,1412,0,2
1522922696.710339,53.3248,1392,0,4
1522768771.896121,21.0648,1412,1,1
1522768775.714796,24.8835,1412,1,1
1522888894.258824,11.7671,1412,0,1
1529564287.916244,2.84441,1412,0,2
1527987815.792034,95.3875,92,0,0
1522956025.983287,6.28286,1412,0,4
1522888894.146743,11.655,1412,0,1
1522853101.64354,2.58694,1412,0,1
1522918748.542283,48.1803,116,1,4
1522868694.456773,9.49893,1412,0,1
1527760523.545833,10.3075,98,1,0
1522842693.237283,9.4462,173,1,1
1522842709.483769,25.6927,1412,0,1
1522954003.132449,11.7049,1412,0,4
1522853102.069982,3.01339,1412,0,1
1522953993.251254,1.82372,1412,0,4
1522917994.321044,28.0054,1412,0,4
1522918753.091682,52.7297,1412,0,4
1522768768.553011,17.7217,1412,1,1
1522861277.207305,8.49842,1412,0,1
1522940263.750518,8.75606,1294,0,4
1522928759.083918,53.6423,1294,0,4
1522865358.782635,11.8125,1412,0,1
1528085236.463281,72.6926,92,0,0
1522943096.197333,49.7694,1412,0,4
1522954026.714149,35.2866,1412,0,4
1522918733.899426,33.5374,1412,0,4
1522954003.192503,11.765,1412,0,4
1522918024.565368,58.2497,1412,0,4
1522928758.589791,53.1482,74,1,4
1527745293.456497,68.3794,234,0,0
1529634881.144628,0.735665,1412,0,2
1529645507.121799,0.92933,125,1,2
1522922644.476052,1.0905,1392,0,4
1522868694.36068,9.40284,1412,0,1
1522865359.390176,12.42,1412,0,1
1522859388.777049,12.1182,1412,0,1
1522842706.896745,23.1057,1412,0,1
1522853101.259132,2.20254,1412,0,1
1522922669.633455,26.2479,1392,0,4
1522768763.83349,13.0022,1412,1,1
1522842703.213212,19.4221,1412,0,1
1529634880.966388,0.557425,1412,0,2
1522768768.348595,17.5173,1412,1,1
1528083085.507789,28.4326,92,0,0
1522940261.566075,6.57161,1294,0,4
1529478747.596244,0.972636,1412,0,2
1522928709.568036,4.12642,102,1,4
1522859387.678105,11.0193,1412,0,1
1527987727.533431,7.12887,1412,0,0
1522953993.995294,2.56776,1412,0,4
1522940294.387809,39.3933,1294,0,4
1528083077.181248,20.1061,101,1,0
1522861278.382847,9.67396,1412,0,1
1522861277.088274,8.37939,1412,0,1
1522943047.022063,0.594174,1412,0,4
1522768772.90614,22.0748,1412,1,1
1522868693.924273,8.96643,1412,0,1
1522918700.952669,0.590655,138,1,4
1527760545.382224,32.1439,87,0,0
1522888894.010774,11.5191,1412,0,1
1522868684.958094,0.000248909,442,1,1
1522842697.4444,13.6533,1412,0,1
1527791995.134014,73.6621,103,1,0
1522940294.372109,39.3776,1294,0,4
1522865358.249112,11.279,1412,0,1
1529541636.199801,0.682091,125,1,2
1522917994.325975,28.0103,1412,0,4
1529554552.529676,0.979748,1412,0,2
1522940285.790179,30.7957,1294,0,4
1529478747.022457,0.398849,126,1,2
1522853104.367113,5.31052,1412,0,1
1522865358.033647,11.0635,1412,0,1
1522888894.14166,11.6499,1412,0,1
1529634881.967363,1.5584,1412,0,2
1529644962.965266,0.203362,1412,0,2
1522635948.556955,7.49269,1294,0,3
1529645507.446002,1.25353,1412,0,2
1522956077.077028,57.3766,1412,0,4
1527993542.703065,47.0502,148,0,0
1522956021.017564,1.31713,1412,0,4
1522964051.522089,12.5777,1412,0,4
1522940313.30527,58.3108,1294,0,4
1522763856.145311,11.1218,98,0,1
1527924662.629504,12.0948,1412,1,0
1522928753.057096,47.6155,86,1,4
1527851071.611923,110.048,92,0,0
1522647182.259597,0.41282,1294,1,3
1522859376.704262,0.0454311,1412,0,1
1522768763.939236,13.1079,1412,1,1
1529554552.688438,1.13851,1412,0,2
1522928722.949395,17.5078,1294,0,4
1522940274.235784,19.2413,1294,0,4
1522917979.334184,13.0185,126,1,4
1529554551.758417,0.208489,1412,0,2
1522763855.27568,10.2522,104,0,1
1522842696.470098,12.679,1412,0,1
1529515408.574041,1.09327,1412,0,2
1522918024.559385,58.2437,1412,0,4
1522868693.989983,9.03214,1412,0,1
1527924651.04136,0.506704,1412,0,0
1522842703.005182,19.2141,1412,0,1
1522956020.487534,0.787104,1412,0,4
1522886709.618612,20.8152,101,1,1
1529564287.947365,2.87553,1412,0,2
1522928759.212799,53.7712,1294,0,4
1522956025.995206,6.29478,125,1,4
1527993508.969024,13.3162,315,0,0
1522956046.952202,27.2518,1412,0,4
1522842704.325569,20.5345,104,1,1
1522853104.334795,5.2782,1412,0,1
1522853103.382321,4.32573,1412,0,1
1522886713.440826,24.6374,101,1,1
1522886703.474266,14.6708,101,1,1
1522868694.499705,9.54186,1412,0,1
1522853100.429834,1.37324,1412,0,1
1522886702.083417,13.28,1412,0,1
1522940303.373131,48.3787,1294,0,4
1522956056.40743,36.707,1412,0,4
1522940256.004893,1.01043,1294,0,4
1529515407.875572,0.394804,1412,0,2
1522865358.679678,11.7095,125,1,1
1522888894.970081,12.4784,1412,0,1
1529478747.504968,0.88136,1412,0,2
1527741806.25674,88.3543,87,0,0
1522768767.328539,16.4972,1412,1,1
1522922652.572932,9.18738,1392,0,4
1522928717.71292,12.2713,1294,0,4
1522928729.189829,23.7482,1294,0,4
1529513492.120818,1.25274,1392,0,2
1529541636.456855,0.939145,1412,0,2
1522964076.012846,37.0685,930,0,4
1522918708.645639,8.28362,1412,0,4
1522922683.065714,39.6802,1392,0,4
1527993540.344449,44.6916,337,0,0
1522922692.320212,48.9347,1392,0,4
1522768766.23287,15.4015,1412,1,1
1522953994.693772,3.26624,1412,0,4
1522940261.490072,6.49561,1294,0,4
1522922655.820612,12.4351,1392,0,4
1529478747.55475,0.931142,1412,0,2
1522940285.726342,30.7319,1294,0,4
1522964051.43616,12.4918,128,1,4
1522768769.294327,18.463,1412,1,1
1522928738.96557,33.524,1294,0,4
1522859388.826607,12.1678,1412,0,1
1522964082.986698,44.0423,1412,0,4
1529626612.821148,0.833817,1412,0,2
1522768770.684794,19.8535,1412,1,1
1522928706.094207,0.65259,1294,0,4
1522943062.964391,16.5365,1412,0,4
1522861277.675283,8.9664,1412,0,1
1527993556.276104,60.6232,226,0,0
1522859387.859192,11.2004,1412,0,1
1529513491.337982,0.469906,1392,0,2
1522768773.344735,22.5134,1412,1,1
1522940261.659064,6.6646,1294,0,4
1522865358.788198,11.818,1412,0,1
1522853100.086202,1.02961,1412,0,1
1527993531.99823,36.3454,298,0,0
1522842700.435324,16.6442,1412,0,1
1522922696.716007,53.3305,1392,0,4
1522865358.44099,11.4708,1412,0,1
1522954035.184915,43.7574,1412,0,4
1522940314.277397,59.2829,1294,0,4
1522943088.633441,42.2056,126,1,4
1522917999.545709,33.23,125,1,4
1529513491.067054,0.198978,1392,0,2
1522842701.174407,17.3833,104,1,1
1522888894.476577,11.9849,1412,0,1
1522853099.532749,0.476154,1412,0,1
1522853105.161711,6.10512,122,1,1
1522861278.188792,9.47991,1412,0,1
1527791966.871791,45.3999,262,1,0
1529644964.310845,1.54894,1412,0,2
1522861278.407472,9.69859,1412,0,1
1522853104.250612,5.19402,116,1,1
1522763859.960625,14.9371,101,0,1
1522922644.455244,1.06969,87,1,4
1529634881.756226,1.34726,1412,0,2
1528085256.009801,92.2392,259,1,0
1522888894.016739,11.525,1412,0,1
1522768763.904691,13.0734,97,0,1
1527850970.897002,9.33323,100,1,0
1529645507.148619,0.95615,1412,0,2
1529626612.889309,0.901978,1412,0,2
1529513492.093414,1.22534,1392,0,2
1528085178.063775,14.2931,101,1,0
1522886697.703183,8.89975,1412,0,1
1522763860.539036,15.5156,1412,1,1
1522940302.531566,47.5371,74,1,4
1529644963.537343,0.775439,1412,0,2
1522922696.695583,53.31,1392,0,4
1522964063.794529,24.8502,1412,0,4
1529541636.592618,1.07491,1412,0,2
1522940302.810171,47.8157,74,1,4
1522940280.485458,25.491,1294,0,4
1522763853.547496,8.52401,1412,1,1
1522956025.965325,6.2649,1412,0,4
1529554551.917689,0.367761,939,0,2
1529644964.167623,1.40572,1412,0,2
1522842704.381451,20.5904,1412,0,1
1522943082.830255,36.4024,126,1,4
1522888894.544456,12.0527,1412,0,1
1522842696.115767,12.3247,1412,0,1
1522928715.499485,10.0579,1294,0,4
1527993507.259855,11.607,1412,1,0
1522918739.194712,38.8327,1412,0,4
1522918009.784109,43.4684,1412,0,4
1522953999.088746,7.66122,1412,0,4
1529554552.388713,0.838785,1412,0,2
1522853105.25128,6.19468,1412,0,1
1529513491.633718,0.765642,1392,0,2
1522922669.673781,26.2882,1392,0,4
1522943088.463241,42.0354,1412,0,4
1522922696.577551,53.192,1392,0,4
1522861277.698242,8.98936,1412,0,1
1529645507.951695,1.75923,1412,0,2
1522842707.649103,23.858,1412,0,1
1522928731.58137,26.1398,1294,0,4
1522922645.277208,1.89166,106,1,4
1522865359.083203,12.113,1412,0,1
1529644964.114726,1.35282,1412,0,2
1522865358.484323,11.5142,1412,0,1
1522865359.311202,12.341,1412,0,1
1522861278.065657,9.35677,1412,0,1
1522861277.92656,9.21767,1412,0,1
1529541636.17386,0.65615,1412,0,2
1522964076.378793,37.4344,1412,0,4
1522768775.680854,24.8495,103,0,1
1529554552.16493,0.615002,1412,0,2
1522956031.440491,11.7401,1412,0,4
1522853102.395005,3.33841,1412,0,1
1522954035.087932,43.6604,1412,0,4
1522886706.550404,17.747,1412,0,1
1522940304.271796,49.2773,1294,0,4
1522928744.293675,38.8521,1294,0,4
1529541636.04643,0.52872,1412,0,2
1522647182.298472,0.451695,1294,1,3
1522918720.271899,19.9099,1412,0,4
1522888894.809046,12.3173,1412,0,1
1522943052.327517,5.89963,1412,0,4
1522940255.769832,0.775369,74,1,4
1522943088.657636,42.2297,1412,0,4
1522763866.401121,21.3776,1412,1,1
1522763865.542573,20.5191,1412,1,1
1529541636.564968,1.04726,1412,0,2
1522964051.52357,12.5792,930,0,4
1527741721.282491,3.38001,101,1,0
1522943057.560886,11.133,1412,0,4
1522981558.779592,0.914789,1412,0,4
1522964051.417316,12.4729,1412,0,4
1522842699.29204,15.501,1412,0,1
1529478747.331903,0.708295,1412,0,2
1522928747.939958,42.4983,1294,0,4
1522956070.380414,50.68,1412,0,4
1522918700.901019,0.539005,905,0,4
1522763858.459191,13.4357,1412,1,1
1529515408.057507,0.576739,1412,0,2
1527993532.005134,36.3523,316,0,0
1522888894.918218,12.4265,1412,0,1
1522861278.143251,9.43437,1412,0,1
1522763861.244755,16.2213,98,0,1
1527987771.448575,51.044,148,0,0
1529513491.807538,0.939462,1392,0,2
1529554552.935232,1.3853,125,1,2
1522853101.480007,2.42341,1412,0,1
1522954035.085628,43.6581,1412,0,4
1522943046.961187,0.533298,125,1,4
1529554552.450206,0.900278,1412,0,2
1527760562.72409,49.4858,92,0,0
1529645506.581804,0.389335,1412,0,2
1522943101.464619,55.0367,1412,0,4
1529626612.712863,0.725532,1412,0,2
1522768763.873783,13.0424,100,0,1
1529564285.778978,0.707141,1412,0,2
1522888893.991745,11.5,1412,0,1
1522918719.171089,18.8091,1412,0,4
1522861277.862799,9.15391,1412,0,1
1522964082.838956,43.8946,1412,0,4
1522940313.741616,58.7472,74,1,4
1522886698.146088,9.34265,1412,0,1
1527745275.961137,50.884,101,1,0
1522940294.369946,39.3755,1294,0,4
1527741782.739267,64.8368,87,0,0
1522940303.12974,48.1353,1294,0,4
1522853102.420009,3.36341,1412,0,1
1522940302.510181,47.5157,74,1,4
1522940270.1383,15.1438,1294,0,4
1522928723.13268,17.6911,1294,0,4
1529541636.176084,0.658374,1412,0,2
1522928758.778035,53.3364,1294,0,4
1529515407.889229,0.408461,1412,0,2
1522981563.859754,5.99495,1412,0,4
1522868693.687994,8.73015,1412,0,1
1522954034.583398,43.1559,1412,0,4
1527924671.804142,21.2695,265,0,0
1529564288.0043,2.93246,1412,0,2
1522956068.427138,48.7267,1412,0,4
1522918739.137166,38.7752,1412,0,4
1522922655.933747,12.5482,1392,0,4
1529554551.891368,0.34144,1412,0,2
1522956077.794855,58.0944,107,1,4
1529634881.343378,0.934415,1412,0,2
1522964063.999826,25.0555,1412,0,4
1522886702.015709,13.2123,1412,0,1
1529515408.7658,1.28503,1412,0,2
1529513492.140861,1.27278,920,0,2
1529554551.672868,0.12294,1412,0,2
1522888894.242324,11.7506,125,1,1
1522865358.175476,11.2053,1412,0,1
1528085178.480837,14.7102,281,0,0
1522647182.178358,0.331581,252,1,3
1529554552.801543,1.25162,1412,0,2
1527791930.525573,9.05363,103,1,0
1522956065.933171,46.2327,148,1,4
1522888894.626436,12.1347,1412,0,1
1527792010.410002,88.9381,87,0,0
1522886705.884272,17.0808,1412,0,1
1522868693.899585,8.94174,1412,0,1
1522964095.510573,56.5662,1412,0,4
1522768773.315969,22.4846,1412,1,1
1529634881.760585,1.35162,113,1,2
1522853099.551988,0.495393,1412,0,1
1522918720.180468,19.8185,126,1,4
1522888894.360002,11.8683,1412,0,1
1529513491.935959,1.06788,1392,0,2
1522868693.946512,8.98867,1412,0,1
1522922655.902901,12.5173,1392,0,4
1529513491.410245,0.542169,1392,0,2
1522918009.820932,43.5053,1412,0,4
1522943088.613694,42.1858,1412,0,4
1528085264.222243,100.452,233,0,0
1529634881.342506,0.933543,1412,0,2
1522943100.812142,54.3843,1412,0,4
1522886698.762289,9.95886,1412,0,1
1522956021.049945,1.34952,126,1,4
1529554551.76299,0.213062,1412,0,2
1522928753.472566,48.0309,1294,0,4
1522918720.140943,19.7789,1412,0,4
1522928715.592044,10.1504,1294,0,4
1522928744.294346,38.8527,1294,0,4
1522842695.934937,12.1439,1412,0,1
1522943101.374173,54.9463,814,0,4
1522954013.990834,22.5633,1412,0,4
1522861277.491927,8.78304,1412,0,1
1522763853.144294,8.12081,1412,1,1
1529515408.367471,0.886703,1412,0,2
1522943100.88845,54.4606,1412,0,4
1522943078.578155,32.1503,126,1,4
1522928715.626559,10.1849,1294,0,4
1527851050.55789,88.9941,148,0,0
1522888894.38495,11.8932,1412,0,1
1522842701.541843,17.7508,1412,0,1
1522861278.315407,9.60652,1412,0,1
1529478747.300081,0.676473,125,1,2
1522635941.943775,0.879512,112,0,3
1522842691.127005,7.33593,1412,0,1
1522964043.023347,4.07898,1412,0,4
1527987770.638264,50.2337,87,0,0
1522739785.185431,0.012784,74,0,3
1522886711.088491,22.2851,1412,0,1
1522763866.938147,21.9147,1412,1,1
1529554552.522484,0.972556,1412,0,2
1522842701.597676,17.8066,1412,0,1
1522635941.678789,0.614526,1294,0,3
1522842703.630493,19.8394,1412,0,1
1522940256.127068,1.13261,1294,0,4
1527745266.07693,40.9998,91,0,0
1529478747.801442,1.17783,1412,0,2
1522964040.613282,1.66891,1412,0,4
1529541636.460309,0.942599,1412,0,2
1522861278.25953,9.55065,1412,0,1
1522922669.644055,26.2585,119,1,4
1522964051.396883,12.4525,1412,0,4
1522981563.916115,6.05131,1412,0,4
1522763856.036795,11.0133,90,0,1
1522943088.519947,42.0921,1412,0,4
1522956021.066572,1.36614,1412,0,4
1522940294.373435,39.379,1294,0,4
1522859388.303307,11.6445,1412,0,1
1522940313.014336,58.0199,74,1,4
1522940261.63903,6.64457,1294,0,4
1522918739.195999,38.834,1412,0,4
1522943082.737117,36.3092,1412,0,4
1522859388.244647,11.5858,1412,0,1
1527745266.078308,41.0012,320,0,0
1522964039.305253,0.360882,107,1,4
1522922652.570333,9.18478,1392,0,4
1522981568.25231,10.3875,1412,0,4
1527924752.851481,102.317,148,0,0
1522964083.276786,44.3324,283,1,4
1529644964.117765,1.35586,125,1,2
1529626612.173968,0.186637,1412,0,2
1522928731.602348,26.1607,1294,0,4
1522853104.402585,5.34599,110,1,1
1522964051.283661,12.3393,125,1,4
1522888894.61289,12.1212,1412,0,1
1522865359.129453,12.1593,1412,0,1
1522981572.275499,14.4107,1412,0,4
1529541636.384006,0.866296,1412,0,2
1529554552.666117,1.11619,1412,0,2
1522956031.43293,11.7325,1412,0,4
1529626612.420228,0.432897,1412,0,2
1527741785.423134,67.5207,101,1,0
1522956070.177611,50.4772,1412,0,4
1527924730.048058,79.5134,101,1,0
1522768774.897737,24.0664,100,0,1
1522928747.702282,42.2607,94,1,4
1522842695.824519,12.0334,1412,0,1
1522928729.229361,23.7877,1294,0,4
1527993575.923073,80.2702,109,0,0
1522943046.544185,0.116296,1412,0,4
1522853104.916425,5.85983,1412,0,1
1529564285.667393,0.595556,1412,0,2
1529515407.908235,0.427467,1412,0,2
1529478747.80119,1.17758,1412,0,2
1522943057.587087,11.1592,1412,0,4
1522928723.134044,17.6924,1294,0,4
1522868694.537348,9.5795,1412,0,1
1522981563.826069,5.96127,1412,0,4
1529564285.832611,0.760774,126,1,2
1522981563.860893,5.99609,1412,0,4
1529554552.948824,1.3989,1412,0,2
1522922669.669987,26.2844,1392,0,4
1522853103.159955,4.10336,1412,0,1
1529644963.463205,0.701301,1412,0,2
1522964051.407706,12.4633,126,1,4
1522763861.898084,16.8746,95,0,1
1522940314.072596,59.0781,1294,0,4
1529478747.619469,0.995861,1412,0,2
1522940314.158934,59.1645,1294,0,4
1522918720.255854,19.8938,1412,0,4
1529564287.685089,2.61325,1412,0,2
1522940294.260632,39.2662,74,1,4
1522964042.793397,3.84903,1412,0,4
1522918720.335127,19.9731,1412,0,4
1522868694.652651,9.69481,1412,0,1
1522768775.796642,24.9653,1412,1,1
1529564287.113934,2.0421,1412,0,2
1522842691.532726,7.74165,1412,0,1
1522964084.079357,45.135,1412,0,4
1522918753.016437,52.6544,1412,0,4
1522868693.407014,8.44917,1412,0,1
1522964040.804289,1.85992,1412,0,4
1522940288.96908,33.9746,1294,0,4
1522886710.016367,21.2129,1412,0,1
1522918739.280227,38.9182,1412,0,4
1522886707.755909,18.9525,1412,0,1
1529478747.437498,0.81389,1412,0,2
1522981572.07928,14.2145,1412,0,4
1522842690.831856,7.04078,107,1,1
1522888894.578537,12.0868,1412,0,1
1522888893.892013,11.4003,100,1,1
1522865358.027898,11.0577,1412,0,1
1522842696.861378,13.0703,1412,0,1
1529564287.642364,2.57053,1412,0,2
1522886709.211583,20.4081,101,1,1
1522886707.571464,18.768,1412,0,1
1522868694.245093,9.28725,1412,0,1
1522768762.974691,12.1434,1412,1,1
1522859387.978748,11.3199,1412,0,1
1522859388.244479,11.5856,1412,0,1
1522922669.675378,26.2898,1392,0,4
1522842701.823015,18.0319,1412,0,1
1522943088.457702,42.0298,1412,0,4
1522943052.383601,5.95571,1412,0,4
1522888894.200689,11.709,1412,0,1
1522964042.849388,3.90502,1412,0,4
1522943073.273541,26.8457,1412,0,4
1522868693.94993,8.99208,116,1,1
1522861277.377482,8.6686,1412,0,1
1522886705.973323,17.1699,101,1,1
1522940313.334943,58.3405,1294,0,4
1522868694.242391,9.28455,1412,0,1
1522956025.986227,6.2858,1412,0,4
1522888894.007701,11.516,1412,0,1
1529634881.395182,0.986219,1412,0,2
1529554552.623131,1.0732,1412,0,2
1522940313.367702,58.3732,1294,0,4
1522842686.605985,2.81491,118,1,1
1522954045.279591,53.8521,1412,0,4
1522861278.144183,9.4353,1412,0,1
1522928709.619114,4.1775,86,1,4
1522917968.293204,1.97754,1412,0,4
1522859388.710657,12.0518,1412,0,1
1529478747.188159,0.564551,1412,0,2
1522886709.194972,20.3915,1412,0,1
1522940303.63399,48.6395,1294,0,4
1529554552.858441,1.30851,1412,0,2
1522888895.028549,12.5368,1412,0,1
1529634880.81215,0.403187,1412,0,2
1522943063.082603,16.6547,125,1,4
1522928748.65332,43.2117,1294,0,4
1522922683.22721,39.8417,1392,0,4
1522888895.007617,12.5159,125,1,1
1522859387.931458,11.2726,1412,0,1
1522859388.241576,11.5827,1412,0,1
1527745334.206758,109.13,104,1,0
1528083140.355618,83.2804,104,1,0
1522865358.265117,11.295,1412,0,1
1529626612.638388,0.651057,125,1,2
1522928729.348909,23.9073,1294,0,4
1529478747.18574,0.562132,1412,0,2
1522981568.238787,10.374,1412,0,4
1522956065.041703,45.3413,1412,0,4
1522922669.786714,26.4012,1392,0,4
1529478747.104745,0.481137,1412,0,2
1522940256.029047,1.03458,1294,0,4
1522886705.852393,17.049,101,1,1
1522763853.83124,8.80776,95,0,1
1522842696.709451,12.9184,1412,0,1
1522940288.958814,33.9644,1294,0,4
1529634881.082114,0.673151,1412,0,2
1527851021.549721,59.9859,148,0,0
1529513491.168935,0.300859,1392,0,2
1522918702.377597,2.01558,1412,0,4
1522956056.41704,36.7166,1412,0,4
1522940313.807983,58.8135,1294,0,4
1522886712.828778,24.0253,101,1,1
1522956065.937169,46.2367,148,1,4
1522964042.777415,3.83304,1412,0,4
1522886698.44489,9.64146,1412,0,1
1522954003.498839,12.0713,1412,0,4
1522888893.847787,11.3561,100,1,1
1527987774.058975,53.6544,396,1,0
1522647182.28841,0.441633,74,0,3
1522954045.287219,53.8597,1412,0,4
1522918708.640258,8.27824,1412,0,4
1522940255.580699,0.586236,74,1,4
1522940303.177182,48.1827,1294,0,4
1522940270.147856,15.1534,1294,0,4
1522964095.11338,56.169,1412,0,4
1522868694.7467,9.78886,1412,0,1
1522853105.300734,6.24414,1412,0,1
1522981558.769319,0.904516,1412,0,4
1529626613.022978,1.03565,1412,0,2
1529515408.357924,0.877156,1412,0,2
1522861277.657373,8.94849,487,0,1
1522859388.619093,11.9603,117,1,1
1522861277.276069,8.56718,1412,0,1
1522940312.977321,57.9829,74,1,4
1529626612.519467,0.532136,1412,0,2
1522763856.58714,11.5637,104,0,1
1529564286.635269,1.56343,1412,0,2
1522940285.719147,30.7247,1294,0,4
1522917969.381448,3.06579,1412,0,4
1527791964.952524,43.4806,100,1,0
1529515408.19936,0.718592,1412,0,2
1522888894.225181,11.7335,1412,0,1
1522865358.317156,11.347,125,1,1
1522768774.441921,23.6106,1412,1,1
1522964070.302059,31.3577,1412,0,4
1527924750.436596,99.9019,101,1,0
1522865359.382977,12.4128,1412,0,1
1522917979.303659,12.988,1412,0,4
1522868694.825778,9.86793,1412,0,1
1522842696.445843,12.6548,1412,0,1
1522763858.739087,13.7156,1412,1,1
1529515408.52994,1.04917,1412,0,2
1522868694.869378,9.91153,1412,0,1
1522964040.610276,1.6659,1412,0,4
1528085164.957379,1.18675,1412,0,0
1529644964.037088,1.27518,1412,0,2
1522768774.362574,23.5312,1412,1,1
1522928731.468362,26.0267,74,1,4
1522953995.177349,3.74982,1412,0,4
1529644962.930136,0.168232,1412,0,2
1522928738.972209,33.5306,74,1,4
1522842706.411434,22.6204,1412,0,1
1522861278.210472,9.50159,125,1,1
1522865359.003043,12.0329,1412,0,1
1522964042.868951,3.92458,1412,0,4
1522953998.764818,7.33729,1412,0,4
1522763860.578595,15.5551,1412,1,1
1522853103.298428,4.24183,1412,0,1
1522928753.076012,47.6344,1294,0,4
1522853102.180479,3.12388,1412,0,1
1522853103.207562,4.15097,110,1,1
1522956028.194481,8.49405,1412,0,4
1522886703.675679,14.8722,1412,0,1
1522956069.432632,49.7322,1412,0,4
1522943063.135065,16.7072,1412,0,4
1522886708.184939,19.3815,1412,0,1
1522943107.264783,60.8369,1412,0,4
1522868694.613265,9.65542,1412,0,1
1522956056.490884,36.7905,1412,0,4
1527924708.795886,58.2612,87,0,0
1529541635.854296,0.336586,1412,0,2
1522859388.168465,11.5096,1412,0,1
1522868694.745536,9.78769,1412,0,1
1522886707.44848,18.645,101,1,1
1522842698.410054,14.619,1412,0,1
1522940302.525039,47.5306,1294,0,4
1527791942.392126,20.9202,549,1,0
1522940255.566866,0.572403,1294,0,4
1522953998.653047,7.22552,1412,0,4
1522981558.230991,0.366188,1412,0,4
1522917994.309604,27.9939,125,1,4
1522940269.960615,14.9662,74,1,4
1522768765.628577,14.7972,1412,1,1
1522888894.597176,12.1055,1412,0,1
1522953992.641203,1.21367,1412,0,4
1527745277.546348,52.4692,91,0,0
1529515408.234066,0.753298,1412,0,2
1522928748.470361,43.0287,74,1,4
1522922646.505139,3.11959,1392,0,4
1529541636.231755,0.714045,1412,0,2
1522943088.496388,42.0685,125,1,4
1522763855.672768,10.6493,98,0,1
1527760566.721582,53.4833,148,0,0
1529644963.173073,0.411169,1412,0,2
1522943078.549395,32.1215,1412,0,4
1522964075.811003,36.8666,1412,0,4
1522842693.610621,9.81954,1412,0,1
1522943052.324381,5.89649,1412,0,4
1528083126.415771,69.3406,423,0,0
1522964082.795677,43.8513,1412,0,4
1522888893.954843,11.4631,1412,0,1
1527741768.192144,50.2897,259,0,0
1522954026.659832,35.2323,1412,0,4
1522922696.720931,53.3354,106,1,4
1529541636.67281,1.1551,1412,0,2
1522922655.934657,12.5491,1392,0,4
1522716072.538089,0.0128109,74,0,3
1529645506.750255,0.557786,1412,0,2
1527850967.828659,6.26489,112,1,0
1522943073.358385,26.9305,1412,0,4
1529554552.689364,1.13944,1412,0,2
1522956020.959564,1.25913,1412,0,4
1527851031.098505,69.5347,126,0,0
1522940302.748199,47.7537,74,1,4
1522940314.723122,59.7287,1294,0,4
1522861277.098333,8.38945,1412,0,1
1522956020.950455,1.25003,125,1,4
1529541636.216006,0.698296,1412,0,2
1522943106.921474,60.4936,1412,0,4
1522888894.01642,11.5247,1412,0,1
1522886712.91637,24.1129,1412,0,1
1527924651.0791,0.544444,1412,0,0
1522943088.618142,42.1903,1412,0,4
1522865358.05459,11.0844,1412,0,1
1529513491.796342,0.928266,1392,0,2
1522956065.504569,45.8041,1412,0,4
1522954044.783924,53.3564,1412,0,4
1529478747.259186,0.635578,1412,0,2
1529564287.075096,2.00326,1412,0,2
1522943078.469953,32.0421,126,1,4
1522928758.651834,53.2102,1294,0,4
1522922645.364078,1.97853,1392,0,4
1529564286.133998,1.06216,1412,0,2
1522943062.984105,16.5562,1412,0,4
1529515408.083389,0.602621,1412,0,2
1522956020.984571,1.28414,1412,0,4
1529541636.190429,0.672719,1412,0,2
1529645506.961336,0.768867,1412,0,2
1522981572.157,14.2922,1412,0,4
1522964075.750289,36.8059,1412,0,4
1527791949.411523,27.9396,147,0,0
1522859388.444997,11.7862,1412,0,1
1522954035.169191,43.7417,1412,0,4
1522918739.229926,38.8679,1412,0,4
1522865358.868516,11.8984,1412,0,1
1527993522.826315,27.1734,310,1,0
1529515407.68931,0.208542,1412,0,2
1522861278.157987,9.4491,1412,0,1
1522964039.291045,0.346674,1412,0,4
1522859387.962921,11.3041,1412,0,1
1522865358.906572,11.9364,1412,0,1
1529513491.061087,0.193011,1392,0,2
1522853103.376961,4.32037,1412,0,1
1522928731.695279,26.2537,1294,0,4
1522928753.573228,48.1316,1294,0,4
1522861278.188857,9.47997,125,1,1
1522763858.947375,13.9239,1412,1,1
1522956026.05385,6.35342,1412,0,4
1522918753.145329,52.7833,1412,0,4
1522928747.568272,42.1267,102,1,4
1522763855.361904,10.3384,1412,1,1
1522940294.218237,39.2238,1294,0,4
1522868694.60776,9.64991,1412,0,1
1522853103.600539,4.54394,98,1,1
1522953993.258237,1.83071,1412,0,4
1522861277.109177,8.40029,1412,0,1
1522928748.017843,42.5762,74,1,4
1529564286.797714,1.72588,1412,0,2
1522943052.402464,5.97457,119,1,4
1522956031.541159,11.8407,1412,0,4
1522940255.567073,0.57261,1294,0,4
1527741809.891122,91.9886,180,0,0
1522763860.934503,15.911,1412,1,1
1522928752.98607,47.5445,1294,0,4
1529515407.863691,0.382923,1412,0,2
1522888894.282213,11.7905,1412,0,1
1522940285.897247,30.9028,74,1,4
1522842707.339872,23.5488,104,1,1
1522940275.274527,20.2801,1294,0,4
1522918720.309636,19.9476,1412,0,4
1522886708.357499,19.5541,1412,0,1
1522853104.383379,5.32678,1412,0,1
1529564287.992235,2.9204,1412,0,2
1522956031.515621,11.8152,1412,0,4
1522868693.502824,8.54498,1412,0,1
1522964095.202707,56.2583,1412,0,4
1522853105.007674,5.95108,1412,0,1
1522763859.46714,14.4437,1412,1,1
1522768766.848992,16.0177,1412,1,1
1522853101.387384,2.33079,113,1,1
1522981572.165284,14.3005,126,1,4
1522956038.914101,19.2137,1412,0,4
1522868694.696138,9.73829,1412,0,1
1522922696.707571,53.322,1392,0,4
1522956065.054819,45.3544,1412,0,4
1527851011.530833,49.9671,92,0,0
1522928723.123291,17.6817,1294,0,4
1522868693.78165,8.82381,1412,0,1
1529564286.043297,0.97146,126,1,2
1522928715.576468,10.1349,74,1,4
1522940270.047314,15.0529,74,1,4
1522953994.705511,3.27798,125,1,4
1527745311.604599,86.5275,1412,1,0
1529644964.290211,1.52831,1412,0,2
1522918739.203452,38.8414,125,1,4
1522886705.249607,16.4462,1412,0,1
1527993504.973922,9.32105,1412,1,0
1522964070.166799,31.2224,1412,0,4
1522842693.371104,9.58002,1412,0,1
1522943106.350721,59.9228,1412,0,4
1522859387.694722,11.0359,1412,0,1
1522964063.954148,25.0098,1412,0,4
1522763853.171737,8.14825,106,0,1
1522956038.66186,18.9614,1412,0,4
1522763861.583387,16.5599,1412,1,1
1529644962.859464,0.0975599,1412,0,2
1529554552.955599,1.40567,1412,0,2
1529541636.046145,0.528435,1412,0,2
1522940275.260316,20.2659,74,1,4
1522928706.020595,0.578978,1294,0,4
1522940294.258882,39.2644,1294,0,4
1522868693.722903,8.76506,1412,0,1
1522888894.237446,11.7457,1412,0,1
1522859387.884578,11.2257,1412,0,1
1527791925.233449,3.76151,87,0,0
1522768767.847784,17.0164,100,0,1
1522768765.812895,14.9816,1412,1,1
1522918720.138452,19.7764,1412,0,4
1522928739.055205,33.6136,1294,0,4
1522964042.870607,3.92624,126,1,4
1529644963.117228,0.355324,930,0,2
1522956077.855849,58.1554,110,1,4
1522922643.929988,0.544435,1392,0,4
1522922655.817009,12.4315,1392,0,4
1522859388.495245,11.8364,1412,0,1
1522943101.380173,54.9523,1412,0,4
1522928723.023051,17.5814,74,1,4
1527741724.71977,6.81729,1412,0,0
1527741805.233825,87.3313,148,0,0
1522964058.698317,19.7539,1412,0,4
1522954045.30623,53.8787,1412,0,4
1527993583.401917,87.749,148,0,0
1522853101.648498,2.5919,1412,0,1
1522922662.10503,18.7195,1392,0,4
1522859388.817525,12.1587,1412,0,1
1522943078.509863,32.082,1412,0,4
1522768763.906805,13.0755,1412,1,1
1529645507.784085,1.59162,1412,0,2
1522922696.671678,53.2861,1392,0,4
1522868694.197257,9.23941,1412,0,1
1522868693.897175,8.93933,1412,0,1
1522768770.919204,20.0879,1412,1,1
1522763856.520882,11.4974,1412,1,1
1522859387.776769,11.1179,1412,0,1
1522928715.873883,10.4323,1294,0,4
1529478747.659064,1.03546,1412,0,2
1527760598.433337,85.195,148,0,0
1522943062.993891,16.566,1314,0,4
1522953999.068582,7.64105,1412,0,4
1522954003.083663,11.6561,1412,0,4
1529564285.85936,0.787523,939,0,2
1522842692.104729,8.31365,1412,0,1
1522940261.600499,6.60604,74,1,4
1522918702.423598,2.06158,1412,0,4
1522964042.857043,3.91267,1412,0,4
1522956020.959577,1.25915,1412,0,4
1522981558.258572,0.393769,1412,0,4
1522842696.689029,12.8979,1412,0,1
1522868693.391398,8.43355,1412,0,1
1522956031.439432,11.739,1412,0,4
1529564287.75237,2.68053,1412,0,2
1529564286.718473,1.64664,1412,0,2
1522842693.482412,9.69133,1412,0,1
1522865358.541612,11.5715,1412,0,1
1522842698.770874,14.9798,1412,0,1
1522654305.747181,4.65585,342,0,3
1522943082.747833,36.3199,1412,0,4
1522953998.653754,7.22622,1412,0,4
1529645506.756185,0.563716,1412,0,2
1522956038.661479,18.961,639,0,4
1522940263.776446,8.78198,1294,0,4
1522928738.993938,33.5523,1294,0,4
1522922652.589125,9.20357,1392,0,4
1522842691.510496,7.71942,161,1,1
1527760594.462169,81.2239,178,0,0
1529634881.953805,1.54484,1412,0,2
1528083134.829237,77.754,101,1,0
1522865358.072675,11.1025,1412,0,1
1522744998.812159,8.26171,112,1,3
1529478747.797331,1.17372,113,1,2
1529645506.927279,0.73481,1412,0,2
1522953993.275247,1.84772,1412,0,4
1522940269.967975,14.9735,1294,0,4
1522768764.92585,14.0945,1412,1,1
1529554552.303544,0.753616,1412,0,2
1522853104.27808,5.22148,1412,0,1
1522763854.999404,9.97592,1412,1,1
1522853104.914991,5.8584,1412,0,1
1522842696.795767,13.0047,1412,0,1
1522940294.227327,39.2329,1294,0,4
1522928753.230054,47.7884,1294,0,4
1522943100.782141,54.3543,1412,0,4
1522861277.970718,9.26183,1412,0,1
1522886704.139536,15.3361,1412,0,1
1529554551.878697,0.328769,1412,0,2
1529634882.166042,1.75708,1412,0,2
1529554551.734918,0.18499,1412,0,2
1528083140.730505,83.6553,234,0,0
1522861277.641059,8.93217,1412,0,1
1522918733.899114,33.5371,1412,0,4
1527851045.115842,83.5521,263,1,0
1527741818.818701,100.916,92,0,0
1522928709.429766,3.98815,86,1,4
1522928723.146519,17.7049,1294,0,4
1522922645.277072,1.89152,1392,0,4
1522886703.393224,14.5898,1412,0,1
1522928706.017546,0.575929,1294,0,4
1522865358.195098,11.2249,1412,0,1
1528085229.366012,65.5954,390,1,0
1522964063.925855,24.9815,1412,0,4
1522981558.253787,0.388984,1412,0,4
1522943088.626909,42.199,1412,0,4
1522940303.333488,48.339,1294,0,4
1522865358.176108,11.2059,1412,0,1
1522768772.47832,21.647,1412,1,1
1522842706.083766,22.2927,101,1,1
1522956065.158467,45.458,1412,0,4
1522940261.650378,6.65592,1294,0,4
1522861277.892023,9.18314,1412,0,1
1522865358.4046,11.4344,1412,0,1
1522928758.736174,53.2946,1294,0,4
1522842703.842233,20.0512,1412,0,1
1528083059.013403,1.93821,1412,0,0
1522853103.737346,4.68075,1412,0,1
1522868694.69611,9.73827,125,1,1
1522956020.515535,0.815105,1412,0,4
1522981572.094151,14.2293,1412,0,4
1522943106.802497,60.3746,1412,0,4
1528083061.07427,3.99908,1412,1,0
1529645506.251981,0.0595121,100,1,2
1522842694.922293,11.1312,1412,0,1
1522861278.288858,9.57997,1412,0,1
1522940315.090186,60.0957,1294,0,4
1522953994.732331,3.3048,1412,0,4
1522964095.416399,56.472,1412,0,4
1527791974.618135,53.1462,257,1,0
1522888894.936886,12.4452,1412,0,1
1522922645.337659,1.95211,1392,0,4
1522928715.620262,10.1786,1294,0,4
1529541636.606184,1.08847,1412,0,2
1529513491.482441,0.614365,1392,0,2
1522964070.134707,31.1903,1412,0,4
1522853102.584318,3.52772,1412,0,1
1522768771.076487,20.2451,1412,1,1
1522859388.737005,12.0782,1412,0,1
1522886703.061219,14.2578,101,1,1
1522964043.007422,4.06305,930,0,4
1522940303.208342,48.2139,1294,0,4
1522865358.494716,11.5246,1412,0,1
1522981572.119528,14.2547,1412,0,4
1522865358.750507,11.7803,1412,0,1
1522956020.063098,0.362668,1412,0,4
1529515408.686182,1.20541,1412,0,2
1529564287.986967,2.91513,1412,0,2
1522763857.547348,12.5239,98,0,1
1522928722.949872,17.5083,74,1,4
1529515407.891711,0.410943,1412,0,2
1522964039.298313,0.353942,1412,0,4
1522861278.511241,9.80236,1412,0,1
1529513491.482604,0.614528,105,1,2
1529626613.01148,1.02415,1412,0,2
1528083171.704273,114.629,261,1,0
1522918016.054723,49.7391,1412,0,4
1522888894.063436,11.5717,1412,0,1
1522940294.394546,39.4001,1294,0,4
1522865359.161649,12.1915,125,1,1
1522956076.906758,57.2063,1412,0,4
1527987805.27725,84.8727,329,0,0
1522868694.840325,9.88248,1412,0,1
1529554552.305237,0.755309,1412,0,2
1522842705.035626,21.2445,104,1,1
1522842701.319429,17.5283,104,1,1
1522868694.187165,9.22932,1412,0,1
1529541635.749058,0.231348,1412,0,2
1522928731.5844,26.1428,74,1,4
1522943096.197927,49.77,116,1,4
1529513491.806393,0.938317,1392,0,2
1529644964.291215,1.52931,1412,0,2
1529564287.076842,2.00501,1412,0,2
1522886702.828191,14.0248,1412,0,1
1527993511.442603,15.7897,233,0,0
1529478747.129184,0.505576,1412,0,2
1522886700.991252,12.1878,1412,0,1
1522956038.900398,19.2,1412,0,4
1522928723.032509,17.5909,1294,0,4
1522940256.106061,1.1116,1294,0,4
1522865358.557268,11.5871,1412,0,1
1522768762.348938,11.5176,1412,1,1
1522865358.29271,11.3226,1412,0,1
1522853105.4336,6.377,1412,0,1
1522928738.976083,33.5345,1294,0,4
1529644964.022129,1.26023,1412,0,2
1529645507.115528,0.923059,1412,0,2
1522953992.119398,0.691868,1412,0,4
1522768776.664518,25.8332,151,1,1
1522888893.98531,11.4936,1412,0,1
1522868693.99146,9.03362,1412,0,1
1522943078.614239,32.1863,126,1,4
1529478747.161104,0.537496,1412,0,2
1522842699.183679,15.3926,1412,0,1
1522943052.277681,5.84979,1412,0,4
1529478747.438567,0.814959,834,0,2
1522868694.49006,9.53222,1412,0,1
1522922683.226781,39.8412,1392,0,4
1522928729.292585,23.851,1294,0,4
1529513491.950354,1.08228,1392,0,2
1522964058.632524,19.6882,1412,0,4
1522886699.099166,10.2957,1412,0,1
1522943052.246865,5.81898,1412,0,4
1529626612.119885,0.132554,1412,0,2
1522981572.14115,14.2763,1412,0,4
1522928715.619455,10.1778,1294,0,4
1522981563.831769,5.96697,125,1,4
1522917972.78398,6.46832,1412,0,4
1522842690.598616,6.80754,481,0,1
1529478746.87852,0.254912,1412,0,2
1529645508.006875,1.81441,1412,0,2
1522928731.541796,26.1002,1294,0,4
1529644963.641802,0.879898,1412,0,2
1522886706.56742,17.764,1412,0,1
1522768772.582364,21.751,1412,1,1
1522886710.614911,21.8115,1412,0,1
1522928739.085792,33.6442,74,1,4
1522917979.290529,12.9749,1412,0,4
1522964051.509039,12.5647,125,1,4
1529478746.707355,0.0837469,100,1,2
1529626613.045777,1.05845,1412,0,2
1522886701.570209,12.7668,1412,0,1
1522861277.380944,8.67206,1412,0,1
1522981596.829358,38.9646,1412,0,4
1522763866.746859,21.7234,1412,1,1
1522918702.37159,2.00958,1412,0,4
1527850972.306112,10.7423,103,1,0
1522868694.53406,9.57622,1412,0,1
1529515407.848096,0.367328,125,1,2
1522918720.136895,19.7749,125,1,4
1522964070.311974,31.3676,1412,0,4
1522940313.363374,58.3689,74,1,4
1522928722.949856,17.5082,1294,0,4
1522853102.186994,3.1304,1412,0,1
1522943106.804196,60.3763,1412,0,4
1522922683.126388,39.7408,1392,0,4
1522886711.155802,22.3524,1412,0,1
1522953992.094554,0.667024,1412,0,4
1529626612.491845,0.504514,1412,0,2
1529515407.83367,0.352902,1412,0,2
1522954035.121063,43.6935,1412,0,4
1522886699.850324,11.0469,1412,0,1
1529554552.941762,1.39183,1412,0,2
1522768763.69382,12.8625,1412,1,1
1522886707.31721,18.5138,1412,0,1
1522888894.367585,11.8759,1412,0,1
1522964039.266927,0.322556,1412,0,4
1522868694.799096,9.84125,1412,0,1
1522918752.791573,52.4296,117,1,4
1522940285.884662,30.8902,1294,0,4
1527987814.538477,94.1339,87,0,0
1522922692.321756,48.9362,1392,0,4
1522842706.239812,22.4487,1412,0,1
1522940303.861799,48.8673,1294,0,4
1522928715.42778,9.98616,1294,0,4
1529644962.82019,0.058286,100,1,2
1522940285.717339,30.7229,74,1,4
1522940274.235158,19.2407,74,1,4
1522853104.391213,5.33462,1412,0,1
1522861278.040261,9.33138,1412,0,1
1529541636.212839,0.695129,125,1,2
1529644963.683523,0.921619,125,1,2
1522842696.616729,12.8256,1412,0,1
1522763860.315687,15.2922,1412,1,1
1527791932.398532,10.9266,100,1,0
1522964058.554058,19.6097,1412,0,4
1522917969.376328,3.06067,1412,0,4
1522964051.513816,12.5694,1412,0,4
1529541636.059785,0.542075,1412,0,2
1529554552.194785,0.644857,1412,0,2
1522956020.65456,0.95413,916,0,4
1522956020.574544,0.874114,1412,0,4
1522943101.204197,54.7763,329,1,4
1522865359.175141,12.205,125,1,1
1522865358.251417,11.2813,1412,0,1
1522918752.972422,52.6104,1412,0,4
1522917983.553632,17.238,1412,0,4
1522954026.766679,35.3391,1412,0,4
1522928748.753166,43.3115,1294,0,4
1522943088.566482,42.1386,1412,0,4
1529626612.992679,1.00535,1412,0,2
1522943046.816907,0.389018,1412,0,4
1522956065.493547,45.7931,1412,0,4
1522868693.414593,8.45675,125,1,1
1522861278.140916,9.43203,1412,0,1
1527987786.950559,66.546,98,1,0
1528083081.884302,24.8091,198,0,0
1522768763.125898,12.2946,103,0,1
1522713581.113359,8.70995,1294,0,3
1522940256.811096,1.81663,1294,0,4
1522956047.041586,27.3412,1412,0,4
1528085218.036531,54.2659,256,1,0
1522928747.948632,42.507,1294,0,4
1522956031.474643,11.7742,1412,0,4
1522928705.61061,0.168993,1294,0,4
1522861277.294534,8.58565,1412,0,1
1522886700.104758,11.3013,1412,0,1
1522865358.854594,11.8844,1412,0,1
1522940263.771815,8.77735,1294,0,4
1522886703.251928,14.4485,1412,0,1
1522953993.301259,1.87373,1412,0,4
1522964083.814971,44.8706,1412,0,4
1522853102.393443,3.33685,1412,0,1
1522886706.014391,17.211,101,1,1
1522928723.008555,17.5669,1294,0,4
1527745235.471705,10.3946,130,1,0
1529541635.76785,0.25014,1412,0,2
1522768770.514347,19.683,1412,1,1
1522943088.541097,42.1132,1412,0,4
1529644964.340929,1.57903,126,1,2
1529634881.103518,0.694555,1412,0,2
1529554552.533792,0.983864,1412,0,2
1522886703.476468,14.673,1412,0,1
1522865357.999997,11.0298,1412,0,1
1522865358.428975,11.4588,1412,0,1
1522868694.404862,9.44702,1412,0,1
1529554552.240457,0.690529,1412,0,2
1522928744.243334,38.8017,74,1,4
1522868693.356198,8.39835,1412,0,1
1522768772.988066,22.1567,1412,1,1
1522964083.273327,44.329,1412,0,4
1529513491.008641,0.140565,1392,0,2
1522956038.751755,19.0513,1412,0,4
1529564287.220597,2.14876,1412,0,2
1522763856.591782,11.5683,1412,1,1
1522888894.732547,12.2408,1412,0,1
1522859387.696358,11.0375,1412,0,1
1522918752.666194,52.3042,1412,0,4
1522940302.976043,47.9816,1294,0,4
1522868693.391744,8.4339,1412,0,1
1529644963.125316,0.363412,1412,0,2
1529634880.964407,0.555444,1412,0,2
1522861277.914177,9.20529,1412,0,1
1522943097.116928,50.689,1412,0,4
1522763856.769967,11.7465,95,0,1
1522940261.642533,6.64807,74,1,4
1527745290.755053,65.6779,284,0,0
1522940255.969062,0.974599,74,1,4
1522861277.210303,8.50142,1412,0,1
1522940303.444332,48.4499,1294,0,4
1522859388.755077,12.0962,113,1,1
1529626612.688369,0.701038,1412,0,2
1522763857.518938,12.4955,1412,1,1
1522928715.524168,10.0826,1294,0,4
1522763860.247239,15.2238,1412,1,1
1529634880.834132,0.425169,1412,0,2
1522853105.002702,5.94611,1412,0,1
1522647189.304654,7.45788,74,0,3
1522954013.821235,22.3937,1412,0,4
1522964040.764624,1.82025,1412,0,4
1522940261.56851,6.57405,1294,0,4
1522954013.834319,22.4068,1412,0,4
1522928715.446543,10.0049,74,1,4
1522861277.237611,8.52873,1412,0,1
1522964042.804766,3.86039,1412,0,4
1522943078.6084,32.1805,1412,0,4
1522853104.898856,5.84226,125,1,1
1522842693.583966,9.79289,1412,0,1
1522868693.541364,8.58352,1412,0,1
1522956028.224032,8.5236,1412,0,4
1522727179.914155,6.67872,1294,0,3
1522853100.31855,1.26196,1412,0,1
1522956053.175167,33.4747,1412,0,4
1529478746.890153,0.266545,1412,0,2
1522953994.787326,3.3598,1412,0,4
1522768772.624687,21.7933,1412,1,1
1529564286.79685,1.72501,1412,0,2
1522964040.617272,1.6729,1412,0,4
1529478747.461282,0.837674,116,1,2
1522928717.70675,12.2651,1294,0,4
1522954003.100511,11.673,1412,0,4
1522768764.320509,13.4892,1412,1,1
1522953992.115664,0.688134,137,1,4
1522956020.563543,0.863113,1412,0,4
1529564285.284653,0.212816,100,1,2
1522768774.614873,23.7835,1412,1,1
1527741721.492376,3.58989,82,0,0
1529554552.026586,0.476658,1412,0,2
1522768772.708617,21.8773,1412,1,1
1529564287.274205,2.20237,1412,0,2
1529541636.134864,0.617154,1412,0,2
1522917979.29162,12.976,1412,0,4
1522868693.405092,8.44725,1412,0,1
1522940314.630966,59.6365,74,1,4
1522956038.77789,19.0775,814,0,4
1522956038.942864,19.2424,1412,0,4
1522956069.304261,49.6038,1412,0,4
1529513491.336327,0.468251,1392,0,2
1522853105.296966,6.24037,1412,0,1
1522868694.008166,9.05032,1412,0,1
1522768771.224764,20.3934,1412,1,1
1522861277.508377,8.79949,1412,0,1
1522964095.771958,56.8276,1412,0,4
1529645507.423833,1.23136,1412,0,2
1522928709.653091,4.21147,1294,0,4
1522859388.106946,11.4481,1412,0,1
1528085234.386673,70.616,87,0,0
1522842703.641446,19.8504,1412,0,1
1529515408.171243,0.690475,1412,0,2
1522943052.222361,5.79447,1412,0,4
1522888894.391303,11.8996,1412,0,1
1522956021.50161,1.80118,1412,0,4
1522953993.321488,1.89396,126,1,4
1522888894.537884,12.0462,1412,0,1
1522859387.843028,11.1842,117,1,1
1522768769.931755,19.1004,1412,1,1
1528083079.365243,22.29,92,0,0
1527741761.941451,44.039,1412,1,0
1522768764.7321,13.9008,109,0,1
1522928739.070599,33.629,1294,0,4
1529554552.983171,1.43324,1412,0,2
1527924725.799864,75.2652,92,0,0
1522956038.657611,18.9572,1412,0,4
1522868693.586227,8.62838,1412,0,1
1529513490.984513,0.116437,389,0,2
1522943096.246408,49.8185,1412,0,4
1522928715.832564,10.3909,1294,0,4
1522888894.686008,12.1943,1412,0,1
1522918753.191025,52.829,1412,0,4
1522859388.3768,11.718,1412,0,1
1522928709.546467,4.10485,1294,0,4
1522964063.899054,24.9547,1412,0,4
1522940313.168908,58.1744,1294,0,4
1529645508.017068,1.8246,930,0,2
1522886702.790637,13.9872,1412,0,1
1522981558.26053,0.395727,1412,0,4
1522853100.679352,1.62276,107,1,1
1522713579.598825,7.19541,74,0,3
1522768773.612224,22.7809,1412,1,1
1529564286.657714,1.58588,1412,0,2
1522918700.958519,0.596505,1412,0,4
1522886697.787554,8.98412,1412,0,1
1528083067.694502,10.6193,267,0,0
1522861278.221277,9.51239,1412,0,1
1522861277.412831,8.70395,1412,0,1
1522853102.26859,3.21199,1412,0,1
1522861278.063447,9.35456,1412,0,1
1527792009.647831,88.1759,147,0,0
1527851053.338387,91.7746,255,0,0
1522888894.210057,11.7183,1412,0,1
1522886702.913979,14.1105,1412,0,1
1522868694.219072,9.26123,1412,0,1
1522918753.214178,52.8522,1412,0,4
1522842696.004769,12.2137,1412,0,1
1529564287.773815,2.70198,1412,0,2
1522763854.47037,9.44689,1412,1,1
1522940280.589981,25.5955,1294,0,4
1522886704.554381,15.7509,1412,0,1
1522964075.71529,36.7709,1412,0,4
1522868693.54985,8.59201,1412,0,1
1529644963.810615,1.04871,1412,0,2
1522928753.423247,47.9816,1294,0,4
1529626612.525686,0.538355,126,1,2
1522763859.880639,14.8572,1412,1,1
1522940303.903202,48.9087,1294,0,4
1522853104.907632,5.85104,113,1,1
1522943101.720937,55.293,1412,0,4
1522922645.333091,1.94754,1392,0,4
1522763861.545749,16.5223,1412,1,1
1528083117.975984,60.9008,87,0,0
1522956047.074049,27.3736,1412,0,4
1527924651.104692,0.570036,896,0,0
1529478747.602262,0.978654,1412,0,2
1522943046.988071,0.560182,1412,0,4
1522886708.301072,19.4976,1412,0,1
1522981563.835051,5.97025,1412,0,4
1527987757.327178,36.9226,395,1,0
1522943101.531188,55.1033,1412,0,4
1522928723.120043,17.6784,1294,0,4
1522918720.256118,19.8941,1412,0,4
1527924654.729908,4.19525,104,1,0
1522928715.468427,10.0268,1294,0,4
1529515408.745987,1.26522,1412,0,2
1522715507.580052,3.56439,112,1,3
1522888894.759368,12.2676,1412,0,1
1522842700.09742,16.3063,104,1,1
1522922644.473028,1.08748,1392,0,4
1522928706.105786,0.664169,1294,0,4
1522922669.595194,26.2096,1392,0,4
1522940280.642362,25.6479,1294,0,4
1527993551.100572,55.4477,259,1,0
1522859388.085341,11.4265,1412,0,1
1522928723.015665,17.574,74,1,4
1522888894.34817,11.8565,1412,0,1
1522886700.664525,11.8611,1412,0,1
1529644964.114664,1.35276,1412,0,2
1527791933.144596,11.6727,1412,1,0
1522940294.398327,39.4039,1294,0,4
1522956031.548529,11.8481,1412,0,4
1522981606.517654,48.6529,1412,0,4
1522943057.583932,11.156,1412,0,4
1522865359.146906,12.1767,1412,0,1
1529634880.676645,0.267682,620,1,2
1529478747.431281,0.807673,1412,0,2
1529554552.761363,1.21144,447,0,2
1522768771.71476,20.8834,1412,1,1
1522861277.449629,8.74074,1412,0,1
1522964042.856651,3.91228,1412,0,4
1522940303.18176,48.1873,74,1,4
1522953994.716324,3.28879,1412,0,4
1529554552.774798,1.22487,1412,0,2
1527851002.606396,41.0426,103,1,0
1522886712.596044,23.7926,1412,0,1
1522940256.105056,1.11059,1294,0,4
1522943088.626181,42.1983,1412,0,4
1522943078.590879,32.163,1412,0,4
1522853100.108792,1.0522,1412,0,1
1522956038.94536,19.2449,1412,0,4
1529626612.875985,0.888654,1412,0,2
1527851019.561687,57.9979,92,0,0
1529513491.70336,0.835284,1392,0,2
1522964095.586409,56.642,1412,0,4
1522763861.265301,16.2418,1412,1,1
1522859387.896494,11.2377,1412,0,1
1522964064.032199,25.0878,1412,0,4
1529554552.046351,0.496423,1412,0,2
1522956070.414128,50.7137,1412,0,4
1529634881.407844,0.998881,1412,0,2
1522981563.964414,6.09961,1412,0,4
1529626613.067463,1.08013,1412,0,2
1522954026.78862,35.3611,1412,0,4
1522928709.521679,4.08006,1294,0,4
1522928723.069579,17.628,1294,0,4
1522865359.318602,12.3484,1412,0,1
1529541635.797389,0.279679,1412,0,2
1529564285.68504,0.613203,1412,0,2
1527791950.938799,29.4669,276,1,0
1522842693.388069,9.59699,1412,0,1
1529644963.111463,0.349559,125,1,2
1522964095.11938,56.175,1412,0,4
1527987805.01128,84.6067,233,0,0
1529626613.025798,1.03847,1412,0,2
1522922669.65199,26.2664,1392,0,4
1522853104.338673,5.28208,1412,0,1
1522928729.299659,23.858,1294,0,4
1522859388.320243,11.6614,1412,0,1
1522763853.163335,8.13985,1412,1,1
1522763855.092453,10.069,1412,1,1
1522842696.537602,12.7465,1412,0,1
1529513490.968363,0.100287,80,1,2
1529478747.025771,0.402163,1412,0,2
1529541636.046648,0.528938,1412,0,2
1522886709.62419,20.8208,1412,0,1
1522853101.806034,2.74944,1412,0,1
1529515407.824874,0.344106,125,1,2
1522886700.744314,11.9409,1412,0,1
1522886712.742554,23.9391,1412,0,1
1522940280.542602,25.5481,1294,0,4
1522981606.784139,48.9193,1412,0,4
1522886707.105544,18.3021,1412,0,1
1522768774.327611,23.4963,97,0,1
1529564286.082334,1.0105,1412,0,2
1529478747.567371,0.943763,1412,0,2
1522763859.055171,14.0317,1412,1,1
1522981606.52689,48.6621,1412,0,4
1522888894.366692,11.875,1412,0,1
1522956056.478814,36.7784,1412,0,4
1529541635.69192,0.17421,1412,0,2
1522842694.476998,10.6859,98,1,1
1522865358.253356,11.2832,1412,0,1
1529513491.481017,0.612941,1392,0,2
1522888894.144457,11.6527,1412,0,1
1522868694.250511,9.29267,1412,0,1
1527924758.19113,107.656,104,1,0
1522886698.187154,9.38372,1412,0,1
1522865358.124061,11.1539,126,1,1
1522981606.272492,48.4077,1412,0,4
1529634881.350079,0.941116,1412,0,2
1528085276.105887,112.335,148,0,0
1522928723.08883,17.6472,1294,0,4
1522940304.123553,49.1291,1294,0,4
1529644963.857595,1.09569,1412,0,2
1522886707.871226,19.0678,1412,0,1
1522928731.739116,26.2975,1294,0,4
1522859388.413054,11.7542,1412,0,1
1522886704.681873,15.8784,1412,0,1
1522842693.772975,9.9819,156,1,1
1522768773.809394,22.9781,1412,1,1
1522956053.191972,33.4915,1412,0,4
1522861277.518832,8.80995,1412,0,1
1522886713.270803,24.4674,101,1,1
1522861277.672986,8.9641,1412,0,1
1522956038.66841,18.968,1412,0,4
1522964084.110549,45.1662,1385,0,4
1527993525.095374,29.4425,289,0,0
1522865358.684438,11.7143,1412,0,1
1522859388.789787,12.131,1412,0,1
1522886712.810697,24.0073,101,1,1
1522956065.22857,45.5281,1412,0,4
1522859388.56302,11.9042,1412,0,1
1522886711.172971,22.3695,1412,0,1
1522888893.934401,11.4427,1412,0,1
1529478747.267464,0.643856,1412,0,2
1522954026.724157,35.2966,1412,0,4
1529644964.20808,1.44618,126,1,2
1529515408.108529,0.627761,1412,0,2
1529478747.24358,0.619972,1412,0,2
1522928731.609341,26.1677,1294,0,4
1522842694.958058,11.167,104,1,1
1522964076.130693,37.1863,1412,0,4
1528083143.068715,85.9935,101,1,0
1522859388.227895,11.5691,1412,0,1
1522859388.497175,11.8383,1412,0,1
1522842703.584733,19.7937,1412,0,1
1522940294.372301,39.3778,1294,0,4
1522865359.501762,12.5316,1412,0,1
1522868694.528102,9.57026,1412,0,1
1529478747.493762,0.870154,1412,0,2
1522861277.85613,9.14724,1412,0,1
1522662274.448561,4.55766,203,1,3
1522981558.217707,0.352904,1412,0,4
1529564287.63646,2.56462,1412,0,2
1522943073.342793,26.9149,1412,0,4
1529478746.895146,0.271538,1412,0,2
1522713577.565115,5.1617,74,0,3
1522928752.700551,47.2589,1294,0,4
1522928715.566438,10.1248,1294,0,4
1522868693.380418,8.42257,1412,0,1
1522953994.419155,2.99162,128,1,4
1529554552.764124,1.2142,1412,0,2
1522956077.438791,57.7384,1412,0,4
1522928706.193907,0.75229,1294,0,4
1522768758.695692,7.86435,93,0,1
1529644964.333679,1.57177,1412,0,2
1522853102.641452,3.58486,1412,0,1
1522981572.074955,14.2102,1412,0,4
1522940285.781936,30.7875,1294,0,4
1522928715.598688,10.1571,1294,0,4
1522964039.291648,0.347277,1412,0,4
1522868694.087712,9.12987,1412,0,1
1529626612.412393,0.425062,1412,0,2
1522943073.215328,26.7874,125,1,4
1522981572.22218,14.3574,1412,0,4
1522768758.667033,7.8357,103,1,1
1529634880.814253,0.40529,125,1,2
1522888894.283405,11.7917,1412,0,1
1522865358.855925,11.8858,1412,0,1
1522940285.776413,30.7819,1294,0,4
1522956069.44312,49.7427,1412,0,4
1522886701.90475,13.1013,1412,0,1
1522940280.491523,25.4971,74,1,4
1529478746.705323,0.0817149,100,1,2
1522853102.505086,3.44849,1412,0,1
1522956026.102686,6.40226,1412,0,4
1522859387.683611,11.0248,1412,0,1
1522861278.448287,9.7394,125,1,1
1522868694.504124,9.54628,1412,0,1
1522928747.812806,42.3712,74,1,4
1522953999.097577,7.67005,1412,0,4
1522763859.316935,14.2935,1412,1,1
1529626612.725322,0.737991,1412,0,2
1529554552.652609,1.10268,1412,0,2
1529645506.945327,0.752858,126,1,2
1522861277.882914,9.17403,1412,0,1
1522922652.570205,9.18465,1392,0,4
1522918720.28321,19.9212,954,0,4
1522763863.271823,18.2483,1412,1,1
1529564285.814628,0.742791,1412,0,2
1522853103.995459,4.93886,1412,0,1
1522917967.035959,0.720298,1412,0,4
1527851027.695453,66.1317,260,1,0
1529634881.794017,1.38505,1412,0,2
1522888894.008812,11.5171,1412,0,1
1522940270.084463,15.09,1294,0,4
1527741806.081116,88.1786,257,0,0
1528085175.68567,11.915,87,0,0
1522940303.985399,48.9909,74,1,4
1522842710.162813,26.3717,1412,0,1
1522943052.21594,5.78805,1412,0,4
1529541635.870268,0.352558,1412,0,2
1522886711.959687,23.1563,1412,0,1
1522928747.672131,42.2305,1294,0,4
1522928729.363556,23.9219,74,1,4
1522953995.167719,3.74019,1412,0,4
1522918720.159088,19.7971,1412,0,4
1522928739.07745,33.6358,74,1,4
1522917983.586806,17.2711,1412,0,4
1529644963.391182,0.629278,1412,0,2
1522918720.200681,19.8387,1412,0,4
1522865359.49099,12.5208,1412,0,1
1522842703.262591,19.4715,1412,0,1
1522928717.70266,12.261,74,1,4
1529541635.943376,0.425666,1412,0,2
1529634881.54124,1.13228,1412,0,2
1522859387.85268,11.1938,1412,0,1
1522943052.314195,5.88631,126,1,4
1522861277.800296,9.09141,1412,0,1
1522853102.653829,3.59723,1412,0,1
1522940304.297217,49.3028,1294,0,4
1529513490.970389,0.102313,1392,0,2
1529478747.3033,0.679692,1412,0,2
1522654301.249051,0.157721,1294,0,3
1522868694.199111,9.24127,1412,0,1
1522928739.03676,33.5951,1294,0,4
1529478746.928403,0.304795,1412,0,2
1522940302.930727,47.9363,1294,0,4
1522964070.276551,31.3322,1412,0,4
1522943078.576869,32.149,1412,0,4
1522964042.78141,3.83704,1412,0,4
1522861277.119496,8.41061,1412,0,1
1522922683.190873,39.8053,1392,0,4
1529515408.009646,0.528878,1412,0,2
1522868694.468557,9.51071,1412,0,1
1522868693.418058,8.46021,1412,0,1
1522922683.212454,39.8269,1392,0,4
1522886708.434956,19.6315,1412,0,1
1522956031.496509,11.7961,1412,0,4
1522865358.43389,11.4637,1412,0,1
1522940288.998946,34.0045,1294,0,4
1522865358.244115,11.274,1412,0,1
1529541636.167923,0.650213,1412,0,2
1522868693.41508,8.45724,1412,0,1
1522964064.020761,25.0764,1412,0,4
1527924747.638479,97.1038,92,0,0
1522928758.423907,52.9823,74,1,4
1522943107.179547,60.7517,119,1,4
1522928715.427891,9.98627,1294,0,4
1522763853.192325,8.16884,1412,1,1
1522853104.815764,5.75917,1412,0,1
1527924662.627408,12.0928,1412,1,0
1527987767.809195,47.4046,256,0,0
1522853102.214302,3.15771,1412,0,1
1522953994.43731,3.00978,1412,0,4
1522956069.258004,49.5576,1412,0,4
1522964070.344978,31.4006,930,0,4
1522763864.538026,19.5145,1412,1,1
1522943063.040326,16.6124,1412,0,4
1522842706.071443,22.2804,1412,0,1
1522861277.25588,8.547,1412,0,1
1522865359.478709,12.5085,1412,0,1
1522956046.968706,27.2683,1412,0,4
1527760541.998842,28.7605,87,0,0
1522886705.180363,16.3769,101,1,1
1529634881.314606,0.905643,1412,0,2
1529626612.853283,0.865952,1412,0,2
1522865358.322131,11.352,1412,0,1
1522956056.515234,36.8148,1412,0,4
1522886708.17953,19.3761,101,1,1
1529515408.530382,1.04961,1412,0,2
1522865358.396542,11.4264,1412,0,1
1522940294.329584,39.3351,1294,0,4
1522715510.938141,6.92248,74,1,3
1522943088.530728,42.1028,1412,0,4
1529478747.021386,0.397778,1412,0,2
1522964058.622313,19.6779,948,0,4
1522964051.440867,12.4965,1412,0,4
1522928744.335213,38.8936,1294,0,4
1528085264.501334,100.731,260,1,0
1522888894.99976,12.508,1412,0,1
1522859388.787299,12.1285,948,0,1
1522928739.055963,33.6143,1294,0,4
1522918720.310546,19.9485,1412,0,4
1522928709.728374,4.28676,1294,0,4
1522859388.433402,11.7746,1412,0,1
1522647182.28868,0.441903,1294,1,3
1522943107.194266,60.7664,1412,0,4
1522635947.165712,6.10145,170,0,3
1522940280.542474,25.548,1294,0,4
1528083066.714842,9.63965,697,0,0
1529541635.945425,0.427715,744,0,2
1529554552.853134,1.30321,1412,0,2
1522768771.847427,21.0161,1412,1,1
1522956038.889897,19.1895,1412,0,4
1528083072.214844,15.1397,87,0,0
1527745288.160224,63.0831,101,1,0
1522956020.502665,0.802235,126,1,4
1522981563.812968,5.94816,125,1,4
1527851047.361155,85.7974,112,1,0
1529554552.836735,1.28681,1412,0,2
1522865359.126583,12.1564,1412,0,1
1527987791.056646,70.6521,148,0,0
1529554552.453401,0.903473,1412,0,2
1522928715.458303,10.0167,1294,0,4
1528085271.784807,108.014,309,0,0
1522956019.938857,0.238427,100,0,4
1522943057.470865,11.043,126,1,4
1522647182.179608,0.332831,1294,1,3
1522956020.076487,0.376057,1412,0,4
1522868693.750449,8.7926,1412,0,1
1529541636.684986,1.16728,1412,0,2
1522888894.11799,11.6263,1412,0,1
1522886702.064668,13.2612,1412,0,1
1522943107.366197,60.9383,1412,0,4
1527745266.649836,41.5727,101,1,0
1522918739.272701,38.9107,1412,0,4
1522943082.816875,36.389,1412,0,4
1522768771.554134,20.7228,1412,1,1
1522956056.448553,36.7481,1412,0,4
1522859387.731805,11.073,1412,0,1
1522943062.992176,16.5643,1412,0,4
1528085180.618334,16.8477,87,0,0
1522768775.450049,24.6187,97,0,1
1527760578.419561,65.1812,257,0,0
1522964095.514872,56.5705,1412,0,4
1522647182.46026,0.613483,1294,1,3
1522917999.540296,33.2246,1412,0,4
1522922677.846935,34.4614,1392,0,4
1522940314.060317,59.0659,1294,0,4
1527851050.832509,89.2687,235,0,0
1529626612.975989,0.988658,1412,0,2
1522964098.812898,59.8685,1412,0,4
1522922683.088033,39.7025,1392,0,4
1522763856.445458,11.422,1412,1,1
1522964063.91409,24.9697,1412,0,4
1529478747.871157,1.24755,1412,0,2
1522918752.655845,52.2938,1412,0,4
1522886702.915677,14.1122,1412,0,1
1522842694.143076,10.352,1412,0,1
1529644963.166942,0.405038,1412,0,2
1522763863.698083,18.6746,95,0,1
1522768770.768862,19.9375,1412,1,1
1527741764.779426,46.8769,87,0,0
1522954026.771369,35.3438,1412,0,4
1522917999.562047,33.2464,1412,0,4
1527741771.959807,54.0573,101,1,0
1522861277.823487,9.1146,1412,0,1
1522956056.586294,36.8859,1412,0,4
1522865358.998514,12.0284,1412,0,1
1522940256.152063,1.1576,1294,0,4
1522861278.234291,9.52541,1412,0,1
1529541635.872818,0.355108,1412,0,2
1522922645.307946,1.92239,1392,0,4
1522865359.368249,12.3981,1412,0,1
1522928709.697664,4.25605,1294,0,4
1529541636.608547,1.09084,1412,0,2
1529554551.761532,0.211604,1412,0,2
1527760598.74243,85.5041,104,1,0
1522928731.547728,26.1061,74,1,4
1529626612.187093,0.199762,125,1,2
1529478747.163866,0.540258,1412,0,2
1522886701.129963,12.3265,1412,0,1
1522859388.474247,11.8154,1412,0,1
1522768775.095127,24.2638,1412,1,1
1522940275.148547,20.1541,1294,0,4
1529541636.214102,0.696392,1412,0,2
1522859388.38537,11.7265,116,1,1
1522842691.694769,7.90369,1412,0,1
1527993495.914259,0.261392,323,0,0
1522981605.823325,47.9585,1412,0,4
1522943046.94607,0.518181,1412,0,4
1522886702.805986,14.0026,1412,0,1
1522953994.790067,3.36254,1412,0,4
1528083058.092175,1.01698,1412,0,0
1522964095.30639,56.362,1412,0,4
1527987784.979442,64.5749,101,1,0
1529645507.935143,1.74267,1412,0,2
1527760525.881075,12.6428,102,0,0
1522888894.071409,11.5797,1412,0,1
1522940285.858502,30.864,1294,0,4
1522888894.102449,11.6107,1412,0,1
1522918702.344596,1.98258,1412,0,4
1522853103.407508,4.35091,1412,0,1
1529564287.651328,2.57949,1412,0,2
1529644963.415859,0.653955,125,1,2
1522954026.644831,35.2173,1412,0,4
1522956021.499898,1.79947,1412,0,4
1522922645.243068,1.85752,1392,0,4
1522853100.477289,1.42069,1412,0,1
1522922669.785125,26.3996,1392,0,4
1522865358.890757,11.9206,1412,0,1
1529634881.996616,1.58765,117,1,2
1529513491.807389,0.939313,1392,0,2
1522928759.053562,53.6119,1294,0,4
1529554552.786972,1.23704,1412,0,2
1522928709.626281,4.18466,94,1,4
1522842700.988361,17.1973,1412,0,1
1522943106.305105,59.8772,1412,0,4
1522922655.968017,12.5825,1392,0,4
1522954035.187064,43.7595,1412,0,4
1528085207.631733,43.8611,87,0,0
1522888895.009411,12.5177,1412,0,1
1522964075.862866,36.9185,1412,0,4
1522868694.388144,9.4303,1412,0,1
1522918739.264281,38.9023,1412,0,4
1522922669.779834,26.3943,1392,0,4
1529515408.564268,1.0835,940,0,2
1522928723.007439,17.5658,1294,0,4
1522842706.141209,22.3501,1412,0,1
1522922669.755955,26.3704,1392,0,4
1522928722.935557,17.4939,1294,0,4
1527745240.967929,15.8908,255,1,0
1522940294.373834,39.3794,74,1,4
1522888894.231067,11.7393,1412,0,1
1522943057.523663,11.0958,1412,0,4
1529515408.555424,1.07466,1412,0,2
1522865358.875914,11.9058,125,1,1
1527987768.60945,48.2049,104,1,0
1522981606.488899,48.6241,1412,0,4
1522964042.777399,3.83303,1412,0,4
1529634880.610386,0.201423,1412,0,2
1522768763.154066,12.3227,100,0,1
1522964095.201385,56.257,1412,0,4
1527993566.11504,70.4622,92,0,0
1522953998.690988,7.26346,1412,0,4
1527791968.072715,46.6008,100,1,0
1529634881.165912,0.756949,1412,0,2
1522859387.89054,11.2317,1412,0,1
1522928731.578368,26.1368,1294,0,4
1522865358.932404,11.9622,1412,0,1
1529626612.397961,0.41063,1412,0,2
1522886708.969582,20.1661,101,1,1
1527987752.907453,32.5029,268,0,0
1528085267.751427,103.981,386,1,0
1522768772.302819,21.4715,1412,1,1
1522964095.108385,56.164,1412,0,4
1522918700.692497,0.330483,1412,0,4
1522865359.18537,12.2152,1412,0,1
1522954045.264221,53.8367,1412,0,4
1527987828.978761,108.574,107,1,0
1522928709.530427,4.08881,86,1,4
1522716076.922076,4.3968,112,0,3
1527745313.363786,88.2867,87,0,0
1522953994.428934,3.0014,1412,0,4
1522868693.588839,8.63099,1412,0,1
1522956028.223698,8.52327,125,1,4
1522861277.739811,9.03093,1412,0,1
1527993531.886674,36.2338,387,1,0
1529626612.488227,0.500896,1412,0,2
1529554552.29091,0.740982,1412,0,2
1529634880.698149,0.289186,1412,0,2
1522940263.757989,8.76353,1294,0,4
1529626612.248892,0.261561,1412,0,2
1522713580.037768,7.63435,74,1,3
1522744995.34899,4.79854,148,0,3
1529478747.803129,1.17952,1412,0,2
1522940304.193787,49.1993,1294,0,4
1522888894.318712,11.827,1412,0,1
1522842700.260408,16.4693,104,1,1
1522943078.467878,32.04,1412,0,4
1522940294.299244,39.3048,1294,0,4
1527987765.49525,45.0907,97,0,0
1522943052.243749,5.81586,1412,0,4
1522868693.460426,8.50258,1412,0,1
1529554552.66735,1.11742,1412,0,2
1522853104.819989,5.76339,1412,0,1
1522956038.93943,19.239,1412,0,4
1527741719.764793,1.86231,92,0,0
1522842706.064512,22.2734,1412,0,1
1522918700.434961,0.072947,1412,0,4
1522928731.563491,26.1219,74,1,4
1522981563.850767,5.98596,1412,0,4
1529515407.917777,0.437009,1412,0,2
1522928753.18435,47.7427,1294,0,4
1522763863.09757,18.0741,1412,1,1
1522943063.107703,16.6798,1412,0,4
1529478747.736719,1.11311,1412,0,2
1522763864.531032,19.5076,108,0,1
1529541636.044599,0.526889,1412,0,2
1522940314.836776,59.8423,1294,0,4
1522888893.938217,11.4465,1412,0,1
1522981612.772723,54.9079,1412,0,4
1528083089.422681,32.3475,255,0,0
1522842690.784101,6.99302,1412,0,1
1529513492.122699,1.25462,1392,0,2
1529634881.996141,1.58718,1412,0,2
1522868693.663133,8.70529,1412,0,1
1529513491.801954,0.933878,105,1,2
1527760548.807028,35.5687,262,1,0
1522853104.996687,5.94009,1412,0,1
1522940256.039056,1.04459,1294,0,4
1522928731.716589,26.275,1294,0,4
1522956031.534134,11.8337,1412,0,4
1522886698.100808,9.29737,1412,0,1
1522943106.619608,60.1917,1412,0,4
1522917999.536683,33.221,1412,0,4
1522922655.839987,12.4544,910,0,4
1522918700.916516,0.554502,1412,0,4
1522888893.988957,11.4972,1412,0,1
1522922683.276993,39.8914,1392,0,4
1522859388.407942,11.7491,1412,0,1
1522886711.066295,22.2629,1412,0,1
1522865358.067289,11.0971,1412,0,1
1522763856.017643,10.9942,1412,1,1
1527924663.285924,12.7513,802,0,0
1522940280.534339,25.5399,1294,0,4
1522922655.916303,12.5308,1392,0,4
1529626612.634121,0.64679,1412,0,2
1522964063.94246,24.9981,1412,0,4
1527741769.122139,51.2197,119,0,0
1522943052.207499,5.77961,1412,0,4
1522981568.222884,10.3581,1412,0,4
1522954045.253226,53.8257,1412,0,4
1528083152.294321,95.2191,226,0,0
1522918702.325791,1.96378,1412,0,4
1522956065.97124,46.2708,1412,0,4
1529513491.820989,0.952913,1392,0,2
1522763858.655253,13.6318,1412,1,1
1522865359.22219,12.252,1412,0,1
1522859388.316259,11.6574,1412,0,1
1522954034.579795,43.1523,125,1,4
1522964095.326444,56.3821,283,1,4
1529513491.872275,1.0042,1392,0,2
1527924742.657259,92.1226,104,1,0
1522922644.452035,1.06648,1392,0,4
1522943052.293073,5.86518,1412,0,4
1529478747.11234,0.488732,113,1,2
1522888894.618426,12.1267,1412,0,1
1522943046.583681,0.155792,1412,0,4
1527741718.181733,0.279251,802,0,0
1522940275.199783,20.2053,1294,0,4
1522922683.087586,39.702,78,1,4
1522886702.63922,13.8358,101,1,1
1522954035.050018,43.6225,128,1,4
1522943101.719196,55.2913,1412,0,4
1522886697.510725,8.70729,1412,0,1
1522928709.492587,4.05097,94,1,4
1529564287.946607,2.87477,1412,0,2
1522981581.29963,23.4348,1412,0,4
1527987779.750715,59.3462,394,1,0
1522922645.331077,1.94552,1392,0,4
1527741721.361531,3.45905,178,1,0
1522868694.147192,9.18935,1412,0,1
1528083169.836231,112.761,87,0,0
1522928757.942524,52.5009,1294,0,4
1529515408.008061,0.527293,1412,0,2
1522956068.326965,48.6265,1412,0,4
1522888894.242219,11.7505,1412,0,1
1522763855.062502,10.039,1412,1,1
1522842708.209957,24.4189,1412,0,1
1522917979.286649,12.971,1412,0,4
1522865359.220416,12.2503,1412,0,1
1522928747.942609,42.501,1294,0,4
1522928752.748827,47.3072,1294,0,4
1529626613.175075,1.18774,1412,0,2
1522940270.014114,15.0197,1294,0,4
1522964099.435066,60.4907,1412,0,4
1522940303.405377,48.4109,74,1,4
1528083163.336701,106.262,101,1,0
1522956026.04719,6.34676,1412,0,4
1529554551.857584,0.307656,1412,0,2
1522865359.236799,12.2666,1412,0,1
1522953994.730334,3.3028,1412,0,4
1522956056.503002,36.8026,1412,0,4
1529644963.74489,0.982986,1412,0,2
1522953998.675807,7.24828,126,1,4
1522868694.046845,9.089,1412,0,1
1529644962.984366,0.222462,1412,0,2
1522859388.799131,12.1403,1412,0,1
1522853101.668572,2.61198,119,1,1
1522953993.248248,1.82072,1412,0,4
1529564286.651215,1.57938,1412,0,2
1522859388.598377,11.9395,1412,0,1
1529626612.247769,0.260438,1412,0,2
1522954026.77781,35.3503,1412,0,4
1522853100.797123,1.74053,1412,0,1
1522943096.69251,50.2646,1412,0,4
1522928753.462268,48.0207,1294,0,4
1522842701.043671,17.2526,1412,0,1
1522763854.994188,9.97071,1412,1,1
1522956020.940571,1.24014,1412,0,4
1522763865.681985,20.6585,1412,1,1
1522953994.765539,3.33801,126,1,4
1522768762.656675,11.8253,1412,1,1
1529513491.065059,0.196983,1392,0,2
1527987723.833001,3.42844,101,1,0
1522861277.042615,8.33373,1412,0,1
1529513492.092845,1.22477,136,0,2
1529645507.445692,1.25322,1412,0,2
1529554551.789572,0.239644,1412,0,2
1522954013.967489,22.54,1412,0,4
1529626612.848536,0.861205,126,1,2
1522635948.587608,7.52334,74,1,3
1522842691.245725,7.45465,1412,0,1
1527851007.299899,45.7361,329,0,0
1522956069.783225,50.0828,1412,0,4
1522868694.088617,9.13077,1412,0,1
1529644963.863317,1.10141,1412,0,2
1522859388.634078,11.9752,116,1,1
1529644963.482153,0.720249,1412,0,2
1522940294.267701,39.2732,1294,0,4
1522861277.759993,9.05111,1412,0,1
1522954026.759525,35.332,1412,0,4
1522956031.609491,11.9091,1412,0,4
1522842705.807308,22.0162,1412,0,1
1522928715.610209,10.1686,1294,0,4
1522886699.394069,10.5906,1412,0,1
1522940275.209989,20.2155,1294,0,4
1522954035.05943,43.6319,1412,0,4
1522842703.438563,19.6475,104,1,1
1522917994.316144,28.0005,1412,0,4
1529541635.927109,0.409399,1412,0,2
1522853104.445872,5.38928,1412,0,1
1522954026.619961,35.1924,125,1,4
1522853101.250049,2.19345,1412,0,1
1527993611.867962,116.215,87,0,0
1522928739.00226,33.5606,74,1,4
1527993593.044099,97.3912,101,1,0
1522953995.211296,3.78377,126,1,4
1522768775.526425,24.6951,1412,1,1
1522940285.779719,30.7853,1294,0,4
1522861278.075572,9.36669,1412,0,1
1522940261.694859,6.7004,74,1,4
1522928748.3173,42.8757,1294,0,4
1529515408.540977,1.06021,1412,0,2
1522768773.337988,22.5066,1412,1,1
1522861277.153502,8.44462,1412,0,1
1522922696.628426,53.2429,1392,0,4
1522940261.554228,6.55977,1294,0,4
1529626613.008344,1.02101,1412,0,2
1529645507.805772,1.6133,1412,0,2
1529644963.501309,0.739405,1412,0,2
1522768758.665294,7.83396,1412,0,1
1522853100.992324,1.93573,1412,0,1
1527741719.528512,1.62603,544,0,0
1522954035.110606,43.6831,1412,0,4
1522964042.862172,3.9178,1412,0,4
1522868693.429762,8.47192,126,1,1
1522868693.959865,9.00202,1412,0,1
1529478747.716687,1.09308,1412,0,2
1529554552.53797,0.988042,1412,0,2
1522928709.746703,4.30509,1294,0,4
1522842700.041974,16.2509,1412,0,1
1522859388.697014,12.0382,1412,0,1
1522953998.740779,7.31325,1412,0,4
1522922669.760471,26.3749,1392,0,4
1522940255.471632,0.477169,74,1,4
1522953992.133764,0.706234,1412,0,4
1522922655.997069,12.6115,1392,0,4
1522865359.097536,12.1274,1412,0,1
1529554552.830095,1.28017,1412,0,2
1522842704.741104,20.95,1412,0,1
1527993577.099366,81.4465,260,1,0
1522859387.814772,11.1559,1412,0,1
1522954035.234744,43.8072,1412,0,4
1522964095.871427,56.9271,1412,0,4
1529645507.484479,1.29201,1412,0,2
1529634881.600435,1.19147,1412,0,2
1522763864.278558,19.2551,1412,1,1
1529541636.475507,0.957797,1412,0,2
1522964043.013412,4.06904,1412,0,4
1522861277.409382,8.7005,1412,0,1
1522842699.04836,15.2573,104,1,1
1522886697.489853,8.68642,101,1,1
1529564287.088152,2.01631,1412,0,2
1522928715.420582,9.97897,1294,0,4
1529541636.412812,0.895102,1412,0,2
1522888894.881885,12.3902,1412,0,1
1522763858.881013,13.8575,1412,1,1
1527741823.078036,105.176,87,0,0
1522981572.117475,14.2527,1412,0,4
1522928706.114888,0.673271,1294,0,4
1522842704.123094,20.332,1412,0,1
1522918720.28094,19.9189,128,1,4
1522956038.852787,19.1524,1412,0,4
1522943063.030082,16.6022,125,1,4
1522953992.647206,1.21968,1412,0,4
1522865358.545078,11.5749,1412,0,1
1529478746.856821,0.233213,1412,0,2
1522859388.614151,11.9553,114,1,1
1522943052.269469,5.84158,1412,0,4
1522859388.372685,11.7139,1412,0,1
1522981563.904058,6.03925,1412,0,4
1522956056.433097,36.7327,1412,0,4
1522886703.133036,14.3296,1412,0,1
1522888894.605881,12.1142,122,1,1
1522886710.938666,22.1352,101,1,1
1522928739.031941,33.5903,1294,0,4
1522886713.15152,24.3481,1412,0,1
1522861277.024777,8.31589,100,1,1
1522940269.99471,15.0002,1294,0,4
1522954014.004383,22.5769,1412,0,4
1529515408.116543,0.635775,1412,0,2
1522768766.074014,15.2427,1412,1,1
1522943101.740355,55.3125,1412,0,4
1528083139.060481,81.9853,101,1,0
1529541635.756245,0.238535,1412,0,2
1522842699.325324,15.5342,104,1,1
1522943073.340567,26.9127,1412,0,4
1522956069.602334,49.9019,1412,0,4
1522713578.577054,6.17364,74,0,3
1529644964.070901,1.309,1412,0,2
1522953994.788321,3.36079,1412,0,4
1527924657.245003,6.71035,1412,0,0
1528085213.459773,49.6891,98,1,0
1529554552.306446,0.756518,1412,0,2
1527792024.537728,103.066,100,1,0
1522940285.769458,30.775,74,1,4
1522868694.541802,9.58396,1412,0,1
1522964095.788915,56.8445,1412,0,4
1522922662.12873,18.7432,910,0,4
1522940303.174786,48.1803,74,1,4
1522940280.577985,25.5835,1294,0,4
1522956026.053504,6.35307,126,1,4
1522662270.881949,0.99105,1294,0,3
1522928723.024514,17.5829,74,1,4
1522953995.202675,3.77515,1412,0,4
1527745283.595744,58.5186,231,0,0
1522739791.55826,6.38561,74,1,3
1522842698.13021,14.3391,107,1,1
1522768772.575308,21.744,1412,1,1
1522928731.554343,26.1127,1294,0,4
1527993526.995682,31.3428,148,0,0
1522943082.74979,36.3219,1412,0,4
1522928722.942226,17.5006,1294,0,4
1522940303.360126,48.3657,74,1,4
1529554552.635515,1.08559,1412,0,2
1522964083.697886,44.7535,1412,0,4
1522928717.7141,12.2725,1294,0,4
1529645506.869149,0.67668,1412,0,2
1522954013.859355,22.4318,1412,0,4
1522928706.10902,0.667403,74,1,4
1529634880.961809,0.552846,1412,0,2
1529564286.394071,1.32223,1412,0,2
1522964075.670291,36.7259,1412,0,4
1529564286.124249,1.05241,126,1,2
1529541636.59221,1.0745,1412,0,2
1529478747.145721,0.522113,1412,0,2
1522868694.565816,9.60797,1412,0,1
1522954026.781931,35.3544,1412,0,4
1522922645.12907,1.74352,1392,0,4
1527924758.445117,107.91,101,1,0
1527993609.10501,113.452,104,1,0
1529541635.892848,0.375138,1412,0,2
1522918720.157917,19.7959,1412,0,4
1522956020.466716,0.766286,1412,0,4
1529644962.908936,0.147032,100,1,2
1522763863.611069,18.5876,1412,1,1
1527993564.239107,68.5862,251,1,0
1522763864.037765,19.0143,1412,1,1
1522768762.801057,11.9697,97,0,1
1522853104.902416,5.84582,1412,0,1
1522964098.961921,60.0175,1412,0,4
1522768769.316901,18.4856,1412,1,1
1522918009.799098,43.4834,1412,0,4
1522853105.713715,6.65712,113,1,1
1529478747.595052,0.971444,1412,0,2
1522768774.775384,23.944,1412,1,1
1522853104.751582,5.69499,1412,0,1
1522943062.976256,16.5484,1412,0,4
1522763848.636803,3.61332,719,1,1
1522888894.691826,12.2001,1412,0,1
1522917994.319581,28.0039,1412,0,4
1522956077.179774,57.4793,1412,0,4
1522954026.715158,35.2876,1412,0,4
1522868693.408205,8.45036,1412,0,1
1522768769.768904,18.9376,106,0,1
1522853105.141875,6.08528,1412,0,1
1529515408.736369,1.2556,1412,0,2
1522981558.211551,0.346748,100,1,4
1527760539.494704,26.2564,148,0,0
1522922662.102912,18.7174,1392,0,4
1522888894.138875,11.6472,113,1,1
1529564286.707374,1.63554,458,0,2
1522964042.775905,3.83153,1412,0,4
1522964063.950471,25.0061,1412,0,4
1522940313.771574,58.7771,1294,0,4
1522868694.395087,9.43724,1412,0,1
1522865358.880709,11.9105,1412,0,1
1522956031.469084,11.7687,1412,0,4
1522842709.124348,25.3333,1412,0,1
1522953994.721868,3.29434,1412,0,4
1522954003.216958,11.7894,126,1,4
1529541636.255222,0.737512,1412,0,2
1522943088.579275,42.1514,1412,0,4
1522928715.556306,10.1147,1294,0,4
1522928752.880587,47.439,74,1,4
1522943082.799885,36.372,1412,0,4
1527851038.469932,76.9062,148,0,0
1522922683.107234,39.7217,1392,0,4
1529478747.19854,0.574932,1412,0,2
1529644963.675916,0.914012,1412,0,2
1522918753.27082,52.9088,1412,0,4
1522868693.402414,8.44457,1412,0,1
1522853103.172908,4.11631,1412,0,1
1522956069.192174,49.4917,1412,0,4
1529564285.395462,0.323625,1412,0,2
1522853103.336925,4.28033,1412,0,1
1522886698.001957,9.19852,101,1,1
1522842690.897856,7.10678,1412,0,1
1522861277.480052,8.77117,1412,0,1
1529554552.036671,0.486743,1412,0,2
1529644963.990036,1.22813,1412,0,2
1522956077.797809,58.0974,1412,0,4
1522956038.93368,19.2333,1412,0,4
1522940261.523315,6.52885,1294,0,4
1529626612.68598,0.698649,1412,0,2
1522727179.912111,6.67668,1294,0,3
1522842707.604066,23.813,101,1,1
1529541636.687012,1.1693,122,1,2
1522768774.31741,23.4861,1412,1,1
1522940256.203077,1.20861,1294,0,4
1522763859.682217,14.6587,1412,1,1
1522928739.013303,33.5717,1294,0,4
1522928731.52234,26.0807,1294,0,4
1522859387.750637,11.0918,1412,0,1
1522928705.662482,0.220865,74,1,4
1529554551.642073,0.092145,1412,0,2
1522943088.642221,42.2143,1412,0,4
1529564285.782025,0.710188,1412,0,2
1522886707.057378,18.2539,1412,0,1
1522886708.42052,19.6171,101,1,1
1522886707.383948,18.5805,1412,0,1
1522888894.623472,12.1318,1412,0,1
1522768774.258221,23.4269,1412,1,1
1522853102.435549,3.37895,1412,0,1
1527924749.449004,98.9143,92,0,0
1522763861.009421,15.9859,1412,1,1
1522868693.624706,8.66686,1412,0,1
1522768770.511295,19.68,1412,1,1
1522888894.02907,11.5373,1412,0,1
1529564286.394418,1.32258,1412,0,2
1522964040.772279,1.82791,1412,0,4
1522842706.737198,22.9461,1412,0,1
1529513492.070317,1.20224,67,0,2
1522928758.330601,52.889,86,1,4
1522859388.446167,11.7873,116,1,1
1528085165.915636,2.145,279,1,0
1522954045.325227,53.8977,1412,0,4
1522964042.898395,3.95402,1412,0,4
1522768763.742732,12.9114,1412,1,1
1522918016.044662,49.729,1412,0,4
1529554551.842337,0.292409,1412,0,2
1522768765.521357,14.69,94,0,1
1529554551.806227,0.256299,1412,0,2
1522928748.101846,42.6602,1294,0,4
1529554552.646212,1.09628,1412,0,2
1529541636.369273,0.851563,1412,0,2
1522859388.093391,11.4346,1412,0,1
1522928747.74687,42.3053,1294,0,4
1522853103.412816,4.35622,1412,0,1
1529515408.493746,1.01298,125,1,2
1522842697.219377,13.4283,1412,0,1
1522928729.294223,23.8526,1294,0,4
1522842696.308629,12.5175,1412,0,1
1522943052.212648,5.78476,125,1,4
1522964042.782948,3.83858,1412,0,4
1522956047.061865,27.3614,1412,0,4
1529541635.881739,0.364029,1412,0,2
1529541635.877117,0.359407,126,1,2
1522768775.592832,24.7615,1412,1,1
1522964040.783282,1.83891,1412,0,4
1522928723.016954,17.5753,74,1,4
1522886709.458617,20.6552,101,1,1
1522888894.792126,12.3004,1412,0,1
1522842702.545735,18.7547,1412,0,1
1522886706.418427,17.615,101,1,1
1522886699.678985,10.8756,1412,0,1
1522956077.006779,57.3063,1412,0,4
1527987830.947899,110.543,92,0,0
1522964075.542071,36.5977,1412,0,4
1522964095.599635,56.6553,1412,0,4
1522861278.439491,9.73061,1412,0,1
1522842709.523893,25.7328,104,1,1
1522917983.539633,17.224,125,1,4
1522888893.985278,11.4936,125,1,1
1522964083.252515,44.3081,1412,0,4
1522918720.165776,19.8038,1412,0,4
1522943052.382124,5.95423,1412,0,4
1522662270.377029,0.48613,1294,0,3
1522859388.37454,11.7157,1412,0,1
1522956069.986467,50.286,1412,0,4
1522918700.898514,0.5365,1412,0,4
1527760620.241137,107.003,104,1,0
1522918719.180339,18.8183,1412,0,4
1522861277.364079,8.65519,1412,0,1
1522861278.490334,9.78145,1412,0,1
1522953999.067916,7.64039,1412,0,4
1529513491.19951,0.331434,106,1,2
1529626613.029855,1.04252,1412,0,2
1522964070.303043,31.3587,1412,0,4
1522928748.64042,43.1988,74,1,4
1522865358.811599,11.8414,1043,0,1
1522943078.437825,32.0099,1412,0,4
1527924691.822323,41.2877,101,1,0
1522888895.067314,12.5756,1412,0,1
1529478746.789255,0.165647,1412,0,2
1529645507.771678,1.57921,1412,0,2
1522886704.494305,15.6909,101,1,1
1522768766.910025,16.0787,1412,1,1
1522868693.977069,9.01922,1412,0,1
1529564285.887754,0.815917,1412,0,2
1522888894.167853,11.6761,1412,0,1
1529554551.805849,0.255921,939,0,2
1522940256.148055,1.15359,1294,0,4
1522768763.833337,13.002,103,0,1
1522842696.680629,12.8895,1412,0,1
1522868693.629637,8.67179,947,0,1
1527745287.12645,62.0493,80,0,0
1522956031.652887,11.9525,146,0,4
1522868693.743911,8.78607,125,1,1
1522964099.911477,60.9671,1412,0,4
1522940285.739456,30.745,74,1,4
1522868694.573453,9.61561,1412,0,1
1522956065.888302,46.1879,186,1,4
1522918700.707503,0.345489,1412,0,4
1522956046.948749,27.2483,1412,0,4
1529644964.144397,1.38249,1412,0,2
1529478747.797256,1.17365,1412,0,2
1522859388.394274,11.7354,1412,0,1
1522918720.223627,19.8616,1412,0,4
1522964076.330811,37.3864,1412,0,4
1522888894.782907,12.2912,1412,0,1
1522928715.519848,10.0782,74,1,4
1529626613.015838,1.02851,1412,0,2
1522768767.551889,16.7206,103,0,1
1522763859.418332,14.3949,115,0,1
1522953995.163347,3.73582,1412,0,4
1522943063.011693,16.5838,1412,0,4
1522922683.231836,39.8463,1392,0,4
1522763865.034937,20.0115,101,0,1
1522922696.717192,53.3316,1392,0,4
1522953994.46832,3.04079,1412,0,4
1522865358.095635,11.1255,125,1,1
1522853104.593325,5.53673,1412,0,1
1522940303.71166,48.7172,74,1,4
1522928747.894954,42.4533,1294,0,4
1529515408.07364,0.592872,1412,0,2
1522918701.535541,1.17353,1412,0,4
1522768763.045393,12.2141,100,0,1
1522861277.827668,9.11878,1412,0,1
1529541636.462098,0.944388,930,0,2
1522928709.614475,4.17286,1294,0,4
1522861278.224109,9.51522,1412,0,1
1522763854.92242,9.89894,1412,1,1
1522868694.009528,9.05168,1412,0,1
1522861278.260303,9.55142,1412,0,1
1522888895.002322,12.5106,1412,0,1
1522943046.58696,0.159071,125,1,4
1522956021.005728,1.3053,126,1,4
1529645506.572436,0.379967,1412,0,2
1522842695.05513,11.2641,104,1,1
1522861277.128312,8.41943,1412,0,1
1522886701.805015,13.0016,1412,0,1
1529644964.135097,1.37319,1412,0,2
1522886698.25747,9.45404,1412,0,1
1522886702.586686,13.7833,1412,0,1
1522888894.884539,12.3928,1412,0,1
1522868694.18875,9.23091,1412,0,1
1527741834.869989,116.968,87,0,0
1529645507.811413,1.61894,1412,0,2
1528083171.392233,114.317,148,0,0
1522635948.792045,7.72778,142,0,3
1529554552.613609,1.06368,1412,0,2
1522956026.097585,6.39716,1412,0,4
1529564285.838638,0.766801,126,1,2
1529478747.789658,1.16605,1412,0,2
1529513491.315789,0.447713,105,1,2
1522943097.022305,50.5944,1412,0,4
1522886710.213429,21.41,1412,0,1
1522853101.693428,2.63683,1412,0,1
1522981612.850663,54.9859,1412,0,4
1522868694.000177,9.04233,1412,0,1
1522842695.138925,11.3478,1412,0,1
1522943078.572878,32.145,1412,0,4
1529513491.372674,0.504598,1392,0,2
1529645507.164087,0.971618,1412,0,2
1522859388.784803,12.126,1412,0,1
1522981613.135867,55.2711,1412,0,4
1522964051.428201,12.4838,1412,0,4
1522922669.787156,26.4016,106,1,4
1522763856.121143,11.0977,98,0,1
1522943096.272286,49.8444,1412,0,4
1522768763.339686,12.5083,1412,1,1
1522953994.743079,3.31555,930,0,4
1522964083.033681,44.0893,1412,0,4
1522943073.279029,26.8511,1412,0,4
1522956077.199774,57.4993,1412,0,4
1522940285.816265,30.8218,1294,0,4
1522943063.142,16.7141,1412,0,4
1522956056.50009,36.7997,1412,0,4
1529554552.088182,0.538254,1412,0,2
1527924660.739521,10.2049,87,0,0
1522861278.316332,9.60745,1412,0,1
1522981568.251117,10.3863,126,1,4
1522768765.848075,15.0167,1412,1,1
1522865358.17951,11.2094,126,1,1
1522940313.956036,58.9616,1294,0,4
1522956065.90018,46.1998,183,1,4
1527745277.927227,52.8501,147,0,0
1522928705.611732,0.170115,74,1,4
1522853101.830783,2.77419,1412,0,1
1529645506.89286,0.700391,1412,0,2
1522861278.430656,9.72177,125,1,1
1527760592.456549,79.2182,332,0,0
1522886697.654828,8.85139,101,1,1
1522842699.86471,16.0736,1412,0,1
1522861277.223298,8.51441,1412,0,1
1522918024.54858,58.2329,930,0,4
1529515408.101861,0.621093,1412,0,2
1522940280.507454,25.513,1294,0,4
1522768774.426817,23.5955,103,0,1
1529513491.649354,0.781278,1392,0,2
1529564286.022314,0.950477,1412,0,2
1522928758.98444,53.5428,1294,0,4
1522727179.506525,6.27109,74,1,3
1522654301.231168,0.139838,1294,0,3
1522956077.759895,58.0595,1412,0,4
1522763864.349648,19.3262,1412,1,1
1522865358.683835,11.7137,1412,0,1
1528085277.682861,113.912,148,0,0
1522922669.636042,26.2505,1392,0,4
1522853104.287563,5.23097,1412,0,1
1529644964.020252,1.25835,930,0,2
1522853101.518808,2.46221,1412,0,1
1522842710.885771,27.0947,1412,0,1
1522868694.62433,9.66649,1412,0,1
1527924709.553234,59.0186,100,0,0
1529626612.589987,0.602656,1412,0,2
1529515408.0381,0.557332,1412,0,2
1522928722.93647,17.4949,1294,0,4
1529644964.299728,1.53782,1412,0,2
1522928715.615147,10.1735,1294,0,4
1522918733.894203,33.5322,1412,0,4
1522865358.835734,11.8656,125,1,1
1522943073.28307,26.8552,1412,0,4
1522981612.860857,54.9961,1412,0,4
1522853100.157436,1.10084,1412,0,1
1529644963.205585,0.443681,1412,0,2
1522859388.518547,11.8597,1412,0,1
1522886711.880725,23.0773,101,1,1
1522763859.350175,14.3267,1412,1,1
1527993507.716881,12.064,623,0,0
1522886710.370497,21.5671,1412,0,1
1522861278.100182,9.3913,1412,0,1
1522981572.184419,14.3196,1412,0,4
1522981596.83018,38.9654,1412,0,4
1522940261.668529,6.67407,74,1,4
1529554552.922536,1.37261,1412,0,2
1522943047.060076,0.632187,1412,0,4
1522853101.3309,2.2743,1412,0,1
1522928731.685358,26.2437,1294,0,4
1522868694.365656,9.40781,1412,0,1
1522868694.30494,9.3471,1412,0,1
1522922655.834796,12.4492,1392,0,4
1529564286.804082,1.73224,1412,0,2
1522956038.897702,19.1973,1412,0,4
1522842710.250003,26.4589,1412,0,1
1522954026.61774,35.1902,1412,0,4
1529564286.069037,0.9972,1412,0,2
1522943088.480078,42.0522,1412,0,4
1522861277.569868,8.86098,1412,0,1
1527851053.702178,92.1384,236,0,0
1529564286.112475,1.04064,1412,0,2
1522886701.423226,12.6198,1412,0,1
1522853100.142949,1.08635,1412,0,1
1529626612.81923,0.831899,1412,0,2
1529645506.940427,0.747958,1412,0,2
1522981563.978175,6.11337,126,1,4
1522888894.086337,11.5946,1412,0,1
1522940312.999344,58.0049,74,1,4
1529644964.331832,1.56993,1412,0,2
1522922645.331305,1.94575,106,1,4
1522861277.666905,8.95802,125,1,1
1522922683.199243,39.8137,1392,0,4
1522954013.814419,22.3869,1412,0,4
1522886710.553778,21.7503,1412,0,1
1522943073.281269,26.8534,1412,0,4
1522956038.660473,18.96,1412,0,4
1527993549.025547,53.3727,578,1,0
1529626612.632042,0.644711,1412,0,2
1522981563.975171,6.11037,1412,0,4
1522918700.691505,0.329491,1412,0,4
1522940270.095344,15.1009,1294,0,4
1522954026.617078,35.1895,1412,0,4
1522886697.687735,8.8843,1412,0,1
1522954045.267218,53.8397,1412,0,4
1522842700.475372,16.6843,1412,0,1
1522953994.431289,3.00376,1412,0,4
1529626612.346514,0.359183,1412,0,2
1529513491.312366,0.44429,1392,0,2
1522888894.532833,12.0411,1412,0,1
1529644963.889216,1.12731,1412,0,2
1522954026.629464,35.2019,1412,0,4
1529634882.028873,1.61991,1412,0,2
1529515407.910721,0.429953,1412,0,2
1522886699.259991,10.4566,101,1,1
1522928722.955096,17.5135,1294,0,4
1522918702.325851,1.96384,1412,0,4
1522768763.385574,12.5542,1412,1,1
1522763857.383069,12.3596,1412,1,1
1527791943.474048,22.0021,392,1,0
1522964058.582761,19.6384,1412,0,4
1522861277.304078,8.59519,1412,0,1
1522865358.191295,11.2211,1412,0,1
1522886712.678788,23.8754,101,1,1
1522922669.696405,26.3109,1392,0,4
1522886713.558771,24.7553,1412,0,1
1529554552.213116,0.663188,1412,0,2
1522865359.505399,12.5352,1412,0,1
1522940294.361119,39.3667,1294,0,4
1522940261.587536,6.59307,1294,0,4
1522647182.303693,0.456916,1294,1,3
1528083127.60169,70.5265,87,0,0
1528083117.838135,60.7629,92,0,0
1522886707.922812,19.1194,1412,0,1
1522859388.010842,11.352,1412,0,1
1529513492.014968,1.14689,1392,0,2
1529564287.213833,2.142,1412,0,2
1522768765.831088,14.9998,1412,1,1
1527850975.647947,14.0842,146,0,0
1522859387.892476,11.2336,1412,0,1
1522940313.017331,58.0229,74,1,4
1522943088.513831,42.0859,1412,0,4
1529515408.430637,0.949869,1412,0,2
1527987828.228702,107.824,104,1,0
1529644964.201711,1.43981,1412,0,2
1522964063.898607,24.9542,1412,0,4
1522964042.891741,3.94737,1412,0,4
1522956038.9646,19.2642,1412,0,4
1522928709.683889,4.24227,74,1,4
1522859388.439948,11.7811,1412,0,1
1529634881.808356,1.39939,1412,0,2
1522662270.653891,0.762992,1294,0,3
1527924749.443566,98.9089,304,0,0
1522928709.611961,4.17034,86,1,4
1522886707.618957,18.8155,1412,0,1
1522964039.40735,0.462979,1412,0,4
1522859388.047249,11.3884,1412,0,1
1522940261.577956,6.58349,1294,0,4
1522940280.612583,25.6181,1294,0,4
1522940285.914772,30.9203,1294,0,4
1522868693.307041,8.3492,1412,0,1
1529554552.468253,0.918325,125,1,2
1522943052.267917,5.84003,1412,0,4
1522763864.153475,19.13,1412,1,1
1522918748.526266,48.1643,116,1,4
1522953999.067199,7.63967,1412,0,4
1529634881.782,1.37304,1412,0,2
1522956077.852814,58.1524,1412,0,4
1529515407.783357,0.302589,1412,0,2
1522956065.778199,46.0778,1412,0,4
1522768764.233394,13.4021,1412,1,1
1522868694.865126,9.90728,1412,0,1
1522954035.226637,43.7991,1412,0,4
1528083150.567391,93.4922,92,0,0
1522928744.176824,38.7352,1294,0,4
1522928758.311002,52.8694,74,1,4
1529478747.24347,0.619862,1412,0,2
1522956065.886218,46.1858,1412,0,4
1522940314.934141,59.9397,1294,0,4
1522918720.28453,19.9225,1412,0,4
1522853100.490015,1.43342,1412,0,1
1522928752.896297,47.4547,1294,0,4
1522859388.825866,12.167,1412,0,1
1527851072.923978,111.36,394,1,0
1529626613.065882,1.07855,1412,0,2
1522928709.561274,4.11966,86,1,4
1522940303.266339,48.2719,1294,0,4
1529564286.123102,1.05127,1412,0,2
1522763861.769697,16.7462,95,0,1
1529554551.805103,0.255175,1412,0,2
1522716080.12459,7.59931,1294,0,3
1522768770.927931,20.0966,1412,1,1
1527987808.566141,88.1616,92,0,0
1522964043.009316,4.06494,1412,0,4
1529554552.829463,1.27954,1412,0,2
1529564285.783959,0.712122,125,1,2
1529478747.549266,0.925658,1412,0,2
1522964075.73729,36.7929,1412,0,4
1529515408.030916,0.550148,1412,0,2
1527741820.8638,102.961,267,1,0
1522842697.902195,14.1111,1412,0,1
1522868693.767685,8.80984,1412,0,1
1529515408.357825,0.877057,1412,0,2
1522943078.59928,32.1714,1412,0,4
1522928758.739521,53.2979,1294,0,4
1522859388.831073,12.1722,1412,0,1
1522868693.46686,8.50902,1412,0,1
1522928744.182277,38.7407,1294,0,4
1529513491.956437,1.08836,1392,0,2
1522964095.708414,56.764,1412,0,4
1522763860.916594,15.8931,1412,1,1
1529634881.818608,1.40965,117,1,2
1529478746.983604,0.359996,126,1,2
1522861277.218425,8.50954,1412,0,1
1522888894.900014,12.4083,1412,0,1
1529515407.825145,0.344377,1412,0,2
1522943082.82112,36.3932,1412,0,4
1529515408.363359,0.882591,1412,0,2
1522647189.340222,7.49344,74,0,3
1529478747.558314,0.934706,110,1,2
1522918708.662956,8.30094,1412,0,4
1522943063.157598,16.7297,1412,0,4
1529645507.128466,0.935997,1412,0,2
1522940261.685301,6.69084,1294,0,4
1522956065.622367,45.9219,1412,0,4
1522940314.640611,59.6461,1294,0,4
1522928709.540683,4.09907,86,1,4
1529644962.860829,0.0989251,100,1,2
1522859387.855121,11.1963,508,0,1
1527924750.659285,100.125,148,0,0
1522859387.890104,11.2313,1412,0,1
1529645507.184292,0.991823,1412,0,2
1522940255.774296,0.779833,1294,0,4
1522853100.260021,1.20343,1412,0,1
1529541636.103528,0.585818,1412,0,2
1522922669.727702,26.3421,1392,0,4
1529515408.707815,1.22705,1412,0,2
1522865359.238402,12.2682,1412,0,1
1522964058.582069,19.6377,1412,0,4
1522865359.000649,12.0305,125,1,1
1522842700.895713,17.1046,1412,0,1
1527741746.520331,28.6178,384,1,0
1529541636.032185,0.514475,1412,0,2
1529645507.213095,1.02063,1412,0,2
1529644964.201268,1.43936,1412,0,2
1522861277.39287,8.68398,1412,0,1
1522928731.603358,26.1617,1294,0,4
1522943073.212459,26.7846,1412,0,4
1522928739.105776,33.6642,1294,0,4
1522953994.794772,3.36724,126,1,4
1522888885.482896,2.99118,440,1,1
1522922677.829124,34.4436,1392,0,4
1522842692.71523,8.92415,1412,0,1
1522928729.28822,23.8466,1294,0,4
1522768773.003428,22.1721,1412,1,1
1522928723.121672,17.6801,1294,0,4
1522888893.935892,11.4442,1412,0,1
1529515408.514098,1.03333,1412,0,2
1522768769.247699,18.4164,97,0,1
1529478747.776391,1.15278,1412,0,2
1522940304.060096,49.0656,1294,0,4
1522956038.853217,19.1528,1412,0,4
1522842700.135511,16.3444,1412,0,1
1522940302.982444,47.988,1294,0,4
1527791994.684346,73.2124,147,0,0
1522868693.936444,8.9786,1412,0,1
1522943073.325715,26.8978,1412,0,4
1522943101.492182,55.0643,1412,0,4
1522964083.319238,44.3749,1412,0,4
1529564285.639062,0.567225,125,1,2
1522943078.512659,32.0848,1412,0,4
1522928748.419086,42.9775,1294,0,4
1522943052.321367,5.89348,1412,0,4
1522886713.230446,24.427,1412,0,1
1522859388.26385,11.605,1412,0,1
1522953992.108662,0.681132,1412,0,4
1529513491.85114,0.983064,1392,0,2
1522943046.952063,0.524174,1412,0,4
1522888894.599937,12.1082,1412,0,1
1522763865.550408,20.5269,98,0,1
1529513491.398335,0.530259,1392,0,2
1522928731.645113,26.2035,1294,0,4
1527850961.877317,0.313546,1412,0,0
1522859388.155973,11.4971,1412,0,1
1522928758.342902,52.9013,86,1,4
1529564285.635685,0.563848,1412,0,2
1529554552.028871,0.478943,930,0,2
1522940256.186071,1.19161,1294,0,4
1522956070.484455,50.784,107,1,4
1529554552.645173,1.09525,1412,0,2
1522768763.377693,12.5464,1412,1,1
1522888895.063093,12.5714,1412,0,1
1522943101.357175,54.9293,1412,0,4
1522940303.628981,48.6345,1294,0,4
1522886705.625473,16.822,1412,0,1
1527987793.169121,72.7646,100,0,0
1529478747.105701,0.482093,1412,0,2
1522956053.174664,33.4742,1412,0,4
1522842702.020173,18.2291,1412,0,1
1529645507.792987,1.60052,1412,0,2
1527745237.762128,12.685,801,0,0
1522922655.916374,12.5308,1392,0,4
1529564287.111253,2.03942,1412,0,2
1522868693.897772,8.93993,1412,0,1
1522842706.172795,22.3817,104,1,1
1522865358.547633,11.5775,1412,0,1
1522918748.496588,48.1346,1412,0,4
1522868694.029529,9.07168,1412,0,1
1522964039.66821,0.723839,1412,0,4
1522861278.20459,9.49571,1412,0,1
1529478747.139197,0.515589,466,0,2
1522768766.091493,15.2602,1412,1,1
1522922645.228072,1.84252,1392,0,4
1522922683.175444,39.7899,1392,0,4
1529644962.860757,0.0988531,1412,0,2
1522940285.896734,30.9023,1294,0,4
1522763856.248336,11.2249,1412,1,1
1522956065.224156,45.5237,1412,0,4
1522956028.223335,8.52291,1412,0,4
1522928706.064891,0.623274,1294,0,4
1529645507.113016,0.920547,1412,0,2
1522865358.822212,11.8521,125,1,1
1522940294.401473,39.407,1294,0,4
1522886710.293664,21.4902,1412,0,1
1522763854.699534,9.67605,101,0,1
1529634881.83477,1.42581,1412,0,2
1522943063.167995,16.7401,122,0,4
1522940280.579105,25.5846,74,1,4
1522940255.892105,0.897642,74,1,4
1522954026.747881,35.3204,1412,0,4
1522922696.623822,53.2383,1392,0,4
1522943096.225072,49.7972,1412,0,4
1529645507.117153,0.924684,1412,0,2
1522768762.84871,12.0174,1412,1,1
1522768765.363534,14.5322,1412,1,1
1522940270.137359,15.1429,1294,0,4
1522940285.91922,30.9248,74,1,4
1522928709.585764,4.14415,1294,0,4
1522956046.948407,27.248,1412,0,4
1522853103.553318,4.49672,1412,0,1
1527924757.609737,107.075,550,1,0
1529515407.680855,0.200087,1412,0,2
1529634881.991294,1.58233,1412,0,2
1522943088.648445,42.2206,1412,0,4
1522964043.001259,4.05689,1412,0,4
1522859388.681898,12.0231,1412,0,1
1522886708.350709,19.5473,1412,0,1
1522859387.766686,11.1079,1412,0,1
1522842695.346421,11.5553,1412,0,1
1522964094.898407,55.954,107,1,4
1522922669.614456,26.2289,1392,0,4
1522943100.917148,54.4893,1412,0,4
1522954003.246813,11.8193,1412,0,4
1522861278.080545,9.37166,1412,0,1
1529478747.298327,0.674719,1412,0,2
1527924718.002533,67.4679,87,0,0
1522768774.743779,23.9124,1412,1,1
1529626612.492615,0.505284,1412,0,2
1527760577.21362,63.9753,1105,1,0
1527760529.342103,16.1038,178,0,0
1522943057.56442,11.1365,1412,0,4
1522943052.326779,5.89889,1412,0,4
1529634881.60862,1.19966,117,1,2
1522886705.03249,16.2291,1412,0,1
1522964084.064316,45.1199,1412,0,4
1522928709.514374,4.07276,1294,0,4
1522865358.532084,11.5619,1412,0,1
1522886710.820604,22.0172,101,1,1
1522768773.479744,22.6484,1412,1,1
1522865359.165077,12.1949,1412,0,1
1529564285.679529,0.607692,1412,0,2
1522940294.367164,39.3727,1294,0,4
1529645507.719732,1.52726,1412,0,2
1522768770.656843,19.8255,1412,1,1
1529645507.511209,1.31874,1412,0,2
1522956047.127792,27.4274,1412,0,4
1529478746.71939,0.0957818,1412,0,2
1522940285.749747,30.7553,1294,0,4
1522964083.390782,44.4464,276,1,4
1522928715.521086,10.0795,1294,0,4
1522859387.848691,11.1899,1412,0,1
1522956068.188492,48.4881,1412,0,4
1522928753.451594,48.01,1294,0,4
1522928709.423879,3.98226,1294,0,4
1529515407.84761,0.366842,1412,0,2
1522865359.197701,12.2275,1412,0,1
1522954026.620301,35.1928,1412,0,4
1522954003.170613,11.7431,1412,0,4
1527993570.850748,75.1979,101,1,0
1528085251.528855,87.7582,292,0,0
1529644964.128923,1.36702,1412,0,2
1522842703.394144,19.6031,1412,0,1
1522888894.45429,11.9626,1412,0,1
1529513491.825118,0.957042,1392,0,2
1529626612.844835,0.857504,1412,0,2
1529644963.174558,0.412654,1412,0,2
1522981558.271912,0.407109,1412,0,4
1522954045.332239,53.9047,1412,0,4
1522865358.635545,11.6654,1412,0,1
1528085164.957897,1.18726,110,1,0
1527993544.014487,48.3616,230,0,0
1522918024.548775,58.2331,1412,0,4
1522928706.141905,0.700288,1294,0,4
1522868693.873079,8.91523,1412,0,1
1522981568.25375,10.3889,1412,0,4
1529644964.164709,1.40281,1412,0,2
1522865358.876529,11.9064,1412,0,1
1522886704.510285,15.7069,1412,0,1
1522922645.329295,1.94374,106,1,4
1522842702.213525,18.4224,104,1,1
1522865358.709446,11.7393,1412,0,1
1522953992.080461,0.652931,1412,0,4
1529634881.601473,1.19251,1412,0,2
1522964058.618679,19.6743,930,0,4
1522763861.83474,16.8113,1412,1,1
1528083070.075106,12.9999,92,0,0
1522964042.777394,3.83302,1412,0,4
1522940314.82305,59.8286,1294,0,4
1522842698.079973,14.2889,101,1,1
1522943082.812831,36.3849,1412,0,4
1522865359.205486,12.2353,1412,0,1
1529626612.730828,0.743497,1412,0,2
1522964051.365476,12.4211,1412,0,4
1522928731.494964,26.0533,1294,0,4
1522940255.77915,0.784687,1294,0,4
1529478746.821314,0.197706,138,1,2
1522940275.193917,20.1995,1294,0,4
1529541636.370339,0.852629,1412,0,2
1522865358.413245,11.4431,1412,0,1
1527850972.302981,10.7392,107,0,0
1522888895.045424,12.5537,1412,0,1
1522954014.219131,22.7916,1412,0,4
1522865358.256588,11.2864,1412,0,1
1522763859.434206,14.4107,1412,1,1
1527850961.88185,0.318079,1412,0,0
1522853105.150898,6.0943,1412,0,1
1529541636.413274,0.895564,1412,0,2
1522943052.285797,5.85791,1412,0,4
1522928731.705742,26.2641,1294,0,4
1522763858.234445,13.211,98,0,1
1522888894.903776,12.4121,1412,0,1
1522943097.210366,50.7825,1412,0,4
1522922655.842658,12.4571,1392,0,4
1522956068.354324,48.6539,110,1,4
1522981558.266871,0.402068,1412,0,4
1522888894.305159,11.8134,1412,0,1
1522861277.465966,8.75708,1412,0,1
1522954003.502508,12.075,1412,0,4
1529541635.696911,0.179201,1412,0,2
1522943082.695068,36.2672,1412,0,4
1522940302.541236,47.5468,1294,0,4
1522956047.05342,27.353,1412,0,4
1522868693.609617,8.65177,1412,0,1
1522763866.868866,21.8454,98,0,1
1522713579.222551,6.81914,112,0,3
1522964095.821421,56.877,1412,0,4
1522859388.808515,12.1497,1412,0,1
1527760598.74438,85.5061,98,1,0
1527987820.755253,100.351,231,0,0
1522928731.506524,26.0649,1294,0,4
1527987733.595253,13.1907,80,0,0
1527993498.43327,2.7804,1412,1,0
1522918720.311608,19.9496,1412,0,4
1522763856.336664,11.3132,1412,1,1
1522956020.060981,0.360551,1412,0,4
1522763856.017461,10.994,104,0,1
1522928752.805072,47.3635,74,1,4
1522964095.586957,56.6426,1412,0,4
1522928758.234155,52.7925,1294,0,4
1529554552.76008,1.21015,1412,0,2
1527987722.163003,1.75844,107,1,0
1522956065.98063,46.2802,1412,0,4
1529644963.670661,0.908757,1412,0,2
1529644963.541111,0.779207,1412,0,2
1529513491.062943,0.194867,1392,0,2
1522981568.250882,10.3861,1412,0,4
1522859388.419063,11.7602,1412,0,1
1522940294.348247,39.3538,1294,0,4
1522768774.308892,23.4776,1412,1,1
1522886706.441399,17.638,1412,0,1
1522713581.487025,9.08361,1294,0,3
1522859388.29191,11.6331,1412,0,1
1527745308.434153,83.357,148,0,0
1522943106.195539,59.7676,1412,0,4
1529634880.975419,0.566456,1412,0,2
1522981568.256975,10.3922,1412,0,4
1522853101.683999,2.6274,1412,0,1
1529645507.416023,1.22355,1412,0,2
1522928748.484337,43.0427,74,1,4
1522859387.985061,11.3262,116,1,1
1522842701.075879,17.2848,1412,0,1
1527791949.90239,28.4304,91,0,0
1522842692.185885,8.39481,1412,0,1
1522940302.510977,47.5165,1294,0,4
1522940285.810693,30.8162,1294,0,4
1529541636.545943,1.02823,1412,0,2
1522964083.022745,44.0784,130,1,4
1522763855.427698,10.4042,1412,1,1
1529478746.845642,0.222034,1412,0,2
1529645506.970435,0.777966,1412,0,2
1529645507.177079,0.98461,939,0,2
1522918720.250232,19.8882,1412,0,4
1522956047.035155,27.3347,1412,0,4
1522953994.711675,3.28414,1412,0,4
1522964099.906026,60.9617,1412,0,4
1522956038.785368,19.0849,1412,0,4
1522928739.014494,33.5729,1294,0,4
1529626613.046048,1.05872,1412,0,2
1522940302.897725,47.9033,1294,0,4
1522859387.941761,11.2829,1412,0,1
1522956069.369375,49.6689,110,1,4
1522842692.529509,8.73843,1412,0,1
1522928715.644907,10.2033,74,1,4
1527791973.30024,51.8283,87,0,0
1529478747.024685,0.401077,1412,0,2
1522940285.855763,30.8613,74,1,4
1522964064.02095,25.0766,1412,0,4
1522865359.441837,12.4717,1412,0,1
1522922669.602057,26.2165,1392,0,4
1522943073.290729,26.8628,1412,0,4
1529541636.467613,0.949903,1412,0,2
1522918700.901021,0.539007,1412,0,4
1522861277.4378,8.72891,1412,0,1
1522842705.702709,21.9116,1412,0,1
1527745281.283039,56.2059,260,1,0
1529515407.747499,0.266731,1412,0,2
1529626612.390965,0.403634,1412,0,2
1522928709.646144,4.20453,94,1,4
1522888894.029354,11.5376,1412,0,1
1522964083.372788,44.4284,1412,0,4
1522868694.650105,9.69226,1412,0,1
1522964083.98533,45.041,1412,0,4
1522922669.735723,26.3502,1392,0,4
1522868693.862306,8.90446,126,1,1
1527760582.139451,68.9011,98,1,0
1529645507.753061,1.56059,1412,0,2
1527924732.813551,82.2789,87,0,0
1522940302.904323,47.9099,1294,0,4
1522861278.019413,9.31053,1412,0,1
1522964051.41756,12.4732,1412,0,4
1522953995.172503,3.74497,126,1,4
1522853101.592733,2.53614,1412,0,1
1522888894.765606,12.2739,1412,0,1
1522922692.320896,48.9353,1392,0,4
1522956069.925454,50.225,1412,0,4
1522953992.060314,0.632784,1412,0,4
1522943063.010376,16.5825,1412,0,4
1522922696.717962,53.3324,106,1,4
1522964075.780645,36.8363,1412,0,4
1522918702.321605,1.95959,1412,0,4
1527993540.676902,45.024,87,0,0
1527993542.197333,46.5445,87,0,0
1527745325.114121,100.037,391,1,0
1522865358.449401,11.4792,125,1,1
1522865359.287766,12.3176,1412,0,1
1522715510.956678,6.94102,1294,0,3
1522922696.61153,53.226,1392,0,4
1529554551.793293,0.243365,1412,0,2
1527987750.598749,30.1942,260,1,0
1522888894.174876,11.6832,1412,0,1
1522922655.815275,12.4297,1392,0,4
1522964058.591953,19.6476,1412,0,4
1527741826.790218,108.888,235,0,0
1522768773.473384,22.642,1343,1,1
1522940285.751754,30.7573,1294,0,4
1522853102.961861,3.90527,1412,0,1
1522865358.394869,11.4247,1412,0,1
1522940312.993305,57.9988,1294,0,4
1522842690.909819,7.11874,103,1,1
1522859388.398232,11.7394,1412,0,1
1529478746.927948,0.30434,1412,0,2
1522654301.210907,0.119577,74,1,3
1529564286.071024,0.999187,1412,0,2
1529645506.598157,0.405688,1412,0,2
1522842698.772553,14.9815,1412,0,1
1522868694.845864,9.88802,1412,0,1
1522940269.953444,14.959,1294,0,4
1522886708.736463,19.933,1412,0,1
1522768763.056981,12.2256,1412,1,1
1522861277.18697,8.47809,1412,0,1
1529554552.001531,0.451603,1412,0,2
1522953993.309248,1.88172,1412,0,4
1522953992.612227,1.1847,1412,0,4
1522956076.950361,57.2499,1412,0,4
1522853102.337121,3.28053,1412,0,1
1522886704.191809,15.3884,1412,0,1
1522842703.973323,20.1822,1412,0,1
1522981612.948887,55.0841,123,1,4
1522842691.9328,8.14172,1412,0,1
1522922669.670233,26.2847,1392,0,4
1522768765.606813,14.7755,1412,1,1
1522853104.422797,5.3662,1412,0,1
1522868694.589958,9.63211,1412,0,1
1522842710.033754,26.2427,1412,0,1
1522953994.4393,3.01177,1412,0,4
1527741824.451242,106.549,148,0,0
1522943047.030072,0.602183,1412,0,4
1522928739.007919,33.5663,1294,0,4
1522940294.248261,39.2538,1294,0,4
1522928715.588656,10.147,74,1,4
1522861278.412478,9.70359,1412,0,1
1522928752.762317,47.3207,1294,0,4
1529541636.023441,0.505731,1412,0,2
1529541636.025014,0.507304,1412,0,2
1522922655.989912,12.6044,1392,0,4
1522865358.758602,11.7884,1412,0,1
1522868694.74295,9.7851,1412,0,1
1522953995.169346,3.74182,1412,0,4
1522928723.085859,17.6442,1294,0,4
1529564287.730337,2.6585,1412,0,2
1522842709.456699,25.6656,1412,0,1
1522918700.935508,0.573494,1412,0,4
1522853102.920825,3.86423,1412,0,1
1522940303.975818,48.9814,1294,0,4
1522954035.210862,43.7833,1412,0,4
1527987733.155908,12.7513,1412,1,0
1522928758.195937,52.7543,74,1,4
1529554552.528837,0.978909,1412,0,2
1522940256.135069,1.14061,1294,0,4
1522940270.030913,15.0365,74,1,4
1522842705.151191,21.3601,1412,0,1
1522713580.789547,8.38613,74,1,3
1529644964.309865,1.54796,1412,0,2
1522953994.694706,3.26718,1412,0,4
1522964083.077044,44.1327,1412,0,4
1522928731.689356,26.2477,1294,0,4
1522886712.38214,23.5787,1412,0,1
1522859388.751347,12.0925,1412,0,1
1522768765.57359,14.7423,1412,1,1
1522888894.283254,11.7915,1412,0,1
1522918700.956533,0.594519,1412,0,4
1522956065.442127,45.7417,233,1,4
1522953993.249248,1.82172,1412,0,4
1522943046.943079,0.51519,1412,0,4
1529513491.555973,0.687897,1392,0,2
1522922643.926993,0.54144,1392,0,4
1529634881.567603,1.15864,116,1,2
1522842701.172141,17.3811,1412,0,1
1522940270.042013,15.0475,74,1,4
1529644963.10339,0.341486,1412,0,2
1522917999.535808,33.2201,1412,0,4
1522981568.247639,10.3828,1412,0,4
1522868694.785723,9.82788,1412,0,1
1529564285.669144,0.597307,1412,0,2
1522928752.964915,47.5233,1294,0,4
1522886710.917612,22.1142,101,1,1
1522943088.573448,42.1456,1412,0,4
1529541636.217132,0.699422,1412,0,2
1522940302.975236,47.9808,1294,0,4
1527745233.990279,8.91316,834,0,0
1522886706.064703,17.2613,1412,0,1
1529478747.893448,1.26984,1412,0,2
1529513491.057283,0.189207,104,1,2
1529634880.971885,0.562922,1412,0,2
1529626612.167659,0.180328,1412,0,2
1529564285.529063,0.457226,1412,0,2
1522861278.132731,9.42385,1412,0,1
1528085175.656904,11.8863,1412,1,0
1522865358.869612,11.8995,1412,0,1
1522918739.268318,38.9063,1412,0,4
1522922669.706139,26.3206,1392,0,4
1522853102.864813,3.80822,1412,0,1
1529478747.415352,0.791744,1412,0,2
1522763865.37667,20.3532,1412,1,1
1529634881.314394,0.905431,1412,0,2
1522763862.800193,17.7767,1412,1,1
1529634880.937284,0.528321,1412,0,2
1522922683.270644,39.8851,1392,0,4
1529564285.285009,0.213172,1412,0,2
1522886702.615214,13.8118,101,1,1
1522956038.762928,19.0625,1412,0,4
1522768768.16147,17.3301,1412,1,1
1522768758.604074,7.77274,103,1,1
1527741724.757372,6.85489,211,0,0
1529554552.023696,0.473768,1412,0,2
1522886709.670619,20.8672,101,1,1
1522943057.524507,11.0966,126,1,4
1522861277.836979,9.12809,1412,0,1
1529554552.014012,0.464084,1412,0,2
1522964040.57507,1.6307,1412,0,4
1522943063.036393,16.6085,1412,0,4
1522981558.742753,0.87795,125,1,4
1528085258.171739,94.4011,255,0,0
1522981606.253565,48.3888,1412,0,4
1522861277.724327,9.01544,119,1,1
1527850963.156754,1.59298,92,0,0
1522861277.541861,8.83298,1412,0,1
1522943073.343297,26.9154,1412,0,4
1522943073.231884,26.804,1412,0,4
1522886712.063332,23.2599,1412,0,1
1522954035.091228,43.6637,1412,0,4
1527791961.897327,40.4254,147,0,0
1522842701.519438,17.7284,101,1,1
1522943107.105157,60.6773,1412,0,4
1522956026.028787,6.32836,1412,0,4
1522940303.954556,48.9601,74,1,4
1522886708.548983,19.7455,1412,0,1
1522954034.578624,43.1511,1412,0,4
1522842693.619015,9.82794,1412,0,1
1527993580.455372,84.8025,101,1,0
1522956065.613105,45.9127,1412,0,4
1527791924.619514,3.14757,100,1,0
1522940255.576532,0.582069,1294,0,4
1522940256.836095,1.84163,1294,0,4
1527924670.298144,19.7635,100,1,0
1529644963.023777,0.261873,1412,0,2
1522842706.011015,22.2199,1412,0,1
1522928744.225007,38.7834,1294,0,4
1522886708.84157,20.0381,101,1,1
1522859388.003632,11.3448,1412,0,1
1522956047.051983,27.3516,1412,0,4
1522964063.934015,24.9896,1412,0,4
1522918720.134258,19.7722,1412,0,4
1522888893.910441,11.4187,1412,0,1
1522928709.646553,4.20494,94,1,4
1522859388.765129,12.1063,116,1,1
1522763859.15109,14.1276,1412,1,1
1522964083.951958,45.0076,1412,0,4
1522940275.180156,20.1857,1294,0,4
1529541635.613006,0.0952961,100,1,2
1522868694.831531,9.87369,1412,0,1
1522964040.773291,1.82892,1412,0,4
1522922655.966009,12.5805,1392,0,4
1522940270.098123,15.1037,74,1,4
1522940261.579038,6.58457,1294,0,4
1522886705.775603,16.9722,1412,0,1
1522868693.787484,8.82964,1412,0,1
1522922644.406028,1.02048,1392,0,4
1522956031.440979,11.7405,1412,0,4
1522861277.160383,8.4515,1412,0,1
1522956053.200559,33.5001,1412,0,4
1522922655.94401,12.5585,1392,0,4
1522886702.954267,14.1508,101,1,1
1522768763.508765,12.6774,1412,1,1
1522917983.586708,17.271,1412,0,4
1522922696.585592,53.2,1392,0,4
1522859387.697274,11.0384,1412,0,1
1522888894.150416,11.6587,1412,0,1
1522956020.390533,0.690103,1412,0,4
1522928717.708485,12.2669,1294,0,4
1522868693.419059,8.46121,1412,0,1
1522928709.735104,4.29349,1294,0,4
1522842693.695052,9.90397,137,1,1
1529541636.508355,0.990645,1412,0,2
1527792024.936125,103.464,176,0,0
1522940255.491738,0.497275,1294,0,4
1522842706.021228,22.2301,1412,0,1
1522868694.619367,9.66152,125,1,1
1522928752.844732,47.4031,74,1,4
1522763859.970344,14.9469,1412,1,1
1522865358.37012,11.4,1412,0,1
1522981606.483509,48.6187,1412,0,4
1527993570.849063,75.1962,291,0,0
1529626612.138852,0.151521,1412,0,2
1529645506.755781,0.563312,1412,0,2
1522940261.619486,6.62502,74,1,4
1522940294.285045,39.2906,1294,0,4
1522865358.090351,11.1202,1412,0,1
1522928738.953783,33.5122,1294,0,4
1522918720.2507,19.8887,1412,0,4
1522954045.312229,53.8847,1412,0,4
1522853105.047705,5.99111,1412,0,1
1522886697.837114,9.03368,1412,0,1
1527745280.521898,55.4448,87,0,0
1529644963.696801,0.934897,1412,0,2
1529513491.55305,0.684974,1392,0,2
1522928715.605225,10.1636,1294,0,4
1522886710.793685,21.9903,1412,0,1
1522654306.878113,5.78678,74,1,3
1522763860.029918,15.0064,98,0,1
1522888893.891365,11.3996,100,1,1
1522981558.758622,0.893819,1412,0,4
1529515408.015275,0.534507,1412,0,2
1529513491.548868,0.680792,1392,0,2
1522768765.666827,14.8355,1412,1,1
1522922669.678042,26.2925,1392,0,4
1522954045.286233,53.8587,1412,0,4
1522928753.486283,48.0447,74,1,4
1529554551.90769,0.357762,1412,0,2
1522859388.281606,11.6228,1412,0,1
1522861277.835925,9.12704,1412,0,1
1527745251.814357,26.7372,256,0,0
1522886707.680759,18.8773,1412,0,1
1522859387.994134,11.3353,119,1,1
1522865358.407963,11.4378,1412,0,1
1527993508.439602,12.7867,87,0,0
1522943073.218871,26.791,1412,0,4
1522763855.696904,10.6734,104,0,1
1529644964.036575,1.27467,1412,0,2
1522842703.664596,19.8735,1412,0,1
1529564287.316734,2.2449,1412,0,2
1522865358.65243,11.6823,1412,0,1
1522886702.123913,13.3205,1412,0,1
1522956021.0002,1.29977,1412,0,4
1522635951.106832,10.0426,310,1,3
1522763863.441386,18.4179,1412,1,1
1529554552.958475,1.40855,1412,0,2
1522886705.073275,16.2698,101,1,1
1529541635.862445,0.344735,1412,0,2
1522928729.332973,23.8914,1294,0,4
1522943107.148528,60.7206,132,1,4
1529644964.298603,1.5367,1412,0,2
1522956056.573744,36.8733,1412,0,4
1522956028.245382,8.54495,149,0,4
1522763859.992382,14.9689,98,0,1
1529634881.537205,1.12824,1412,0,2
1522888894.429863,11.9381,1412,0,1
1522768772.484484,21.6531,1412,1,1
1527760578.427022,65.1887,101,1,0
1529478747.433381,0.809773,1412,0,2
1522917966.369038,0.0533772,106,1,4
1522842705.97616,22.1851,1412,0,1
1522940280.598055,25.6036,1294,0,4
1522868693.995266,9.03742,1412,0,1
1522956019.78485,0.08442,1412,0,4
1522886702.877987,14.0746,1412,0,1
1522928757.955609,52.514,74,1,4
1529515408.691893,1.21113,1412,0,2
1522859388.355625,11.6968,1412,0,1
1522763865.461784,20.4383,104,0,1
1522763855.432355,10.4089,115,0,1
1529478747.654302,1.03069,114,1,2
1522888894.466158,11.9744,1412,0,1
1522956021.063568,1.36314,1412,0,4
1522763861.72862,16.7051,1412,1,1
1522943057.575401,11.1475,126,1,4
1522956047.067249,27.3668,1412,0,4
1522853102.505395,3.4488,1412,0,1
1522865359.059833,12.0897,1412,0,1
1522859388.481063,11.8222,116,1,1
1522865359.17437,12.2042,1412,0,1
1522859388.205633,11.5468,1412,0,1
1522918700.698227,0.336213,1412,0,4
1522954044.783215,53.3557,1412,0,4
1527987762.086652,41.6821,92,0,0
1527760592.840259,79.6019,261,1,0
1529541636.402637,0.884927,1412,0,2
1522956038.765982,19.0656,1412,0,4
1522956020.461266,0.760836,1412,0,4
1527745234.020809,8.94369,143,0,0
1522954013.864998,22.4375,1412,0,4
1529554551.787213,0.237285,930,0,2
1522928744.240089,38.7985,74,1,4
1522868694.765195,9.80735,1412,0,1
1522768762.500159,11.6688,1412,1,1
1522853105.452661,6.39607,113,1,1
1522954003.232361,11.8048,1412,0,4
1522954026.681172,35.2536,1412,0,4
1522940285.809711,30.8152,1294,0,4
1529515408.753572,1.2728,1412,0,2
1522981563.98384,6.11904,1412,0,4
1529564287.723708,2.65187,1412,0,2
1522954035.172792,43.7453,1412,0,4
1522953992.133232,0.705702,1412,0,4
1522859388.436488,11.7777,1412,0,1
1522861277.129039,8.42015,1412,0,1
1522859388.408563,11.7497,1412,0,1
1522943088.509364,42.0815,1412,0,4
1522842692.925292,9.13421,1412,0,1
1522868694.272624,9.31478,1412,0,1
1522928739.077784,33.6362,74,1,4
1522865358.464972,11.4948,1412,0,1
1529634880.819763,0.4108,1412,0,2
1522928723.035526,17.5939,1294,0,4
1522842709.823415,26.0323,1412,0,1
1522922683.134238,39.7487,1392,0,4
1522928705.646817,0.2052,74,1,4
1522918024.535382,58.2197,1412,0,4
1522956064.963138,45.2627,107,1,4
1522861278.315712,9.60683,1412,0,1
1522943063.152888,16.725,1412,0,4
1522940294.309515,39.3151,1294,0,4
1529513491.680686,0.81261,1392,0,2
1522861277.830822,9.12194,1412,0,1
1522868694.80871,9.85087,1412,0,1
1522964070.149845,31.2055,1412,0,4
1522886709.702431,20.899,1412,0,1
1522853103.310528,4.25393,1412,0,1
1522940304.214757,49.2203,1294,0,4
1522964083.215737,44.2714,1412,0,4
1522868694.107399,9.14955,1412,0,1
1522940294.395077,39.4006,1294,0,4
1529541636.402803,0.885093,1412,0,2
1522654303.375833,2.2845,112,1,3
1529541636.43648,0.91877,1412,0,2
1522842704.81846,21.0274,1412,0,1
1522953998.769729,7.3422,1412,0,4
1522928731.676187,26.2346,74,1,4
1522842697.616459,13.8254,1412,0,1
1522842691.130433,7.33935,1412,0,1
1527987789.3849,68.9803,156,0,0
1522928748.214046,42.7724,1294,0,4
1522868693.653477,8.69563,1412,0,1
1522928715.432327,9.99071,1294,0,4
1522842707.185684,23.3946,1412,0,1
1522842692.408301,8.61722,1412,0,1
1522886709.769471,20.966,1412,0,1
1529645506.574005,0.381536,1412,0,2
1522853103.008184,3.95159,1412,0,1
1522922644.288037,0.902484,1392,0,4
1522768771.913771,21.0824,1412,1,1
1522888894.224094,11.7324,1412,0,1
1522943078.609841,32.182,1412,0,4
1522917972.795869,6.48021,125,1,4
1527745331.84766,106.771,92,0,0
1529478747.78868,1.16507,1412,0,2
1527792036.79806,115.326,358,0,0
1522918739.172727,38.8107,1412,0,4
1522940285.908389,30.9139,1294,0,4
1527791972.730364,51.2584,91,0,0
1529564285.850062,0.778225,1412,0,2
1529626612.270954,0.283623,1412,0,2
1522842693.711624,9.92054,1412,0,1
1522928753.828376,48.3868,74,1,4
1527993522.317171,26.6643,87,0,0
1522865359.363085,12.3929,1412,0,1
1527741820.032866,102.13,87,0,0
1529478746.846231,0.222623,1412,0,2
1522763865.805157,20.7817,1412,1,1
1522865358.666312,11.6962,1412,0,1
1522928747.575918,42.1343,102,1,4
1527851026.936182,65.3724,92,0,0
1522922669.660676,26.2751,106,1,4
1522928758.156297,52.7147,1294,0,4
1522886704.224354,15.4209,1412,0,1
1522954013.963233,22.5357,1412,0,4
1527987781.489264,61.0847,92,0,0
1522853105.848191,6.7916,1412,0,1
1522940261.570217,6.57575,74,1,4
1529515407.54218,0.0614121,1412,0,2
1522964039.613225,0.668854,1412,0,4
1529554552.672744,1.12282,1412,0,2
1529541636.466253,0.948543,1412,0,2
1522943088.437445,42.0096,1412,0,4
1522928731.480874,26.0393,1294,0,4
1529541636.456223,0.938513,1412,0,2
1522861277.642717,8.93383,1412,0,1
1522943088.572785,42.1449,1412,0,4
1522943078.523169,32.0953,1412,0,4
1522954035.166763,43.7392,1412,0,4
1522768769.380319,18.549,1412,1,1
1522940269.965843,14.9714,1294,0,4
1527993498.54756,2.89469,98,1,0
1522928752.975241,47.5336,1294,0,4
1522964076.111295,37.1669,1412,0,4
1522928715.4736,10.032,74,1,4
1522853105.143818,6.08722,1412,0,1
1522940280.594511,25.6,1294,0,4
1522943046.819054,0.391165,1412,0,4
1529478747.657471,1.03386,1412,0,2
1529645507.141127,0.948658,1412,0,2
1522886711.877565,23.0741,1412,0,1
1527924690.755406,40.2207,101,1,0
1529541635.924552,0.406842,1412,0,2
1522865359.392144,12.422,1412,0,1
1522943106.839109,60.4112,1412,0,4
1529564287.878656,2.80682,1412,0,2
1522922655.851543,12.466,1392,0,4
1522865358.064545,11.0944,1412,0,1
1529478747.285227,0.661619,1412,0,2
1522716080.423651,7.89837,1294,0,3
1522956019.763744,0.0633142,1412,0,4
1522861278.403158,9.69427,1412,0,1
1522865358.24932,11.2792,1412,0,1
1522859387.827103,11.1683,1412,0,1
1522953994.778977,3.35145,1412,0,4
1529513491.195344,0.327268,1392,0,2
1522956053.169333,33.4689,1412,0,4
1522964076.012089,37.0677,1412,0,4
1529644964.038048,1.27614,1412,0,2
1529513492.101095,1.23302,1392,0,2
1522953998.71867,7.29114,1412,0,4
1527924708.213873,57.6792,137,0,0
1522954026.61708,35.1895,1412,0,4
1529645508.155302,1.96283,1412,0,2
1522861277.292282,8.5834,125,1,1
1529515408.492366,1.0116,1412,0,2
1522940269.954839,14.9604,1294,0,4
1522739788.385107,3.21246,112,1,3
1522953994.817341,3.38981,487,0,4
1522953993.252362,1.82483,125,1,4
1522886704.990246,16.1868,101,1,1
1529644963.879611,1.11771,1412,0,2
1522859387.745744,11.0869,1412,0,1
1522853105.417095,6.3605,1412,0,1
1528085275.808115,112.037,349,0,0
1529644963.809994,1.04809,1412,0,2
1522956069.65582,49.9554,1412,0,4
1522865358.675879,11.7057,1412,0,1
1522940302.480702,47.4862,1294,0,4
1522886700.604044,11.8006,101,1,1
1528085265.289222,101.519,226,0,0
1522865358.209754,11.2396,1412,0,1
1529541636.410541,0.892831,1412,0,2
1522940280.497457,25.503,1294,0,4
1522956031.498473,11.798,1412,0,4
1522635941.677201,0.612938,1294,0,3
1522928723.135133,17.6935,1294,0,4
1522956077.769863,58.0694,113,1,4
1527993572.927517,77.2746,92,0,0
1522886699.610938,10.8075,1412,0,1
1529515408.083849,0.603081,1412,0,2
1522842694.860135,11.0691,101,1,1
1522888894.953192,12.4615,1412,0,1
1522928731.477876,26.0363,1294,0,4
1522922652.563482,9.17793,1392,0,4
1522768774.529988,23.6987,1412,1,1
1522964099.546839,60.6025,1412,0,4
1529541636.614595,1.09688,940,0,2
1522928709.611059,4.16944,1294,0,4
1522918752.886315,52.5243,1412,0,4
1522953998.706451,7.27892,1412,0,4
1529644963.482454,0.72055,1412,0,2
1522964039.269375,0.325004,1412,0,4
1522859388.416512,11.7577,1412,0,1
1529554552.178281,0.628353,1412,0,2
1522964075.435897,36.4915,1412,0,4
1529564285.288525,0.216688,100,1,2
1522940270.052974,15.0585,1294,0,4
1522842702.39047,18.5994,117,1,1
1522928731.718384,26.2768,74,1,4
1529478746.791041,0.167433,1412,0,2
1522886703.703037,14.8996,1412,0,1
1522853104.765612,5.70902,119,1,1
1522842696.647752,12.8567,1412,0,1
1522868693.670888,8.71304,1412,0,1
1522763858.355958,13.3325,101,0,1
1522859388.020406,11.3616,1412,0,1
1522953998.777172,7.34964,1412,0,4
1522940285.849761,30.8553,74,1,4
1522853105.755679,6.69908,122,1,1
1522940274.236275,19.2418,74,1,4
1522853102.971898,3.9153,1412,0,1
1522928709.634506,4.19289,94,1,4
1529478747.112696,0.489088,1412,0,2
1522886710.046174,21.2427,1412,0,1
1527745316.540901,91.4638,234,0,0
1522918739.303928,38.9419,1412,0,4
1522964095.14722,56.2028,1412,0,4
1522981568.225122,10.3603,1412,0,4
1522956031.42095,11.7205,1412,0,4
1529513491.980755,1.11268,105,1,2
1522865358.79414,11.824,1412,0,1
1527745293.464499,68.3874,101,1,0
1522943088.60573,42.1778,1412,0,4
1522865358.183079,11.2129,1412,0,1
1522954035.070778,43.6432,125,1,4
1522981581.322838,23.458,1412,0,4
1522861278.240128,9.53124,1412,0,1
1522763860.214736,15.1913,1412,1,1
1522918739.206807,38.8448,1412,0,4
1522842703.428187,19.6371,1412,0,1
1522964063.993097,25.0487,1412,0,4
1529564285.525959,0.454122,1412,0,2
1522886698.908795,10.1054,1412,0,1
1522953994.816335,3.3888,1412,0,4
1522654302.09791,1.00658,140,0,3
1522861277.474509,8.76562,1412,0,1
1522853104.643192,5.5866,1412,0,1
1522928729.26439,23.8228,74,1,4
1522861277.910096,9.20121,1412,0,1
1522886703.549986,14.7466,1412,0,1
1527924651.986354,1.4517,98,0,0
1522727179.50707,6.27164,1294,0,3
1522886709.159594,20.3562,101,1,1
1522928738.941589,33.5,1294,0,4
1522888895.004929,12.5132,119,1,1
1529564286.030109,0.958272,1412,0,2
1529644964.051227,1.28932,1412,0,2
1522940261.551422,6.55696,1294,0,4
1527850984.524766,22.961,87,0,0
1522918733.913976,33.552,1412,0,4
1529515408.203646,0.722878,1412,0,2
1529634881.374318,0.965355,126,1,2
1522842710.405927,26.6148,104,1,1
1529626613.0042,1.01687,1412,0,2
1528085224.663948,60.8933,87,0,0
1522917994.318434,28.0028,1412,0,4
1522940275.244977,20.2505,1294,0,4
1522922645.369082,1.98353,1392,0,4
1522981572.199715,14.3349,487,0,4
1522981558.265581,0.400778,1412,0,4
1522943047.033389,0.6055,1412,0,4
1522940255.948316,0.953853,1294,0,4
1529634881.823594,1.41463,114,1,2
1522964082.910022,43.9657,1412,0,4
1522940269.965846,14.9714,1294,0,4
1522964051.406803,12.4624,1412,0,4
1522888894.478946,11.9872,1412,0,1
1522953999.082003,7.65447,1412,0,4
1522868693.974108,9.01626,1412,0,1
1522922643.998026,0.612473,1392,0,4
1522928748.701326,43.2597,1294,0,4
1522956028.224921,8.52449,1412,0,4
1522953994.754043,3.32651,1412,0,4
1522918739.185446,38.8234,1412,0,4
1522953994.456312,3.02878,1412,0,4
1522922683.269764,39.8842,1392,0,4
1522928723.132683,17.6911,1294,0,4
1529554552.14064,0.590712,1412,0,2
1522964075.555109,36.6107,1412,0,4
1529541636.423147,0.905437,1412,0,2
1522928731.649205,26.2076,1294,0,4
1522886711.178011,22.3746,1412,0,1
1529478747.004912,0.381304,1412,0,2
1522928731.566261,26.1246,1294,0,4
1522928715.874665,10.433,1294,0,4
1522981572.127803,14.263,1412,0,4
1529634881.84385,1.43489,1412,0,2
1522768772.608296,21.777,103,0,1
1529513491.413898,0.545822,1392,0,2
1522842699.645168,15.8541,1412,0,1
1522922655.841267,12.4557,1392,0,4
1522865359.212806,12.2426,1412,0,1
1522868694.538716,9.58087,1412,0,1
1522918753.081466,52.7195,1412,0,4
1527791994.974934,73.503,392,1,0
1522647182.264486,0.417709,1294,1,3
1522943088.448732,42.0208,1412,0,4
1522964083.163084,44.2187,1412,0,4
1522922655.893605,12.5081,1392,0,4
1522768773.967186,23.1358,100,0,1
1529626612.355666,0.368335,1412,0,2
1522853105.871103,6.81451,1412,0,1
1529541636.032568,0.514858,1412,0,2
1527745282.886094,57.809,393,1,0
1529634881.517324,1.10836,1412,0,2
1529564285.406478,0.334641,1412,0,2
1522956038.765475,19.065,125,1,4
1522943078.554868,32.127,1412,0,4
1529644963.027041,0.265137,1412,0,2
1522918739.291481,38.9295,126,1,4
1529554552.205629,0.655701,1412,0,2
1522928753.136815,47.6952,1294,0,4
1522943057.462842,11.035,1412,0,4
1522768767.669698,16.8384,1412,1,1
1528085175.682708,11.9121,1412,1,0
1522956077.656802,57.9564,1412,0,4
1522859388.541284,11.8825,1412,0,1
1522956065.919176,46.2187,1412,0,4
1529541636.571213,1.0535,1412,0,2
1529513491.959924,1.09185,1392,0,2
1529634881.586609,1.17765,114,1,2
1522953998.676576,7.24905,930,0,4
1522861277.507885,8.799,1412,0,1
1529626612.267501,0.28017,1412,0,2
1522928715.618427,10.1768,1294,0,4
1529626613.177538,1.19021,1412,0,2
1522713580.788834,8.38542,1294,0,3
1522940294.282053,39.2876,1294,0,4
1522888894.081945,11.5902,1412,0,1
1529478746.860795,0.237187,1412,0,2
1522768767.347764,16.5164,103,0,1
1522886706.100606,17.2972,1412,0,1
1522956070.420408,50.72,110,1,4
1529626612.565077,0.577746,1412,0,2
1522853102.574144,3.51755,1412,0,1
1522853104.961526,5.90493,1412,0,1
1522943046.983063,0.555174,1412,0,4
1522842691.529197,7.73812,186,1,1
1522654301.387077,0.295747,74,1,3
1522859388.003346,11.3445,1412,0,1
1527760616.342675,103.104,218,0,0
1522768765.246981,14.4156,1412,1,1
1529554551.761366,0.211438,1412,0,2
1529541636.536944,1.01923,1412,0,2
1522739791.874755,6.70211,74,1,3
1529645506.884517,0.692048,1412,0,2
1522861278.410945,9.70206,1412,0,1
1522842701.621435,17.8304,104,1,1
1529478747.741314,1.11771,1412,0,2
1522768775.599683,24.7683,1412,1,1
1522940280.636453,25.642,1294,0,4
1529513492.093417,1.22534,1392,0,2
1522861278.290959,9.58207,1412,0,1
1522981558.72996,0.865157,1412,0,4
1522953994.759376,3.33185,1412,0,4
1527851020.673451,59.1097,92,0,0
1522943106.289456,59.8616,1412,0,4
1522956026.088202,6.38777,1412,0,4
1522865358.652327,11.6822,1412,0,1
1527987752.674755,32.2702,87,0,0
1522763856.884732,11.8612,1412,1,1
1522918024.580857,58.2652,1412,0,4
1522943078.455888,32.028,1412,0,4
1522768764.502985,13.6716,1412,1,1
1522928744.31143,38.8698,1294,0,4
1522954003.484786,12.0573,1412,0,4
1522964058.69244,19.7481,1412,0,4
1522868694.657311,9.69947,1412,0,1
1522964042.82841,3.88404,1412,0,4
1522868693.468508,8.51066,1412,0,1
1522865359.223896,12.2537,1412,0,1
1522981568.23048,10.3657,1412,0,4
1522917967.025951,0.71029,1412,0,4
1522886700.875051,12.0716,101,1,1
1522868693.730146,8.7723,1412,0,1
1522859388.717073,12.0582,119,1,1
1527850987.070095,25.5063,92,0,0
1522928731.476006,26.0344,1294,0,4
1522953993.232455,1.80492,125,1,4
1522981606.279474,48.4147,1412,0,4
1529564287.96666,2.89482,1412,0,2
1529564285.844672,0.772835,1412,0,2
1529541636.267649,0.749939,1412,0,2
1529634880.812039,0.403076,1412,0,2
1522928715.526761,10.0851,1294,0,4
1522886709.317508,20.5141,101,1,1
1522981572.226756,14.362,1412,0,4
1522981563.974638,6.10983,1412,0,4
1522888894.958955,12.4672,1412,0,1
1529564286.338773,1.26694,1412,0,2
1522888894.301434,11.8097,125,1,1
1529541635.896524,0.378814,1412,0,2
1522928748.630732,43.1891,74,1,4
1522956020.586549,0.886119,485,0,4
1522853103.95017,4.89357,1412,0,1
1522943106.645655,60.2178,1412,0,4
1522859388.605343,11.9465,1412,0,1
1529515408.064399,0.583631,1412,0,2
1522928705.641012,0.199395,1294,0,4
1522853100.567138,1.51054,1412,0,1
1522956070.241347,50.5409,1412,0,4
1529564285.288377,0.21654,1412,0,2
1522716080.104344,7.57907,1294,0,3
1522842698.092003,14.3009,1412,0,1
1522842708.881605,25.0905,1412,0,1
1522763857.083628,12.0601,1412,1,1
1522853101.464078,2.40748,1412,0,1
1522928758.208912,52.7673,1294,0,4
1529645506.759839,0.56737,1412,0,2
1529541636.100183,0.582473,1412,0,2
1522943088.599974,42.1721,1412,0,4
1522865359.313872,12.3437,1412,0,1
1527851027.417001,65.8532,106,1,0
1522928758.372092,52.9305,74,1,4
1522943078.61387,32.186,1412,0,4
1522928717.719224,12.2776,74,1,4
1528085236.721361,72.9507,92,0,0
1522763854.188578,9.1651,1412,1,1
1522964042.800062,3.85569,1412,0,4
1522868693.323472,8.36563,100,1,1
1522928731.717249,26.2756,1294,0,4
1522886703.857285,15.0539,101,1,1
1522861277.896934,9.18805,1412,0,1
1522868693.976683,9.01884,1412,0,1
1522868694.536469,9.57862,1412,0,1
1522853101.966971,2.91038,1412,0,1
1529634880.491194,0.082231,100,1,2
1529478747.654409,1.0308,1412,0,2
1529564286.723189,1.65135,1412,0,2
1522943088.50545,42.0776,1412,0,4
1529644963.651679,0.889775,1412,0,2
1522842692.138871,8.34779,179,1,1
1522888894.631604,12.1399,1412,0,1
1522956070.048799,50.3484,1412,0,4
1522853100.800368,1.74377,110,1,1
1522928706.034021,0.592404,1294,0,4
1522943073.392572,26.9647,1412,0,4
1522922644.405041,1.01949,1392,0,4
1522954035.09564,43.6681,1412,0,4
1522940275.192247,20.1978,1294,0,4
1522868693.713278,8.75543,1412,0,1
1527741825.705337,107.803,148,0,0
1529644963.641955,0.880051,1412,0,2
1522940256.004045,1.00958,1294,0,4
1529515408.454275,0.973507,1412,0,2
1522964039.652209,0.707838,1412,0,4
1522888894.357206,11.8655,1412,0,1
1527760558.068181,44.8299,233,0,0
1529634880.813731,0.404768,1412,0,2
1529645506.954321,0.761852,1412,0,2
1527745315.60091,90.5238,260,1,0
1522768775.289756,24.4584,103,0,1
1522768763.258698,12.4274,106,0,1
1522768764.565005,13.7337,1412,1,1
1522886704.383841,15.5804,1412,0,1
1522956020.489545,0.789115,465,0,4
1522853103.982594,4.926,1412,0,1
1528085173.259752,9.48912,142,0,0
1522928715.878517,10.4369,1294,0,4
1522865358.232679,11.2625,1412,0,1
1522768769.965435,19.1341,1412,1,1
1529626612.55914,0.571809,1412,0,2
1522981606.356362,48.4916,1412,0,4
1529554552.976165,1.42624,1412,0,2
1522964040.583263,1.63889,1412,0,4
1522853103.289496,4.2329,1412,0,1
1522928715.614875,10.1733,1294,0,4
1527924651.633196,1.09854,86,0,0
1528085234.648049,70.8774,259,1,0
1522928731.473135,26.0315,74,1,4
1529644963.796241,1.03434,1412,0,2
1522943073.250008,26.8221,1412,0,4
1522943096.213644,49.7858,1412,0,4
1522956069.905336,50.2049,1412,0,4
1522861277.241656,8.53277,1412,0,1
1522886701.358057,12.5546,114,1,1
1529645507.481069,1.2886,1412,0,2
1522922652.573899,9.18835,1392,0,4
1522842693.190003,9.39892,175,1,1
1522928709.584894,4.14328,110,1,4
1522940314.872662,59.8782,1294,0,4
1522918739.25094,38.8889,1412,0,4
1522865358.542991,11.5728,125,1,1
1522713581.7489,9.34549,74,1,3
1522853101.256987,2.20039,1412,0,1
1529644963.999328,1.23742,1412,0,2
1529634881.765795,1.35683,1412,0,2
1529541635.665517,0.147807,1412,0,2
1522922683.173915,39.7884,106,1,4
1522943082.791112,36.3632,1412,0,4
1522842694.591421,10.8003,1412,0,1
1529541636.080932,0.563222,939,0,2
1522928715.64825,10.2066,74,1,4
1522956031.588455,11.888,1412,0,4
1528085245.637562,81.8669,148,0,0
1522886700.234003,11.4306,101,1,1
1522865359.241481,12.2713,1412,0,1
1522943052.345461,5.91757,126,1,4
1522763861.105818,16.0823,1412,1,1
1529626613.067909,1.08058,126,1,2
1522964051.438328,12.494,1412,0,4
1529564287.092451,2.02061,1412,0,2
1522928715.583446,10.1418,1294,0,4
1527987736.343291,15.9387,101,1,0
1529478746.745168,0.12156,1412,0,2
1522940285.921331,30.9269,1294,0,4
1529644962.960992,0.199088,124,1,2
1522886703.122243,14.3188,101,1,1
1529478746.982979,0.359371,1412,0,2
1529478747.257526,0.633918,1412,0,2
1527993516.326628,20.6738,256,1,0
1522886702.28995,13.4865,1412,0,1
1522953998.701254,7.27372,1412,0,4
1522922696.627016,53.2415,1392,0,4
1522918700.905533,0.543519,1412,0,4
1522842708.587556,24.7965,1412,0,1
1529515407.68024,0.199472,1412,0,2
1529478746.965939,0.342331,1412,0,2
1529634881.790616,1.38165,1412,0,2
1529554552.170703,0.620775,126,1,2
1522715510.613439,6.59778,1294,0,3
1522859387.919522,11.2607,1412,0,1
1522917969.377035,3.06137,1412,0,4
1522865358.348943,11.3788,1412,0,1
1529645506.455086,0.262617,1412,0,2
1529541635.882535,0.364825,1412,0,2
1522940275.264741,20.2703,1294,0,4
1522868694.51405,9.55621,1412,0,1
1522861277.411295,8.70241,1412,0,1
1522763859.697595,14.6741,1412,1,1
1522888894.334772,11.8431,125,1,1
1522842691.703282,7.9122,1412,0,1
1522859387.876272,11.2174,1412,0,1
1529515408.496143,1.01538,1412,0,2
1522842696.015161,12.2241,104,1,1
1522954035.191916,43.7644,1412,0,4
1522940263.753903,8.75944,1294,0,4
1522943046.77112,0.343231,1412,0,4
1522922669.627963,26.2424,1392,0,4
1522922683.069235,39.6837,910,0,4
1522888894.742158,12.2504,1412,0,1
1522853102.626063,3.56947,1412,0,1
1529541635.772523,0.254813,1412,0,2
1522918720.331857,19.9698,115,1,4
1522928739.066113,33.6245,1294,0,4
1522842710.93197,27.1409,1412,0,1
1522940270.026158,15.0317,1294,0,4
1522861277.67437,8.96549,1412,0,1
1522922644.297221,0.911668,105,1,4
1522928709.703093,4.26148,1294,0,4
1522859388.650993,11.9922,1412,0,1
1522940313.008332,58.0139,74,1,4
1529644963.013468,0.251564,125,1,2
1529634880.495797,0.086834,1412,0,2
1522763853.953425,8.92994,1412,1,1
1529515407.683469,0.202701,1412,0,2
1522928731.70499,26.2634,1294,0,4
1522842690.95042,7.15934,103,1,1
1522940285.795623,30.8012,74,1,4
1522868693.453476,8.49563,1412,0,1
1527741719.904215,2.00173,87,0,0
1522954035.136631,43.7091,1412,0,4
1522886702.084174,13.2807,114,1,1
1522918739.204598,38.8426,125,1,4
1522886703.469662,14.6662,1412,0,1
1522861278.106529,9.39764,1412,0,1
1522940255.774213,0.77975,1294,0,4
1522928748.325515,42.8839,74,1,4
1527760609.724635,96.4863,148,0,0
1522956028.22816,8.52773,1412,0,4
1529541636.672541,1.15483,1412,0,2
1522943046.821679,0.39379,1412,0,4
1522943052.224759,5.79687,1412,0,4
1522954035.130646,43.7031,1412,0,4
1522922644.294034,0.908481,1392,0,4
1527741747.301032,29.3986,216,0,0
1522943107.235545,60.8077,114,1,4
1522943100.783139,54.3552,1412,0,4
1528085227.433044,63.6624,252,0,0
1529644963.840473,1.07857,1412,0,2
1522865358.407054,11.4369,1412,0,1
1522956070.28119,50.5808,1412,0,4
1522768763.518728,12.6874,1412,1,1
1529541636.411828,0.894118,1412,0,2
1522964099.175709,60.2313,119,1,4
1522918700.942503,0.580489,1412,0,4
1529515408.750195,1.26943,1412,0,2
1522928731.452242,26.0106,1294,0,4
1522868693.657627,8.69978,1412,0,1
1529634881.529377,1.12041,1412,0,2
1522768766.869649,16.0383,1412,1,1
1522886710.035618,21.2322,101,1,1
1522981606.66292,48.7981,1412,0,4
1522868693.895135,8.93729,1412,0,1
1522859388.395541,11.7367,1412,0,1
1522981606.657558,48.7928,138,1,4
1522763865.251465,20.228,1412,1,1
1522853101.594416,2.53782,110,1,1
1529513491.483254,0.615178,1392,0,2
1522886711.376251,22.5728,1412,0,1
1529644964.144909,1.383,1412,0,2
1522768766.691263,15.8599,1412,1,1
1522953995.194818,3.76729,1412,0,4
1529515408.01806,0.537292,1412,0,2
1522940314.680956,59.6865,1294,0,4
1522922643.972507,0.586954,1392,0,4
1522954026.78813,35.3606,1412,0,4
1529554552.620473,1.07054,1412,0,2
1529644963.908254,1.14635,1412,0,2
1527741809.982717,92.0802,87,0,0
1522744995.024636,4.47418,74,0,3
1527745233.993733,8.91661,518,0,0
1522953995.138355,3.71082,1412,0,4
1522861277.407465,8.69858,1412,0,1
1522928738.975119,33.5335,1294,0,4
1529645507.808569,1.6161,1412,0,2
1529554552.371598,0.82167,1412,0,2
1522647183.755804,1.90903,74,0,3
1527760544.185267,30.947,327,0,0
1522943097.033593,50.6057,1412,0,4
1527791962.249837,40.7779,87,0,0
1522964075.337931,36.3936,1412,0,4
1522662270.679633,0.788734,74,1,3
1522964083.811491,44.8671,930,0,4
1522842700.993461,17.2024,1412,0,1
1529554551.730681,0.180753,1412,0,2
1522928758.543328,53.1017,74,1,4
1522954014.002043,22.5745,1412,0,4
1529626612.189092,0.201761,1412,0,2
1522981605.844101,47.9793,1412,0,4
1529515408.740113,1.25935,1412,0,2
1522853103.770797,4.7142,1412,0,1
1522943078.516813,32.0889,1412,0,4
1529478747.474794,0.851186,1412,0,2
1529564286.809081,1.73724,1412,0,2
1522956069.762439,50.062,113,1,4
1529564286.664517,1.59268,1412,0,2
1522859388.241507,11.5827,1412,0,1
1522964042.778398,3.83403,1412,0,4
1522964095.068377,56.124,1412,0,4
1522861277.150676,8.44179,1412,0,1
1522981606.893041,49.0282,1412,0,4
1522886700.332779,11.5293,1412,0,1
1522928739.003771,33.5622,1294,0,4
1529626612.512156,0.524825,1412,0,2
1522918719.157808,18.7958,1412,0,4
1529564287.654089,2.58225,1412,0,2
1529541636.738642,1.22093,1412,0,2
1522763856.813536,11.7901,1412,1,1
1522956076.888452,57.188,1412,0,4
1529513492.092131,1.22405,1392,0,2
1522842694.003509,10.2124,1412,0,1
1522842695.123721,11.3326,1412,0,1
1522768772.649108,21.8178,100,0,1
1522956077.230901,57.5305,1412,0,4
1522868693.926556,8.96871,1412,0,1
1522940275.219084,20.2246,74,1,4
1527792035.480531,114.009,103,1,0
1522940261.53461,6.54015,1294,0,4
1529478747.444316,0.820708,1412,0,2
1522928723.025879,17.5843,74,1,4
1522956031.44034,11.7399,1412,0,4
1522928753.306482,47.8649,74,1,4
1522954014.004385,22.5769,1412,0,4
1522768766.378487,15.5471,1412,1,1
1522654302.758656,1.66733,377,0,3
1522956056.411565,36.7111,1412,0,4
1527745297.314909,72.2378,148,0,0
1522928731.710073,26.2685,1294,0,4
1522928715.871433,10.4298,1294,0,4
1522956077.439791,57.7394,1412,0,4
1522922645.30308,1.91753,1392,0,4
1522964076.553609,37.6092,1412,0,4
1522981612.767877,54.9031,104,1,4
1522853102.7168,3.6602,1412,0,1
1522956020.479896,0.779466,1412,0,4
1529515407.750071,0.269303,1412,0,2
1522918700.434479,0.0724649,1412,0,4
1522943082.792998,36.3651,1412,0,4
1522940255.507348,0.512885,1294,0,4
1522865358.078904,11.1087,1412,0,1
1529564287.940099,2.86826,1412,0,2
1522981568.245506,10.3807,1412,0,4
1522859388.664619,12.0058,1412,0,1
1529634881.525662,1.1167,1412,0,2
1527760578.420888,65.1826,148,0,0
1522922645.122084,1.73653,1392,0,4
1522859388.070127,11.4113,110,1,1
1529626612.909838,0.922507,1412,0,2
1522886708.241867,19.4384,1412,0,1
1522922655.910489,12.5249,1392,0,4
1522868693.929938,8.97209,1412,0,1
1529634882.034053,1.62509,1412,0,2
1527760595.683202,82.4449,98,1,0
1522943106.628704,60.2008,1412,0,4
1522964042.897405,3.95303,1412,0,4
1522954013.892185,22.4647,1412,0,4
1522928715.62755,10.1859,1294,0,4
1522865358.450983,11.4808,1412,0,1
1522918701.53755,1.17554,1412,0,4
1529644963.025625,0.263721,1412,0,2
1529554552.506738,0.95681,1412,0,2
1522861277.269817,8.56093,1412,0,1
1522981605.83141,47.9666,1412,0,4
1522865358.246516,11.2764,126,1,1
1522865358.934659,11.9645,1412,0,1
1522964070.277177,31.3328,1412,0,4
1522768766.975399,16.1441,1412,1,1
1522954035.23061,43.8031,1412,0,4
1522940280.691889,25.6974,1294,0,4
1529515407.757853,0.277085,1412,0,2
1529634881.786176,1.37721,1412,0,2
1529564286.266143,1.19431,1412,0,2
1522981572.266389,14.4016,1412,0,4
1522981563.843819,5.97902,1412,0,4
1522888894.840435,12.3487,1412,0,1
1522861277.487954,8.77907,1412,0,1
1522853104.121273,5.06468,1412,0,1
1522842710.754326,26.9632,1412,0,1
1522917994.305071,27.9894,1412,0,4
1522981596.838195,38.9734,1412,0,4
1522861278.371215,9.66233,1412,0,1
1522853105.543659,6.48706,1412,0,1
1528083169.818088,112.743,391,1,0
1522956068.487591,48.7872,1412,0,4
1522953999.082806,7.65528,1412,0,4
1522964070.333549,31.3892,1412,0,4
1522842704.521625,20.7305,101,1,1
1522928709.557434,4.11582,94,1,4
1522981563.933799,6.069,1412,0,4
1529644963.732192,0.970288,930,0,2
1529541635.900919,0.383209,1412,0,2
1522868694.068738,9.11089,1412,0,1
1528085235.843442,72.0728,377,0,0
1522956031.43816,11.7377,1412,0,4
1522964095.351787,56.4074,1412,0,4
1522956069.904449,50.204,1412,0,4
1522940303.78608,48.7916,1294,0,4
1522928722.940369,17.4988,1294,0,4
1522763860.004514,14.981,1412,1,1
1529541636.244814,0.727104,1412,0,2
1522956076.749751,57.0493,1412,0,4
1522727179.952021,6.71659,74,0,3
1522768773.069826,22.2385,103,0,1
1522768764.497686,13.6663,1412,1,1
1522943062.971122,16.5432,1412,0,4
1522727177.094633,3.8592,112,0,3
1529513491.860083,0.992007,1392,0,2
1522940269.953665,14.9592,74,1,4
1522888895.043283,12.5516,1412,0,1
1522922683.081093,39.6955,1392,0,4
1529554552.385222,0.835294,126,1,2
1522763863.807765,18.7843,1412,1,1
1527760542.450464,29.2121,87,0,0
1528085262.037766,98.2671,148,0,0
1522868693.906258,8.94841,1412,0,1
1529541636.075672,0.557962,1412,0,2
1529554551.804024,0.254096,1412,0,2
1529626612.668543,0.681212,1412,0,2
1522922643.985159,0.599606,104,1,4
1522928731.54932,26.1077,74,1,4
1522868694.22057,9.26273,1412,0,1
1522940294.37431,39.3798,74,1,4
1522956070.0321,50.3317,1412,0,4
1527993547.076224,51.4234,98,1,0
1522940285.770282,30.7758,74,1,4
1522928731.566551,26.1249,1294,0,4
1522964099.861637,60.9173,1412,0,4
1522964082.862824,43.9185,1412,0,4
1522928758.885767,53.4441,1294,0,4
1529644963.173983,0.412079,1412,0,2
1529513491.635082,0.767006,1392,0,2
1522662270.348301,0.457402,74,1,3
1529564286.636809,1.56497,1412,0,2
1522918702.440525,2.07851,1412,0,4
1527987800.22548,79.8209,148,0,0
1522917966.566929,0.251268,1412,0,4
1522922669.626446,26.2409,1392,0,4
1522861277.246051,8.53717,125,1,1
1522981572.138426,14.2736,126,1,4
1522956020.451862,0.751432,1412,0,4
1522956065.848773,46.1483,1412,0,4
1522853104.371993,5.3154,1412,0,1
1529644963.499794,0.73789,1412,0,2
1529515408.411232,0.930464,1412,0,2
1529513491.967555,1.09948,1392,0,2
1522886711.813032,23.0096,1412,0,1
1529644963.687245,0.925341,1412,0,2
1522918739.276357,38.9143,1412,0,4
1522865359.172469,12.2023,1412,0,1
1522940275.157632,20.1632,1294,0,4
1522842706.26713,22.4761,1412,0,1
1527741739.729072,21.8266,232,0,0
1522853099.562774,0.506179,100,1,1
1529634880.609712,0.200749,1412,0,2
1522861277.65382,8.94494,1412,0,1
1528085204.903822,41.1332,258,0,0
1529645506.71904,0.526571,1412,0,2
1529634881.961116,1.55215,930,0,2
1522868693.897034,8.93919,1412,0,1
1522928715.602674,10.1611,1294,0,4
1522943096.294416,49.8665,1412,0,4
1522964082.789228,43.8449,1412,0,4
1522940303.083736,48.0893,1294,0,4
1522768771.829712,20.9984,1412,1,1
1522943096.424041,49.9962,106,1,4
1522865358.907689,11.9375,1412,0,1
1522956038.972966,19.2725,1412,0,4
1522964075.552076,36.6077,1412,0,4
1529564286.627256,1.55542,1412,0,2
1522763860.05004,15.0266,95,0,1
1522928715.444933,10.0033,1294,0,4
1522940313.67796,58.6835,74,1,4
1522928706.200239,0.758622,74,1,4
1522922662.117184,18.7316,105,1,4
1522842708.971854,25.1808,104,1,1
1522928706.086321,0.644704,1294,0,4
1522981606.234647,48.3698,1412,0,4
1522928739.077887,33.6363,1294,0,4
1529541635.881741,0.364031,1412,0,2
1522918753.330941,52.9689,1412,0,4
1522888894.392316,11.9006,1412,0,1
1522861277.98109,9.27221,1412,0,1
1522956070.532661,50.8322,1412,0,4
1522842710.092904,26.3018,101,1,1
1529626612.504892,0.517561,1412,0,2
1522865358.431567,11.4614,1412,0,1
1529564286.108664,1.03683,1412,0,2
1522853103.391853,4.33526,1412,0,1
1522943096.454406,50.0265,1412,0,4
1522763857.503206,12.4797,1412,1,1
1522964083.639706,44.6953,1412,0,4
1529513491.976991,1.10891,1392,0,2
1522954013.972421,22.5449,1412,0,4
1529554552.59854,1.04861,1412,0,2
1529541636.066543,0.548833,1412,0,2
1522918753.419735,53.0577,1412,0,4
1522865358.454122,11.484,1412,0,1
1522928729.187206,23.7456,1294,0,4
1522886698.551742,9.74831,1412,0,1
1522956046.935611,27.2352,125,1,4
1522928753.322426,47.8808,1294,0,4
1522964083.746793,44.8024,405,1,4
1522768774.723066,23.8917,97,0,1
1529513491.348765,0.480689,1392,0,2
1522928758.537595,53.096,1294,0,4
1522940256.010721,1.01626,1294,0,4
1529541636.434612,0.916902,1412,0,2
1527993610.320023,114.667,101,1,0
1522956031.454163,11.7537,1412,0,4
1529513491.065056,0.19698,1392,0,2
1522940303.326983,48.3325,1294,0,4
1522981572.124458,14.2597,1412,0,4
1522940263.779875,8.78541,1294,0,4
1529515408.356748,0.87598,1412,0,2
1529564287.110737,2.0389,1412,0,2
1529564287.764605,2.69277,1412,0,2
1522886710.054645,21.2512,1412,0,1
1529478747.334321,0.710713,1412,0,2
1522922683.094562,39.709,1392,0,4
1522943096.296854,49.869,1412,0,4
1522928709.735157,4.29354,86,1,4
1522918720.186419,19.8244,139,1,4
1522842704.971679,21.1806,104,1,1
1529513490.97835,0.110274,80,1,2
1522868693.470556,8.51271,1412,0,1
1522943047.068088,0.640199,1412,0,4
1522928709.480414,4.0388,110,1,4
1529634881.116473,0.70751,1412,0,2
1522943082.835105,36.4072,1412,0,4
1522763854.759518,9.73604,1412,1,1
1522842694.127306,10.3362,1412,0,1
1522954035.212415,43.7849,1412,0,4
1522981572.195887,14.3311,1412,0,4
1522956020.045535,0.345105,1412,0,4
1522868694.333198,9.37535,1412,0,1
1527760551.656657,38.4183,101,1,0
1522956047.121528,27.4211,126,1,4
1522964083.263619,44.3192,1412,0,4
1522964040.590284,1.64591,1412,0,4
1522964058.586322,19.642,1412,0,4
1522922662.146567,18.761,1392,0,4
1522768766.991386,16.16,1412,1,1
1529634881.334712,0.925749,1412,0,2
1522842702.909411,19.1183,1412,0,1
1529513491.063167,0.195091,1392,0,2
1522918752.733942,52.3719,1412,0,4
1529515408.785578,1.30481,1412,0,2
1527993552.72185,57.069,235,0,0
1522956038.898204,19.1978,1412,0,4
1522956021.042708,1.34228,139,1,4
1522763853.223223,8.19974,97,0,1
1529634882.000556,1.59159,1412,0,2
1529564286.754526,1.68269,126,1,2
1527987790.58773,70.1832,104,1,0
1522918719.16734,18.8053,1412,0,4
1529515407.869095,0.388327,125,1,2
1529478747.121017,0.497409,1412,0,2
1522853102.410872,3.35428,1412,0,1
1522861277.576259,8.86737,1412,0,1
1529645507.959269,1.7668,1412,0,2
1522956031.446028,11.7456,138,1,4
1529564285.840411,0.768574,1412,0,2
1522956068.484318,48.7839,134,1,4
1527993537.769275,42.1164,257,1,0
1522922696.743922,53.3584,1392,0,4
1522956065.104648,45.4042,1412,0,4
1528083156.373096,99.2979,389,1,0
1522956068.219417,48.519,110,1,4
1529634881.953911,1.54495,1412,0,2
1522918700.839499,0.477485,1412,0,4
1522964058.614102,19.6697,1412,0,4
1522956025.964426,6.264,1412,0,4
1522918702.374585,2.01257,1412,0,4
1522842700.909432,17.1184,106,1,1
1522940280.651164,25.6567,1294,0,4
1528085175.660707,11.8901,1412,1,0
1522868693.814952,8.85711,1412,0,1
1522861277.772076,9.06319,1412,0,1
1522940280.487474,25.493,1294,0,4
1522888894.320203,11.8285,125,1,1
1529564287.088068,2.01623,1412,0,2
1529478747.438948,0.81534,1412,0,2
1522964099.084077,60.1397,1412,0,4
1522868693.453598,8.49575,126,1,1
1529644962.818364,0.0564599,1412,0,2
1522964040.825376,1.88101,126,1,4
1522943047.03407,0.606181,1412,0,4
1522853100.028421,0.971826,1412,0,1
1522928753.015455,47.5738,74,1,4
1522859388.550049,11.8912,117,1,1
1529513492.104961,1.23688,1392,0,2
1522768764.297804,13.4665,1412,1,1
1529644964.044202,1.2823,126,1,2
1522865358.355951,11.3858,1412,0,1
1522842710.28252,26.4914,1412,0,1
1522886698.895999,10.0926,101,1,1
1529513491.941923,1.07385,1392,0,2
1522943106.972812,60.5449,1412,0,4
1522716075.477069,2.95179,112,1,3
1522922669.722078,26.3365,1392,0,4
1522953994.433326,3.0058,1412,0,4
1529554552.776311,1.22638,1412,0,2
1522940294.289973,39.2955,1294,0,4
1522861277.663822,8.95494,1412,0,1
1529478747.62955,1.00594,1412,0,2
1522928752.857235,47.4156,1294,0,4
1522859387.883397,11.2246,1412,0,1
1529564287.109707,2.03787,1412,0,2
1522922655.953205,12.5677,1392,0,4
1522768775.680542,24.8492,1412,1,1
1522940280.579095,25.5846,1294,0,4
1529644963.674683,0.912779,1412,0,2
1529564285.779413,0.707576,1412,0,2
1522956020.515538,0.815108,1412,0,4
1522943063.03966,16.6118,1412,0,4
1529644963.866346,1.10444,1412,0,2
1522865358.445439,11.4753,1412,0,1
1522768763.000103,12.1688,100,0,1
1522943082.855125,36.4272,1412,0,4
1529513491.970878,1.1028,1392,0,2
1529634881.092073,0.68311,125,1,2
1527791933.248532,11.7766,100,1,0
1522940313.758728,58.7643,74,1,4
1522940275.227875,20.2334,1294,0,4
1529541636.708449,1.19074,1412,0,2
1522763853.357776,8.33429,1412,1,1
1522943063.101966,16.6741,1412,0,4
1522954045.243228,53.8157,1412,0,4
1522918016.03826,49.7226,1412,0,4
1522768775.763528,24.9322,1412,1,1
1522763858.850859,13.8274,1412,1,1
1522763862.014944,16.9915,1412,1,1
1527791942.079204,20.6073,996,1,0
1527792035.479444,114.008,235,0,0
1522928723.006414,17.5648,1294,0,4
1522763861.082632,16.0591,1412,1,1
1529515408.213319,0.732551,1412,0,2
1522964063.907477,24.9631,1412,0,4
1522928709.749195,4.30758,110,1,4
1529564287.68946,2.61762,125,1,2
1529564287.966763,2.89493,1412,0,2
1529634880.843511,0.434548,1412,0,2
1529513491.344239,0.476163,1392,0,2
1522922669.689667,26.3041,1392,0,4
1522768763.940871,13.1095,1412,1,1
1522928722.957712,17.5161,1294,0,4
1527924687.385461,36.8508,264,0,0
1522853105.109781,6.05319,1412,0,1
1529626612.255159,0.267828,1412,0,2
1522943078.601783,32.1739,1412,0,4
1522981605.896244,48.0314,1412,0,4
1529645507.125654,0.933185,1412,0,2
1529564287.927232,2.8554,1412,0,2
1529515408.214373,0.733605,1412,0,2
1522922644.459024,1.07347,1392,0,4
1529564287.943962,2.87213,1412,0,2
1522943046.95708,0.529191,1412,0,4
1522964095.195661,56.2513,273,1,4
1527851005.624589,44.0608,260,0,0
1522859388.643198,11.9844,1412,0,1
1522943052.227941,5.80005,1412,0,4
1529554552.753831,1.2039,1412,0,2
1529634881.142443,0.73348,1412,0,2
1522956070.382503,50.6821,110,1,4
1522922655.999818,12.6143,1392,0,4
1522886710.874629,22.0712,101,1,1
1522940261.569083,6.57462,74,1,4
1522853100.56197,1.50537,1412,0,1
1529554551.900864,0.350936,126,1,2
1522763853.895334,8.87185,1412,1,1
1522964095.582458,56.6381,1412,0,4
1528083130.747957,73.6728,92,0,0
1529541636.419454,0.901744,1412,0,2
1522940280.519452,25.525,1294,0,4
1529634881.96961,1.56065,1412,0,2
1522918700.847505,0.485491,1412,0,4
1522940280.602552,25.6081,1294,0,4
1529564287.185036,2.1132,1412,0,2
1522886703.569264,14.7658,101,1,1
1527791949.123303,27.6514,100,1,0
1522922696.736768,53.3512,1392,0,4
1522943057.563823,11.1359,1412,0,4
1522928747.903275,42.4617,1294,0,4
1529515408.168365,0.687597,1412,0,2
1529554552.159386,0.609458,1412,0,2
1522853105.099942,6.04335,1412,0,1
1522940288.995533,34.0011,74,1,4
1522763865.190241,20.1668,106,0,1
1522956025.9573,6.25687,1412,0,4
1527987730.769916,10.3654,107,1,0
1527924746.549476,96.0148,104,1,0
1522763858.17674,13.1533,1412,1,1
1522865359.186227,12.2161,1412,0,1
1529541636.022799,0.505089,1412,0,2
1522940288.960365,33.9659,1294,0,4
1522654307.208364,6.11703,1294,0,3
1522763855.084172,10.0607,104,0,1
1529541636.382633,0.864923,1412,0,2
1522928731.513029,26.0714,74,1,4
1529626612.080985,0.0936542,1412,0,2
1527745248.710456,23.6333,147,0,0
1522928758.990831,53.5492,74,1,4
1522964051.364676,12.4203,1412,0,4
1522662272.99886,3.10796,194,1,3
1522940255.494238,0.499775,1294,0,4
1522853103.143343,4.08675,1412,0,1
1522842704.58768,20.7966,104,1,1
1529515408.169354,0.688586,1412,0,2
1529515408.783762,1.30299,1412,0,2
1522853101.163529,2.10693,1412,0,1
1522922683.204515,39.819,1392,0,4
1522763865.220254,20.1968,1412,1,1
1522859387.933904,11.2751,1412,0,1
1522886699.272791,10.4694,1412,0,1
1527791941.805879,20.3339,100,1,0
1522964070.302614,31.3582,1412,0,4
1522763866.075921,21.0524,1412,1,1
1529554551.898693,0.348765,1412,0,2
1529554552.928708,1.37878,1412,0,2
1522954026.731162,35.3036,1412,0,4
1522953994.489761,3.06223,1412,0,4
1522768773.777685,22.9463,1412,1,1
1529478747.414467,0.790859,1412,0,2
1527760565.246292,52.008,98,1,0
1522886708.419511,19.6161,1412,0,1
1522956025.997001,6.29657,1412,0,4
1522943052.310614,5.88273,1412,0,4
1522981613.028491,55.1637,1412,0,4
1522888894.70051,12.2088,1412,0,1
1528083104.084155,47.009,183,0,0
1522940314.000745,59.0063,1294,0,4
1522922677.827273,34.4417,1392,0,4
1529564286.747728,1.67589,1412,0,2
1522918720.225495,19.8635,1412,0,4
1522964058.698464,19.7541,126,1,4
1528083132.129259,75.0541,258,1,0
1522842697.352302,13.5612,122,1,1
1522956020.957573,1.25714,1412,0,4
1522768766.842656,16.0113,1412,1,1
1529541635.721248,0.203538,138,1,2
1527745275.56054,50.4834,257,1,0
1522928723.020806,17.5792,1294,0,4
1522940303.703698,48.7092,1294,0,4
1522917979.298646,12.983,930,0,4
1522943082.834387,36.4065,1412,0,4
1522868694.726926,9.76908,1412,0,1
1522768769.63358,18.8022,1412,1,1
1529645506.924193,0.731724,1412,0,2
1522940256.183063,1.1886,1294,0,4
1529515407.762303,0.281535,1412,0,2
1527987723.830314,3.42575,97,0,0
1522886697.953954,9.15052,114,1,1
1522886709.648008,20.8446,1412,0,1
1522954013.904015,22.4765,1412,0,4
1522964051.412011,12.4676,1412,0,4
1522940285.890119,30.8957,74,1,4
1522842704.854612,21.0635,1412,0,1
1529541635.844807,0.327097,1412,0,2
1522868693.628725,8.67088,1412,0,1
1527993562.088176,66.4353,150,0,0
1522861278.425305,9.71642,1412,0,1
1522868694.600185,9.64234,1412,0,1
1522865358.9276,11.9574,1412,0,1
1522842704.243329,20.4523,1412,0,1
1529644963.895821,1.13392,1412,0,2
1522922655.885345,12.4998,1392,0,4
1529645507.78507,1.5926,1412,0,2
1522768766.94807,16.1167,1412,1,1
1529541636.729442,1.21173,1412,0,2
1522940304.294173,49.2997,74,1,4
1522928738.99394,33.5523,1294,0,4
1522861277.35723,8.64834,125,1,1
1522940285.708963,30.7145,1294,0,4
1529626612.400712,0.413381,126,1,2
1529478746.967771,0.344163,1412,0,2
1522859388.581065,11.9222,116,1,1
1522964098.900631,59.9563,110,1,4
1529634881.529258,1.1203,1412,0,2
1529541636.059917,0.542207,1412,0,2
1522886703.623076,14.8196,1412,0,1
1522940304.088964,49.0945,74,1,4
1522917979.31039,12.9947,1412,0,4
1522928739.045118,33.6035,1294,0,4
1522635942.113865,1.0496,74,1,3
1522763864.081257,19.0578,104,0,1
1522763855.183423,10.1599,1412,1,1
1522981572.259854,14.3951,1412,0,4
1529564286.105452,1.03362,126,1,2
1529564286.651509,1.57967,1412,0,2
1522861277.379004,8.67012,1412,0,1
1522917983.583867,17.2682,930,0,4
1522956077.132294,57.4319,1412,0,4
1522954013.897425,22.4699,1412,0,4
1529513492.126202,1.25813,1392,0,2
1522922696.743699,53.3581,1392,0,4
1522918016.038862,49.7232,125,1,4
1529564287.657503,2.58567,1412,0,2
1522647181.966259,0.119482,1294,1,3
1522886713.419225,24.6158,1412,0,1
1522940312.988355,57.9939,74,1,4
1522861278.022754,9.31387,125,1,1
1529626612.524814,0.537483,1412,0,2
1522868693.88745,8.92961,1412,0,1
1522964040.832291,1.88792,1412,0,4
1522768766.526446,15.6951,1412,1,1
1522956019.805727,0.105297,1412,0,4
1522842709.370192,25.5791,1412,0,1
1522981563.825267,5.96046,1412,0,4
1522917999.535451,33.2198,1412,0,4
1522964099.863695,60.9193,116,1,4
1529634881.116028,0.707065,126,1,2
1528085215.990597,52.22,87,0,0
1522886705.032338,16.2289,101,1,1
1522918720.210064,19.848,1412,0,4
1522964042.782398,3.83803,1412,0,4
1522956047.129908,27.4295,1412,0,4
1522940275.262695,20.2682,74,1,4
1522763854.866802,9.84332,1412,1,1
1522918719.167719,18.8057,1412,0,4
1529626613.013213,1.02588,1412,0,2
1522981558.763954,0.899151,1412,0,4
1527791933.709463,12.2375,582,0,0
1522861278.106083,9.3972,1412,0,1
1529634881.744639,1.33568,125,1,2
1522918719.170507,18.8085,1412,0,4
1522943062.943989,16.5161,1412,0,4
1522928722.974355,17.5327,1294,0,4
1522853101.109396,2.0528,129,1,1
1522763859.444593,14.4211,108,0,1
1522859388.657456,11.9986,1412,0,1
1522768766.971455,16.1401,94,0,1
1522918720.212615,19.8506,1412,0,4
1522868694.787204,9.82936,1412,0,1
1529554552.152189,0.602261,1412,0,2
1522861278.146913,9.43803,1412,0,1
1522842696.231924,12.4408,1412,0,1
1527760552.949064,39.7107,873,1,0
1522922696.602844,53.2173,1392,0,4
1522943096.340781,49.9129,1412,0,4
1522954035.10706,43.6795,1412,0,4
1522928748.001499,42.5599,74,1,4
1522928747.870715,42.4291,1294,0,4
1522842692.007583,8.2165,1412,0,1
1522918701.962567,1.60055,1412,0,4
1522981606.046513,48.1817,1412,0,4
1522956068.285756,48.5853,1412,0,4
1522928709.74538,4.30376,110,1,4
1522928709.648525,4.20691,1294,0,4
1522861277.157639,8.44875,1412,0,1
1522940263.769916,8.77545,74,1,4
1522886701.242842,12.4394,1412,0,1
1522964070.177978,31.2336,1412,0,4
1522928706.233616,0.791999,74,1,4
1527760605.532754,92.2944,90,0,0
1529564287.9898,2.91796,1412,0,2
1522842709.091963,25.3009,104,1,1
1529644963.37294,0.611036,126,1,2
1522861277.462625,8.75374,1412,0,1
1522853103.472602,4.41601,119,1,1
1529564287.879352,2.80752,1412,0,2
1522940270.062832,15.0684,74,1,4
1529513491.549026,0.68095,1392,0,2
1522943106.595816,60.1679,1412,0,4
1522888894.05604,11.5643,1412,0,1
1522943078.51503,32.0871,1412,0,4
1522943063.160951,16.7331,1412,0,4
1529554552.974467,1.42454,1412,0,2
1522886703.787944,14.9845,1412,0,1
1529644962.959779,0.197875,1412,0,2
1522956069.386382,49.686,1412,0,4
1522943088.543653,42.1158,1412,0,4
1529644964.116933,1.35503,113,1,2
1522865358.208963,11.2388,1412,0,1
1522647184.49368,2.6469,112,1,3
1522956065.949478,46.249,1412,0,4
1522964099.231686,60.2873,129,1,4
1522928709.583023,4.14141,110,1,4
1522954003.188907,11.7614,1412,0,4
1522861278.400848,9.69196,125,1,1
1522853104.098532,5.04194,1412,0,1
1522763865.975193,20.9517,98,0,1
1529541636.672911,1.1552,125,1,2
1522868694.490259,9.53241,1412,0,1
1522922669.759449,26.3739,1392,0,4
1522940285.711964,30.7175,74,1,4
1529478746.962067,0.338459,1412,0,2
1522842707.617484,23.8264,1412,0,1
1522853100.291509,1.23491,1412,0,1
1522713581.143252,8.73984,74,1,3
1529645508.157085,1.96462,1412,0,2
1522865359.25346,12.2833,1412,0,1
1522842694.39409,10.603,104,1,1
1522763857.673929,12.6504,101,0,1
1522943073.295935,26.868,1412,0,4
1522964070.290461,31.3461,1412,0,4
1522954026.780161,35.3526,1412,0,4
1522922655.997931,12.6124,931,0,4
1522918753.263348,52.9013,1412,0,4
1529513491.390456,0.52238,1392,0,2
1522964083.070531,44.1262,1412,0,4
1522981572.13603,14.2712,126,1,4
1522868694.360982,9.40314,1412,0,1
1522853104.368,5.3114,1412,0,1
1522943101.362183,54.9343,1412,0,4
1522928759.218925,53.7773,1294,0,4
1522981606.85955,48.9947,141,1,4
1522861277.789981,9.0811,1412,0,1
1522943088.525344,42.0975,1412,0,4
1522647183.037754,1.19098,194,1,3
1527924711.080512,60.5459,252,1,0
1522768765.98508,15.1537,1412,1,1
1522859388.723342,12.0645,1412,0,1
1522940280.675687,25.6812,1294,0,4
1522888894.373089,11.8814,1412,0,1
1529634881.948974,1.54001,1412,0,2
1522859388.83718,12.1783,120,1,1
1522713581.550616,9.1472,104,0,3
1522928723.155155,17.7135,1294,0,4
1522886701.399918,12.5965,1412,0,1
1522888893.950978,11.4593,1412,0,1
1522981612.925821,55.061,1412,0,4
1527741818.818462,100.916,104,1,0
1522918720.153379,19.7914,1412,0,4
1529645507.192485,1.00002,1412,0,2
1522888894.715681,12.224,1412,0,1
1522953995.154352,3.72682,1412,0,4
1522842697.722498,13.9314,1412,0,1
1522964063.942147,24.9978,1412,0,4
1522956077.10481,57.4044,104,1,4
1522956065.286283,45.5859,227,1,4
1522888894.613193,12.1215,1412,0,1
1522928723.157448,17.7158,1294,0,4
1529626612.819986,0.832655,1412,0,2
1529515408.523669,1.0429,1412,0,2
1522886712.047756,23.2443,101,1,1
1522956047.076772,27.3763,1412,0,4
1522888894.488949,11.9972,1412,0,1
1522842701.130736,17.3397,1412,0,1
1522956065.229647,45.5292,225,1,4
1522981606.293491,48.4287,1412,0,4
1522768768.097417,17.2661,103,0,1
1527987816.400887,95.9963,279,0,0
1522956021.048578,1.34815,1412,0,4
1522922669.676652,26.2911,106,1,4
1529478747.313575,0.689967,1412,0,2
1522865358.702728,11.7326,1412,0,1
1522964058.699635,19.7553,97,1,4
1529541636.528373,1.01066,1412,0,2
1522868694.151598,9.19375,1412,0,1
1529644963.380453,0.618549,126,1,2
1522964040.818987,1.87462,1412,0,4
1522928748.45438,43.0128,1294,0,4
1522943088.59255,42.1647,126,1,4
1522842700.870429,17.0793,104,1,1
1522868693.95083,8.99299,1412,0,1
1522842690.590213,6.79913,1412,0,1
1522922677.852969,34.4674,1392,0,4
1529564286.710158,1.63832,1412,0,2
1522940270.026027,15.0316,74,1,4
1527993574.59096,78.9381,101,1,0
1529541636.069366,0.551656,1412,0,2
1522940314.476922,59.4825,1294,0,4
1522940256.109066,1.1146,1294,0,4
1522842710.325944,26.5349,98,1,1
1522868694.169566,9.21172,1412,0,1
1522842703.114384,19.3233,1412,0,1
1522861277.97224,9.26336,1412,0,1
1522918719.177825,18.8158,1412,0,4
1522964051.356121,12.4118,1412,0,4
1522865359.13554,12.1654,1412,0,1
1522954045.305245,53.8777,1412,0,4
1522859387.810126,11.1513,1412,0,1
1522943052.160225,5.73234,718,1,4
1522842704.025616,20.2345,101,1,1
1522943078.443812,32.0159,1412,0,4
1522886708.204225,19.4008,1412,0,1
1522888893.892218,11.4005,1412,0,1
1529626612.833589,0.846258,125,1,2
1528083057.480916,0.405722,1412,0,0
1522928722.979848,17.5382,1294,0,4
1522918733.925289,33.5633,1412,0,4
1522853101.796856,2.74026,1412,0,1
1522859387.957736,11.2989,1412,0,1
1522768769.362753,18.5314,1412,1,1
1529626613.009034,1.0217,1412,0,2
1522953994.71915,3.29162,1412,0,4
1522964095.09527,56.1509,1412,0,4
1522940294.277922,39.2835,74,1,4
1522886710.182321,21.3789,1412,0,1
1522943057.489739,11.0618,1412,0,4
1522928709.644436,4.20282,94,1,4
1522956020.501534,0.801104,1412,0,4
1522768764.89627,14.0649,1412,1,1
1522928705.615333,0.173716,1294,0,4
1522940294.410434,39.416,74,1,4
1522886711.478701,22.6753,101,1,1
1522928758.775216,53.3336,1294,0,4
1522954034.579627,43.1521,1412,0,4
1522928731.582348,26.1407,1294,0,4
1522940280.68133,25.6869,1294,0,4
1529541635.568274,0.0505641,100,1,2
1522943063.059078,16.6312,1412,0,4
1527760572.777504,59.5392,389,1,0
1522964063.945608,25.0012,1412,0,4
1522868693.526066,8.56822,1412,0,1
1522763861.948402,16.9249,1412,1,1
1522928723.048548,17.6069,1294,0,4
1522928709.472912,4.0313,110,1,4
1522940314.972362,59.9779,1294,0,4
1529564286.300206,1.22837,1412,0,2
1522953992.622222,1.19469,1412,0,4
1522861278.513225,9.80434,1412,0,1
1522956020.065862,0.365432,1412,0,4
1522859388.346047,11.6872,116,1,1
1522859388.208623,11.5498,1412,0,1
1522964099.098958,60.1546,1412,0,4
1522954026.731322,35.3038,126,1,4
1522964040.57428,1.62991,1412,0,4
1522886701.530806,12.7274,1412,0,1
1522859388.855397,12.1966,1412,0,1
1529513491.170811,0.302735,1392,0,2
1529634881.096398,0.687435,1412,0,2
1522918702.400458,2.03844,1412,0,4
1522842709.538865,25.7478,1412,0,1
1522865358.804245,11.8341,125,1,1
1527987782.003343,61.5988,92,0,0
1522928748.053222,42.6116,74,1,4
1522886705.521362,16.7179,1412,0,1
1522861277.204912,8.49603,1412,0,1
1522943100.797152,54.3693,1412,0,4
1529513491.884301,1.01622,1392,0,2
1522918024.571921,58.2563,1412,0,4
1522981606.406835,48.542,1412,0,4
1528083063.986495,6.9113,1412,0,0
1522865359.358952,12.3888,1412,0,1
1522981606.650504,48.7857,1412,0,4
1522886710.464772,21.6613,1412,0,1
1522768765.65031,14.819,1412,1,1
1522928731.651802,26.2102,74,1,4
1522928709.617432,4.17582,1294,0,4
1522768768.968846,18.1375,1412,1,1
1522768770.952534,20.1212,1412,1,1
1522922696.681754,53.2962,1392,0,4
1522888894.995743,12.504,1412,0,1
1522763858.657564,13.6341,98,0,1
1527741779.627652,61.7252,92,0,0
1522861277.753014,9.04413,1412,0,1
1522940280.542629,25.5482,74,1,4
1522940294.377554,39.3831,74,1,4
1527850961.888588,0.324817,118,1,0
1529564285.66402,0.592183,1412,0,2
1529554552.852491,1.30256,1412,0,2
1527745319.621311,94.5442,295,0,0
1522943082.742187,36.3143,1412,0,4
1528085182.220757,18.4501,92,0,0
1522842699.723768,15.9327,1412,0,1
1522768764.386836,13.5555,1412,1,1
1527993507.262369,11.6095,1412,1,0
1522662270.65075,0.759851,104,0,3
1529478746.744727,0.121119,1412,0,2
1522861277.366935,8.65805,1412,0,1
1522861277.907824,9.19894,1412,0,1
1522953993.268898,1.84137,1412,0,4
1522943107.342378,60.9145,1412,0,4
1522842704.576809,20.7857,1412,0,1
1527760624.707474,111.469,98,1,0
1522888894.750988,12.2593,1412,0,1
1522943101.469535,55.0416,1412,0,4
1522956020.450071,0.749641,125,1,4
1522922669.775074,26.3895,1392,0,4
1522842691.264686,7.47361,1412,0,1
1522922696.588848,53.2033,1392,0,4
1522842706.725273,22.9342,1412,0,1
1522956077.489793,57.7894,1412,0,4
1522954026.65483,35.2273,1412,0,4
1522981606.464535,48.5997,155,1,4
1522956038.944759,19.2443,1412,0,4
1522956065.625166,45.9247,294,1,4
1528085198.383542,34.6129,101,1,0
1522853102.583983,3.52739,1412,0,1
1529644963.307244,0.54534,1412,0,2
1522842700.444444,16.6534,109,1,1
1522922696.566031,53.1805,1392,0,4
1522981563.885331,6.02053,126,1,4
1522943052.284179,5.85629,1412,0,4
1522940269.992868,14.9984,1294,0,4
1522861277.404916,8.69603,1412,0,1
1522853103.263681,4.20709,116,1,1
1529645508.02607,1.8336,126,1,2
1522928747.565754,42.1241,102,1,4
1522940314.390023,59.3956,74,1,4
1522943082.854135,36.4262,1412,0,4
1529554552.650469,1.10054,1412,0,2
1522956020.567537,0.867107,1412,0,4
1522842701.317068,17.526,1412,0,1
1522940256.078019,1.08356,1294,0,4
1522918702.395606,2.03359,1412,0,4
1522853101.2174,2.1608,116,1,1
1522922683.24121,39.8557,1392,0,4
1522954035.106545,43.679,1412,0,4
1522865359.21186,12.2417,1412,0,1
1522865359.029678,12.0595,1412,0,1
1522868693.356381,8.39854,1412,0,1
1522842709.46854,25.6775,1412,0,1
1529634881.083161,0.674198,930,0,2
1522964070.16638,31.222,1412,0,4
1522922677.843948,34.4584,1392,0,4
1522918720.230701,19.8687,1412,0,4
1522981558.772199,0.907396,1412,0,4
1522888894.117559,11.6258,1412,0,1
1522842709.56813,25.7771,1412,0,1
1529645507.430373,1.2379,1412,0,2
1522928722.95042,17.5088,1294,0,4
1522943101.278411,54.8505,1412,0,4
1522943046.515249,0.0873599,1412,0,4
1522922692.358757,48.9732,1392,0,4
1522842708.244129,24.453,1412,0,1
1522763856.68724,11.6638,1412,1,1
1529541636.085407,0.567697,1412,0,2
1529634882.041688,1.63273,1412,0,2
1522940294.368821,39.3744,1294,0,4
1522886703.802274,14.9988,101,1,1
1522928753.521918,48.0803,1294,0,4
1522918700.907504,0.54549,1412,0,4
1522956056.463604,36.7632,1412,0,4
1522943088.501251,42.0734,1412,0,4
1522928758.014257,52.5726,1294,0,4
1522886698.687795,9.88436,1412,0,1
1529564287.200528,2.12869,1412,0,2
1522886713.522947,24.7195,1412,0,1
1522635941.985197,0.920934,254,1,3
1527987829.711334,109.307,259,1,0
1522928709.650161,4.20854,86,1,4
1522886708.742566,19.9391,101,1,1
1522853103.327054,4.27046,1412,0,1
1529554552.708435,1.15851,1412,0,2
1529644964.321433,1.55953,1412,0,2
1527791959.860701,38.3888,298,0,0
1522943088.525952,42.0981,1412,0,4
1522964075.665896,36.7215,1412,0,4
1522868694.880118,9.92227,107,0,1
1527993592.958626,97.3058,100,0,0
1522859388.04102,11.3822,117,1,1
1522768765.573642,14.7423,1412,1,1
1522842701.549424,17.7583,104,1,1
1522918702.378597,2.01658,1412,0,4
1522918752.713859,52.3518,1412,0,4
1529554552.350432,0.800504,1412,0,2
1529478747.610016,0.986408,1412,0,2
1522981572.232059,14.3673,1412,0,4
1522928753.681493,48.2399,1294,0,4
1522922696.685981,53.3004,1392,0,4
1522842703.594864,19.8038,1412,0,1
1522943088.529894,42.102,1412,0,4
1522859388.732075,12.0732,113,1,1
1522928758.221938,52.7803,1294,0,4
1529626612.402094,0.414763,1412,0,2
1522928715.585434,10.1438,1294,0,4
1522964082.905467,43.9611,1412,0,4
1522853101.417579,2.36098,1412,0,1
1522928747.473624,42.032,1294,0,4
1522954026.710159,35.2826,957,0,4
1522943073.325381,26.8975,951,0,4
1529626613.18301,1.19568,1412,0,2
1529541636.070792,0.553082,1412,0,2
1529645507.988094,1.79563,1412,0,2
1522940280.638508,25.644,74,1,4
1522918739.299896,38.9379,1412,0,4
1529626612.822646,0.835315,1412,0,2
1529644963.154566,0.392662,1412,0,2
1522922643.964125,0.578572,80,1,4
1522859388.603053,11.9442,127,1,1
1522868694.150976,9.19313,125,1,1
1522768773.725429,22.8941,1412,1,1
1522763862.603435,17.58,1412,1,1
1529645507.948273,1.7558,1412,0,2
1522861277.694959,8.98607,1412,0,1
1522763862.423391,17.3999,1412,1,1
1522853104.025025,4.96843,1412,0,1
1522861277.694851,8.98597,1412,0,1
1522940285.909434,30.915,74,1,4
1529515408.011284,0.530516,1412,0,2
1522940275.240482,20.246,1294,0,4
1522928709.582162,4.14054,110,1,4
1522918739.261451,38.8994,126,1,4
1522859387.793977,11.1351,1412,0,1
1522861278.520774,9.81189,1412,0,1
1529645507.766101,1.57363,1412,0,2
1522763854.962404,9.93892,1412,1,1
1529564286.119309,1.04747,1412,0,2
1522918024.577328,58.2617,126,1,4
1522943046.957069,0.52918,1412,0,4
1522956065.716959,46.0165,1412,0,4
1522865359.180666,12.2105,1412,0,1
1522861278.309335,9.60045,125,1,1
1522768771.881637,21.0503,100,0,1
1522964042.89139,3.94702,1412,0,4
1522842697.209092,13.418,1412,0,1
1522940294.214284,39.2198,74,1,4
1522956065.229502,45.5291,1412,0,4
1522954013.923065,22.4955,1412,0,4
1529644963.519009,0.757105,1412,0,2
1522868693.801484,8.84364,1412,0,1
1522956065.465538,45.7651,1412,0,4
1527993607.404514,111.752,255,0,0
1522953998.751646,7.32412,1412,0,4
1522918720.195174,19.8332,1412,0,4
1529564286.704411,1.63257,1412,0,2
1522956056.50905,36.8086,1412,0,4
1522888894.834201,12.3425,1412,0,1
1522868693.519167,8.56132,1412,0,1
1522922683.208582,39.823,1392,0,4
1529644963.362595,0.600691,126,1,2
1522861277.201252,8.49237,1412,0,1
1529554551.729885,0.179957,1412,0,2
1522922662.106522,18.721,1392,0,4
1522886700.647049,11.8436,101,1,1
1522886710.969661,22.1662,1412,0,1
1529478747.442312,0.818704,940,0,2
1522928723.039529,17.5979,74,1,4
1522981572.189521,14.3247,1412,0,4
1522918024.559312,58.2437,1412,0,4
1522953995.197286,3.76976,1412,0,4
1522886700.458535,11.6551,1412,0,1
1522763855.726159,10.7027,1412,1,1
1522940274.224293,19.2298,1294,0,4
1522940275.151739,20.1573,74,1,4
1522859388.20508,11.5462,110,1,1
1529554551.892594,0.342666,1412,0,2
1522763861.232097,16.2086,1412,1,1
1529554552.657835,1.10791,1412,0,2
1522956065.147541,45.4471,1412,0,4
1522943088.524196,42.0963,1412,0,4
1522763862.469455,17.446,1412,1,1
1529644963.870076,1.10817,1412,0,2
1528085189.379176,25.6085,87,0,0
1522842707.686446,23.8954,1412,0,1
1522928748.518223,43.0766,74,1,4
1522635942.336465,1.2722,1294,0,3
1522768763.476722,12.6454,1412,1,1
1529564286.390503,1.31867,126,1,2
1522842691.730919,7.93984,179,1,1
1522940256.20606,1.2116,1294,0,4
1522868694.861164,9.90332,1412,0,1
1522981572.210004,14.3452,1412,0,4
1522940280.506467,25.512,1294,0,4
1522768764.210759,13.3794,1412,1,1
1522928715.445485,10.0039,1294,0,4
1522842691.911132,8.12005,1412,0,1
1522868693.828175,8.87033,1412,0,1
1529554552.908095,1.35817,1412,0,2
1522865358.598744,11.6286,1412,0,1
1522943073.320234,26.8923,1412,0,4
1522763856.386473,11.363,1412,1,1
1522918753.04448,52.6825,1412,0,4
1527791925.21391,3.74197,1412,1,0
1522940256.042048,1.04759,1294,0,4
1522964095.59341,56.649,930,0,4
1529478747.131285,0.507677,117,1,2
1522861277.166399,8.45751,1412,0,1
1522842703.603436,19.8124,1412,0,1
1529564285.866155,0.794318,1412,0,2
1522842697.951158,14.1601,1412,0,1
1522842707.275785,23.4847,101,1,1
1522859388.060151,11.4013,1412,0,1
1522940275.232144,20.2377,1294,0,4
1522917967.035952,0.720291,1412,0,4
1522928705.614263,0.172646,1294,0,4
1522859388.155894,11.4971,1412,0,1
1522859388.570699,11.9119,1412,0,1
1522928747.793083,42.3515,1294,0,4
1522964058.70628,19.7619,1412,0,4
1522865359.365922,12.3958,1412,0,1
1522940275.24749,20.253,1294,0,4
1522940285.857964,30.8635,1294,0,4
1529554552.207943,0.658015,458,0,2
1529513491.023129,0.155053,101,1,2
1529634881.136235,0.727272,1412,0,2
1522928722.995921,17.5543,1294,0,4
1522964058.581867,19.6375,1412,0,4
1522953993.236749,1.80922,1412,0,4
1522956047.010626,27.3102,1412,0,4
1529644963.767325,1.00542,87,0,2
1522868694.373392,9.41555,1412,0,1
1522859388.043029,11.3842,1412,0,1
1522928729.338582,23.897,1294,0,4
1527851001.529719,39.9659,972,1,0
1527745301.948362,76.8712,92,0,0
1522943063.01995,16.5921,1412,0,4
1522888894.286645,11.7949,1412,0,1
1522956077.829811,58.1294,1412,0,4
1522865359.486027,12.5159,1412,0,1
1522853102.588363,3.53177,1412,0,1
1522865358.527317,11.5572,1412,0,1
1522868694.846319,9.88847,1412,0,1
1522868694.719859,9.76201,1412,0,1
1522859388.618473,11.9596,1412,0,1
1527760576.302171,63.0639,259,0,0
1529515408.710488,1.22972,1412,0,2
1527791957.950288,36.4783,412,0,0
1529634881.835589,1.42663,114,1,2
1522888894.611111,12.1194,1412,0,1
1522956064.987116,45.2867,120,1,4
1522928744.415184,38.9736,1294,0,4
1522943082.79393,36.366,1412,0,4
1522953992.099365,0.671835,1412,0,4
1522868694.144953,9.18711,125,1,1
1529513491.735367,0.867291,1392,0,2
1522868693.820478,8.86263,1412,0,1
1522922683.265117,39.8796,1392,0,4
1529513491.177051,0.308975,1392,0,2
1522853103.282527,4.22593,1412,0,1
1529626612.828515,0.841184,1412,0,2
1522956025.942595,6.24217,1412,0,4
1522635947.979861,6.9156,212,1,3
1522859388.855914,12.1971,1412,0,1
1522953992.137123,0.709593,1412,0,4
1522868693.569945,8.6121,1412,0,1
1522940294.286816,39.2924,74,1,4
1522859387.762592,11.1038,1412,0,1
1522928731.54491,26.1033,1294,0,4
1522928729.325889,23.8843,1294,0,4
1529626612.536347,0.549016,1412,0,2
1522865358.135453,11.1653,1412,0,1
1529513491.513867,0.645791,1392,0,2
1522964040.562283,1.61791,1412,0,4
1522763865.435121,20.4116,1412,1,1
1522861278.522857,9.81397,1412,0,1
1522922643.960648,0.575095,1392,0,4
1522954003.149784,11.7223,1412,0,4
1522940285.912411,30.9179,1294,0,4
1522918720.15559,19.7936,1412,0,4
1522918702.328236,1.96622,1412,0,4
1522922683.262559,39.877,1392,0,4
1522842709.638914,25.8478,101,1,1
1522918702.335584,1.97357,1412,0,4
1522842706.194726,22.4036,1412,0,1
1522635945.464926,4.40066,74,0,3
1522647182.26378,0.417003,1294,1,3
1522853102.140018,3.08342,1412,0,1
1529644963.166775,0.404871,1412,0,2
1522922644.451036,1.06548,1392,0,4
1522763864.471683,19.4482,1412,1,1
1522861277.400595,8.69171,1412,0,1
1522918739.225975,38.864,1412,0,4
1522853104.640001,5.58341,1412,0,1
1522861278.117108,9.40822,1412,0,1
1522861277.357127,8.64824,1412,0,1
1522861278.452983,9.7441,1412,0,1
1529626612.971927,0.984596,1412,0,2
1522954013.981425,22.5539,1412,0,4
1522842708.760861,24.9698,101,1,1
1522918753.377504,53.0155,1412,0,4
1529478747.271004,0.647396,1412,0,2
1522918752.762452,52.4004,1412,0,4
1527993522.400737,26.7479,92,0,0
1522956047.097269,27.3968,1412,0,4
1522853105.344077,6.28748,1412,0,1
1522768769.613535,18.7822,103,0,1
1522861277.165866,8.45698,1412,0,1
1522940256.185072,1.19061,74,1,4
1522886706.933799,18.1304,1412,0,1
1522964083.690913,44.7465,1412,0,4
1529515407.580921,0.100153,1412,0,2
1529478747.237098,0.61349,1412,0,2
1522842698.4527,14.6616,1412,0,1
1522865358.150224,11.1801,1412,0,1
1522940304.230875,49.2364,74,1,4
1522928748.421173,42.9796,1294,0,4
1522888894.82078,12.3291,1412,0,1
1522859388.83122,12.1724,113,1,1
1529541635.666417,0.148707,1412,0,2
1522956046.96536,27.2649,1412,0,4
1522922644.462171,1.07662,105,1,4
1522922696.705998,53.3204,1392,0,4
1522868693.574118,8.61627,1412,0,1
1529644964.16431,1.40241,1412,0,2
1522763855.176437,10.153,1412,1,1
1522940288.97382,33.9794,74,1,4
1522853103.892412,4.83582,125,1,1
1522917999.545909,33.2302,1412,0,4
1522888894.012006,11.5203,1412,0,1
1522768770.386591,19.5553,1412,1,1
1522768756.151695,5.32036,222,0,1
1522763857.342232,12.3187,1412,1,1
1522981563.991052,6.12625,1412,0,4
1522861278.386117,9.67723,1412,0,1
1529515408.707281,1.22651,1412,0,2
1527851020.368635,58.8049,87,0,0
1522868693.40625,8.44841,1412,0,1
1522842702.653189,18.8621,1412,0,1
1529645507.79927,1.6068,1412,0,2
1522940294.314073,39.3196,1294,0,4
1522865358.834518,11.8644,1412,0,1
1522853102.811971,3.75538,1412,0,1
1529634881.824896,1.41593,1412,0,2
1522940280.605858,25.6114,1294,0,4
1529564287.927554,2.85572,125,1,2
1528083131.580172,74.505,101,1,0
1522842710.094876,26.3038,1412,0,1
1522928758.005364,52.5637,1294,0,4
1529644964.031016,1.26911,1412,0,2
1522953993.242378,1.81485,125,1,4
1522943046.941311,0.513422,1412,0,4
1529515408.191124,0.710356,1412,0,2
1522768768.742455,17.9111,1412,1,1
1522842707.499346,23.7083,1412,0,1
1522861277.124142,8.41526,1412,0,1
1522888894.090175,11.5985,1412,0,1
1522842708.206817,24.4157,104,1,1
1529513491.94408,1.076,105,1,2
1522956056.553592,36.8532,1412,0,4
1522943106.522838,60.0949,1412,0,4
1522940255.967072,0.972609,1294,0,4
1522918702.321596,1.95958,1412,0,4
1522886711.969932,23.1665,1412,0,1
1522763855.584496,10.561,1412,1,1
1529644964.114713,1.35281,1412,0,2
1522886707.204441,18.401,1412,0,1
1529564288.143669,3.07183,1412,0,2
1522940280.600249,25.6058,1294,0,4
1529478747.563202,0.939594,1412,0,2
1522953993.317253,1.88972,1412,0,4
1522956077.293601,57.5932,1412,0,4
1522853100.524367,1.46777,110,1,1
1522928731.608431,26.1668,1294,0,4
1522956038.905368,19.2049,1412,0,4
1529541636.521676,1.00397,930,0,2
1529513491.172939,0.304863,1392,0,2
1522842704.617722,20.8266,104,1,1
1529645508.01558,1.82311,1412,0,2
1529541636.599179,1.08147,1412,0,2
1529513491.56647,0.698394,1392,0,2
1529644963.312846,0.550942,1412,0,2
1529515407.686924,0.206156,1412,0,2
1529478747.825529,1.20192,119,1,2
1522886700.231218,11.4278,1412,0,1
1522954044.783932,53.3564,1412,0,4
1529515408.166645,0.685877,929,0,2
1522918748.600831,48.2388,106,1,4
1529626612.635347,0.648016,1412,0,2
1522861278.089175,9.38029,1412,0,1
1522853104.681133,5.62454,1412,0,1
1522940270.076289,15.0818,74,1,4
1529634881.365791,0.956828,1412,0,2
1528085279.999261,116.229,148,0,0
1527791966.513596,45.0417,100,1,0
1529634881.74049,1.33153,1412,0,2
1522940256.816121,1.82166,74,1,4
1522886702.287195,13.4838,101,1,1
1529541636.671895,1.15419,1412,0,2
1529644963.512025,0.750121,1412,0,2
1522886709.629329,20.8259,1412,0,1
1522917999.548283,33.2326,1412,0,4
1522954035.081821,43.6543,1412,0,4
1529644963.728618,0.966714,1412,0,2
1522868693.928182,8.97034,1412,0,1
1529644963.647815,0.885911,1412,0,2
1522928715.447227,10.0056,74,1,4
1522940285.903199,30.9087,1294,0,4
1522928715.610459,10.1688,1294,0,4
1528085165.07688,1.30625,383,0,0
1522964051.386219,12.4418,1412,0,4
1522981606.144706,48.2799,1412,0,4
1522964042.852373,3.908,1412,0,4
1522964083.773967,44.8296,498,1,4
1522886712.862778,24.0593,101,1,1
1522943046.963074,0.535185,1412,0,4
1529644963.48621,0.724306,1412,0,2
1522868693.91516,8.95731,1412,0,1
1529554552.704759,1.15483,1412,0,2
1529645506.72158,0.529111,1412,0,2
1522888882.49172,0.0,1412,1,1
1529634881.401888,0.992925,1412,0,2
1529554552.775638,1.22571,125,1,2
1522888894.715044,12.2233,1412,0,1
1522940270.060081,15.0656,1294,0,4
1529644963.803477,1.04157,1412,0,2
1527987766.854409,46.4498,104,1,0
1522943101.065154,54.6373,1412,0,4
1529478747.613191,0.989583,1412,0,2
1522928731.521359,26.0797,1294,0,4
1522943063.048754,16.6209,1412,0,4
1522956026.090576,6.39015,1412,0,4
1522868693.968399,9.01055,1412,0,1
1522940280.482463,25.488,1294,0,4
1522918739.21622,38.8542,1412,0,4
1528085249.162471,85.3918,261,1,0
1522763855.136292,10.1128,101,0,1
1522922644.484048,1.0985,1392,0,4
1522853102.855346,3.79875,1412,0,1
1522964058.649939,19.7056,1412,0,4
1527993498.401941,2.74907,230,1,0
1522886701.830685,13.0273,1412,0,1
1527987754.206134,33.8016,396,1,0
1522954003.23498,11.8075,1412,0,4
1522964051.368875,12.4245,1412,0,4
1522956069.604069,49.9036,1412,0,4
1522943106.489924,60.062,1412,0,4
1522861277.157442,8.44856,1412,0,1
1522964099.033298,60.0889,1412,0,4
1522868693.390601,8.43276,1412,0,1
1522888894.393163,11.9014,1412,0,1
1529478746.952666,0.329058,1412,0,2
1522943078.454712,32.0268,125,1,4
1522954026.711168,35.2836,1412,0,4
1522865358.307636,11.3375,1412,0,1
1522964099.269424,60.3251,1412,0,4
1522768762.438589,11.6073,1412,1,1
1522964070.310031,31.3657,1412,0,4
1522853101.369863,2.31327,1412,0,1
1522956021.080221,1.37979,1412,0,4
1522886709.946669,21.1432,1412,0,1
1529634880.945978,0.537015,1412,0,2
1529644962.870027,0.108123,100,1,2
1522954026.704167,35.2766,1412,0,4
1522768766.711608,15.8803,102,0,1
1522943097.145853,50.718,1412,0,4
1522954013.956877,22.5293,1412,0,4
1522954026.671169,35.2436,1412,0,4
1522964095.367398,56.423,1412,0,4
1522888894.535469,12.0437,1412,0,1
1522917983.540569,17.2249,1412,0,4
1522954026.68887,35.2613,1412,0,4
1522888894.192905,11.7012,1412,0,1
1522868694.209471,9.25163,1412,0,1
1522865359.479314,12.5092,1412,0,1
1522956031.559804,11.8594,1412,0,4
1522928747.703301,42.2617,94,1,4
1522868693.775642,8.8178,1412,0,1
1522953992.63533,1.2078,125,1,4
1522635948.569961,7.5057,1294,0,3
1522853104.904629,5.84803,113,1,1
1527924669.573845,19.0392,92,0,0
1529644963.392865,0.630961,1412,0,2
1522886709.521974,20.7185,1412,0,1
1522654305.549838,4.45851,74,1,3
1529515407.575559,0.0947909,100,1,2
1522954035.204341,43.7768,1412,0,4
1529564287.99787,2.92603,1412,0,2
1522940280.685625,25.6912,1294,0,4
1529515408.574193,1.09343,1412,0,2
1522853104.107548,5.05095,1412,0,1
1527993533.66554,38.0127,148,0,0
1522842704.600642,20.8096,1412,0,1
1522865358.724789,11.7546,1412,0,1
1522940280.507451,25.513,1294,0,4
1522886697.867833,9.0644,1412,0,1
1522943101.733198,55.3053,1412,0,4
1522940288.993264,33.9988,1294,0,4
1522886700.684049,11.8806,101,1,1
1522918701.537234,1.17522,1412,0,4
1522842701.891486,18.1004,1412,0,1
1522888894.036419,11.5447,126,1,1
1529513490.974638,0.106562,1392,0,2
1522763857.18848,12.165,1412,1,1
1522865358.858591,11.8884,1412,0,1
1522928752.944075,47.5025,1294,0,4
1522763853.361334,8.33785,1412,1,1
1529626612.328614,0.341283,1412,0,2
1522964058.712915,19.7685,126,1,4
1529644962.868728,0.106824,100,1,2
1522744993.68069,3.13024,74,1,3
1522940275.256544,20.2621,1294,0,4
1522865359.097231,12.1271,1412,0,1
1522943052.376045,5.94816,1412,0,4
1522842703.777084,19.986,1412,0,1
1522853103.880335,4.82374,1412,0,1
1522956031.502367,11.8019,1412,0,4
1522886704.751918,15.9485,1412,0,1
1529564285.675386,0.603549,1412,0,2
1522842704.197403,20.4063,1412,0,1
1522868694.627987,9.67014,1412,0,1
1522861277.292845,8.58396,1412,0,1
1522868694.367599,9.40975,1412,0,1
1522940270.088374,15.0939,1294,0,4
1529634881.5808,1.17184,1412,0,2
1522763860.901978,15.8785,1412,1,1
1522868694.862474,9.90463,125,1,1
1522943097.128693,50.7008,1412,0,4
1522954035.096585,43.6691,1412,0,4
1522940304.401245,49.4068,1294,0,4
1522922669.624854,26.2393,1392,0,4
1522853104.311721,5.25513,1412,0,1
1522918720.247061,19.885,1412,0,4
1522868694.411648,9.4538,1412,0,1
1522868693.971287,9.01344,1412,0,1
1529645507.972136,1.77967,1412,0,2
1522922696.747458,53.3619,1392,0,4
1529515408.587707,1.10694,1412,0,2
1522964075.700288,36.7559,1412,0,4
1529478747.251733,0.628125,1412,0,2
1522861276.9851,8.27622,1412,0,1
1522943052.280796,5.85291,1412,0,4
1522943052.191171,5.76328,1412,0,4
1522859388.115404,11.4566,1412,0,1
1529541636.684039,1.16633,1412,0,2
1522842699.525366,15.7343,1412,0,1
1522940303.213991,48.2195,446,0,4
1522956038.771313,19.0709,1412,0,4
1522868693.64129,8.68344,126,1,1
1529478747.58407,0.960462,1412,0,2
1522918016.03948,49.7238,1412,0,4
1529564287.919635,2.8478,1412,0,2
1522981563.84046,5.97566,930,0,4
1529644963.712371,0.950467,1412,0,2
1522956038.851171,19.1507,1412,0,4
1522886712.385542,23.5821,1412,0,1
1529478747.143288,0.51968,116,1,2
1522859388.470634,11.8118,1412,0,1
1522888894.817232,12.3255,1412,0,1
1522868693.785218,8.82737,1412,0,1
1528083118.409198,61.334,87,0,0
1522768769.069219,18.2379,1412,1,1
1522964040.802281,1.85791,1412,0,4
1522928729.346301,23.9047,1294,0,4
1522953999.073491,7.64596,1412,0,4
1529644964.116843,1.35494,1412,0,2
1522922692.343364,48.9578,1392,0,4
1522928758.893931,53.4523,74,1,4
1522940261.489716,6.49525,1294,0,4
1529478747.728556,1.10495,1412,0,2
1527745325.052226,99.9751,92,0,0
1522981572.263051,14.3982,484,0,4
1522917999.567695,33.252,1412,0,4
1522861277.715829,9.00694,1412,0,1
1522943082.695055,36.2672,1412,0,4
1522763854.30936,9.28588,98,0,1
1522861277.237894,8.52901,1412,0,1
1522918739.138041,38.776,1412,0,4
1529564286.622829,1.55099,1412,0,2
1522859387.847026,11.1882,114,1,1
1522928758.598048,53.1564,1294,0,4
1522943057.496241,11.0684,1412,0,4
1522940275.210224,20.2158,1294,0,4
1527993546.948762,51.2959,392,1,0
1529564286.106372,1.03454,1412,0,2
1522940303.8576,48.8631,1294,0,4
1522865359.002724,12.0326,1412,0,1
1522922696.690677,53.3051,1392,0,4
1522918702.445173,2.08316,1412,0,4
1527993531.343398,35.6905,104,1,0
1529626612.657385,0.670054,1412,0,2
1522964099.785403,60.841,1412,0,4
1522865359.392599,12.4224,1412,0,1
1522853102.745463,3.68887,1412,0,1
1522842698.710253,14.9192,101,1,1
1522922683.21829,39.8327,1392,0,4
1529626612.486172,0.498841,1412,0,2
1529515408.505759,1.02499,1412,0,2
1522868694.422722,9.46488,1412,0,1
1529478746.820825,0.197217,1412,0,2
1522886697.60884,8.80541,101,1,1
1522956020.564557,0.864127,1412,0,4
1522943101.249166,54.8213,1412,0,4
1522888894.143975,11.6523,1412,0,1
1529515408.704694,1.22393,1412,0,2
1522865358.968625,11.9985,1412,0,1
1522853105.19804,6.14144,1412,0,1
1522768773.524158,22.6928,1412,1,1
1527924719.582492,69.0478,104,1,0
1529644964.022875,1.26097,1412,0,2
1522865359.098283,12.1281,1412,0,1
1522853100.226293,1.1697,1412,0,1
1522954003.084167,11.6566,1412,0,4
1522865359.103851,12.1337,1412,0,1
1529645506.245685,0.0532162,1412,0,2
1522886698.16835,9.36492,1412,0,1
1522886713.335828,24.5324,1412,0,1
1522768763.099544,12.2682,1412,1,1
1522964058.566601,19.6222,1412,0,4
1527851049.246685,87.6829,124,0,0
1529513491.168932,0.300856,1392,0,2
1527745309.976793,84.8997,255,0,0
1522943082.693568,36.2657,1412,0,4
1522861277.134613,8.42573,1412,0,1
1522853103.342633,4.28604,1412,0,1
1522853104.395944,5.33935,1412,0,1
1522956056.56696,36.8665,1412,0,4
1522954045.324234,53.8967,1412,0,4
1522981596.826006,38.9612,1412,0,4
1522981558.762758,0.897955,1412,0,4
1522981563.999296,6.13449,1412,0,4
1522940314.713587,59.7191,1294,0,4
1527851028.405628,66.8419,394,1,0
1522842692.013925,8.22285,182,1,1
1529541636.032808,0.515098,1412,0,2
1522956046.960819,27.2604,1412,0,4
1522861278.070371,9.36149,1412,0,1
1522918752.960455,52.5984,930,0,4
1527924660.061082,9.52643,430,0,0
1527987729.102894,8.69833,309,1,0
1522922662.106168,18.7206,1392,0,4
1522943106.872469,60.4446,1412,0,4
1529626612.571665,0.584334,1412,0,2
1522964063.957395,25.013,1412,0,4
1522853103.289634,4.23304,1412,0,1
1527987756.052588,35.648,256,0,0
1522918752.68039,52.3184,1412,0,4
1522842694.96457,11.1735,1412,0,1
1522928709.541327,4.09971,86,1,4
1527993607.405796,111.753,148,0,0
1529645507.111999,0.91953,1412,0,2
1522886703.162079,14.3586,1412,0,1
1522922696.621736,53.2362,1392,0,4
1529554552.843219,1.29329,1412,0,2
1522768766.727503,15.8962,1412,1,1
1522888894.668264,12.1765,1412,0,1
1529634881.848589,1.43963,117,1,2
1522954045.246213,53.8187,1412,0,4
1522868694.620575,9.66273,1412,0,1
1522956019.792295,0.0918651,1412,0,4
1522954013.871067,22.4435,1412,0,4
1522859388.224251,11.5654,1412,0,1
1522861277.086774,8.37789,1412,0,1
1522865358.136178,11.166,1412,0,1
1528085164.400105,0.629473,663,0,0
1522943088.445645,42.0178,125,1,4
1522886709.658245,20.8548,1412,0,1
1522865358.127836,11.1577,1412,0,1
1529634880.609851,0.200888,100,1,2
1522943096.623996,50.1961,1412,0,4
1522943078.459865,32.032,1412,0,4
1529513492.089919,1.22184,1392,0,2
1529513491.07862,0.210544,105,1,2
1522953995.199477,3.77195,126,1,4
1522865359.363215,12.3931,1412,0,1
1522917994.310113,27.9945,1412,0,4
1529564287.349005,2.27717,1412,0,2
1527987829.296892,108.892,263,0,0
1529515408.760155,1.27939,1412,0,2
1528085260.773748,97.0031,232,0,0
1522853103.737591,4.681,125,1,1
1522763854.488458,9.46498,1412,1,1
1522956021.033566,1.33314,1412,0,4
1522953995.160165,3.73264,1412,0,4
1522842705.012957,21.2219,1412,0,1
1522768771.096471,20.2651,1412,1,1
1522928731.53735,26.0957,1294,0,4
1522865358.844109,11.874,1412,0,1
1522768765.882049,15.0507,1412,1,1
1529478747.613661,0.990053,1412,0,2
1522918702.401433,2.03942,1412,0,4
1522940274.232638,19.2382,1294,0,4
1522928705.65034,0.208723,74,1,4
1522943052.369184,5.94129,1412,0,4
1522953992.137356,0.709826,1412,0,4
1522956020.045295,0.344865,1412,0,4
1522928739.038034,33.5964,74,1,4
1522940256.051047,1.05658,254,0,4
1522768765.154247,14.3229,1412,1,1
1522886704.190099,15.3867,1412,0,1
1522763860.960324,15.9368,101,0,1
1522956064.958759,45.2583,1412,0,4
1522888894.633782,12.1421,125,1,1
1522868693.754931,8.79709,1412,0,1
1522954013.935374,22.5078,1412,0,4
1522865358.780539,11.8104,125,1,1
1522954026.674834,35.2473,1412,0,4
1522964064.05057,25.1062,1412,0,4
1522861277.786708,9.07782,1412,0,1
1529554552.965141,1.41521,1412,0,2
1522886708.905869,20.1024,1412,0,1
1522865358.839072,11.8689,1412,0,1
1529626612.840347,0.853016,930,0,2
1529554551.980922,0.430994,1148,0,2
1529644963.553011,0.791107,1412,0,2
1522943046.793754,0.365865,1412,0,4
1529478747.442057,0.818449,1412,0,2
1522868694.656274,9.69843,1412,0,1
1522859387.801722,11.1429,1412,0,1
1527924753.890861,103.356,104,1,0
1522981606.557459,48.6927,1412,0,4
1522964040.564284,1.61991,930,0,4
1522763854.389381,9.3659,1412,1,1
1522956031.42193,11.7215,1412,0,4
1527760572.152325,58.914,148,0,0
1529644963.10483,0.342926,125,1,2
1522886712.47773,23.6743,101,1,1
1522928759.095558,53.6539,74,1,4
1522842695.12028,11.3292,1412,0,1
1522859388.749162,12.0903,1412,0,1
1527924662.642698,12.108,100,0,0
1522954045.292218,53.8647,1412,0,4
1522943088.575026,42.1471,1412,0,4
1529634880.940201,0.531238,1412,0,2
1522768764.053787,13.2224,100,0,1
1522940280.619212,25.6247,1294,0,4
1522842697.928272,14.1372,101,1,1
1522954026.660982,35.2335,930,0,4
1522861277.781494,9.07261,1412,0,1
1522917999.555133,33.2395,1412,0,4
1522922655.991097,12.6055,1392,0,4
1522954013.864424,22.4369,1412,0,4
1522953995.195454,3.76792,1412,0,4
1529634881.946208,1.53725,1412,0,2
1527993497.16258,1.50971,87,0,0
1522868693.813585,8.85574,1412,0,1
1522865359.099667,12.1295,1412,0,1
1522917999.544263,33.2286,125,1,4
1522886705.198065,16.3946,1412,0,1
1527993564.239041,68.5862,1412,1,0
1527924755.911996,105.377,104,1,0
1522853103.984452,4.92786,1412,0,1
1522865359.405179,12.435,1258,0,1
1522981572.152528,14.2877,1412,0,4
1522943101.061158,54.6333,1412,0,4
1522964083.82481,44.8804,1412,0,4
1527760579.139125,65.9008,101,1,0
1522940274.213101,19.2186,1294,0,4
1522943057.517825,11.0899,1412,0,4
1527987818.964353,98.5598,87,0,0
1529634881.82262,1.41366,117,1,2
1527745312.699897,87.6228,92,0,0
1522861277.058134,8.34925,1412,0,1
1522918739.162473,38.8005,1412,0,4
1522953993.325238,1.89771,1412,0,4
1522763858.212331,13.1888,1412,1,1
1522763863.25638,18.2329,1412,1,1
1522886705.235278,16.4318,101,1,1
1529478747.463126,0.839518,1412,0,2
1522842708.036446,24.2454,1412,0,1
1522768774.743567,23.9122,1412,1,1
1522956069.287344,49.5869,1412,0,4
1522928758.922028,53.4804,1294,0,4
1529634881.084518,0.675555,1412,0,2
1522886698.395376,9.59194,1412,0,1
1522940313.828197,58.8337,1294,0,4
1529644962.957785,0.195881,1412,0,2
1522865358.773452,11.8033,1412,0,1
1522662279.389093,9.49819,112,0,3
1522928747.803294,42.3617,754,0,4
1522859388.708114,12.0493,1412,0,1
1522956065.484212,45.7838,233,1,4
1529515408.769779,1.28901,1412,0,2
1522964040.61727,1.6729,1412,0,4
1522853102.2788,3.2222,1412,0,1
1527741730.140353,12.2379,801,1,0
1522922696.750312,53.3648,1392,0,4
1522859387.83346,11.1746,1412,0,1
1529634881.076406,0.667443,1412,0,2
1522964051.344173,12.3998,126,1,4
1522842709.020371,25.2293,1412,0,1
1522940313.203058,58.2086,1294,0,4
1522964070.282203,31.3378,1412,0,4
1527741737.559086,19.6566,104,1,0
1527987797.291988,76.8874,236,0,0
1522964094.979266,56.0349,1412,0,4
1522928747.699358,42.2577,1294,0,4
1522940294.386645,39.3922,1294,0,4
1529644963.06037,0.298466,1412,0,2
1522940294.294631,39.3002,1294,0,4
1522763863.257591,18.2341,1412,1,1
1529564286.347445,1.27561,1412,0,2
1522842692.430296,8.63922,1412,0,1
1522865359.185926,12.2158,1412,0,1
1522943096.738949,50.3111,207,1,4
1529645506.907393,0.714924,1412,0,2
1522918753.300604,52.9386,1412,0,4
1522922662.127403,18.7419,1392,0,4
1529626612.999417,1.01209,1412,0,2
1529626612.902758,0.915427,1412,0,2
1522868694.00945,9.0516,1412,0,1
1522859387.813854,11.155,1412,0,1
1522956070.117176,50.4167,1412,0,4
1522922692.342126,48.9566,1392,0,4
1529554552.968333,1.41841,1412,0,2
1529626612.487437,0.500106,1412,0,2
1527993533.43708,37.7842,232,0,0
1522964070.323131,31.3788,1412,0,4
1529564285.653937,0.5821,1412,0,2
1522953993.286348,1.85882,126,1,4
1522964042.803386,3.85901,1412,0,4
1522928723.013286,17.5717,74,1,4
1522940315.002172,60.0077,74,1,4
1522859388.463006,11.8042,1412,0,1
1522868693.489188,8.53134,1412,0,1
1522886712.62171,23.8183,1412,0,1
1522763860.065497,15.042,1412,1,1
1527987754.224777,33.8202,87,0,0
1522943063.031266,16.6034,1412,0,4
1522953993.316248,1.88872,1412,0,4
1522953993.977582,2.55005,1412,0,4
1522940275.234907,20.2404,74,1,4
1522888894.145618,11.6539,1412,0,1
1529634881.525369,1.11641,1412,0,2
1522865359.26301,12.2929,1412,0,1
1522888894.840919,12.3492,1412,0,1
1522940302.488133,47.4937,74,1,4
1522928715.595442,10.1538,74,1,4
1522964084.166192,45.2218,1412,0,4
1529541636.033509,0.515799,1412,0,2
1522763863.494859,18.4714,101,0,1
1522853102.432934,3.37634,1412,0,1
1522940255.872054,0.877591,74,1,4
1529634881.76685,1.35789,1412,0,2
1522928709.716845,4.27523,1294,0,4
1522865359.130823,12.1607,1412,0,1
1527760597.181689,83.9434,235,0,0
1522842698.531748,14.7407,1412,0,1
1529564286.064033,0.992196,1412,0,2
1529644964.306481,1.54458,1412,0,2
1527851032.31414,70.7504,92,0,0
1522956064.938569,45.2381,1412,0,4
1522865358.072977,11.1028,1412,0,1
1522928738.972484,33.5309,74,1,4
1522868694.356664,9.39882,1412,0,1
1522953992.683211,1.25568,181,0,4
1522953995.198396,3.77087,1412,0,4
1529626612.56258,0.575249,1412,0,2
1522956031.583808,11.8834,1412,0,4
1522768771.161798,20.3305,1412,1,1
1529564286.056028,0.984191,930,0,2
1522842701.687945,17.8969,1412,0,1
1522861277.721156,9.01227,1412,0,1
1528083138.516262,81.4411,87,0,0
1522943078.499097,32.0712,1412,0,4
1522940261.57797,6.58351,74,1,4
1527924687.498369,36.9637,261,1,0
1522956021.504605,1.80418,1412,0,4
1522956070.488977,50.7885,1412,0,4
1522953994.768322,3.34079,1412,0,4
1522940314.149106,59.1546,74,1,4
1522763863.261678,18.2382,98,0,1
1522964042.813398,3.86903,1412,0,4
1522859387.743596,11.0848,1412,0,1
1522940269.969381,14.9749,1294,0,4
1522922655.852403,12.4669,1392,0,4
1522763856.383386,11.3599,92,0,1
1522964064.000513,25.0561,1412,0,4
1529541636.371638,0.853928,1412,0,2
1529634881.072452,0.663489,1412,0,2
1527987770.770427,50.3659,92,0,0
1522922696.757035,53.3715,1392,0,4
1529554552.026401,0.476473,1412,0,2
1529478746.959237,0.335629,1412,0,2
1522954003.498776,12.0712,1412,0,4
1522842707.44176,23.6507,1412,0,1
1529513490.980359,0.112283,1392,0,2
1522886697.866865,9.06343,101,1,1
1522918700.42909,0.067076,100,1,4
1522922645.32308,1.93753,1392,0,4
1522918720.257744,19.8957,1412,0,4
1529644963.903798,1.14189,1412,0,2
1527741811.684777,93.7823,385,1,0
1522940285.791419,30.797,1294,0,4
1522943073.359914,26.932,1412,0,4
1529645507.1111,0.918631,1412,0,2
1522918700.956511,0.594497,1412,0,4
1522964042.814403,3.87003,1412,0,4
1529644964.303907,1.542,1412,0,2
1529564285.530318,0.458481,1412,0,2
1522956038.909627,19.2092,1412,0,4
1522954035.1921,43.7646,1412,0,4
1522868694.303309,9.34546,1412,0,1
1522918009.817855,43.5022,1412,0,4
1522918720.154651,19.7926,1412,0,4
1522956047.057698,27.3573,1412,0,4
1522956053.207823,33.5074,1412,0,4
1522861277.663925,8.95504,1412,0,1
1522940275.164179,20.1697,74,1,4
1522853100.766329,1.70973,1412,0,1
1522940303.442682,48.4482,74,1,4
1522943101.141163,54.7133,1412,0,4
1522918719.161941,18.7999,1412,0,4
1522956021.003805,1.30338,1412,0,4
1527741788.073331,70.1708,166,1,0
1522940256.120063,1.1256,1294,0,4
1529541636.081919,0.564209,1412,0,2
1522842695.860137,12.0691,1412,0,1
1528085174.961603,11.191,245,0,0
1522859388.482005,11.8232,1412,0,1
1522928731.701362,26.2597,1294,0,4
1522956046.975438,27.275,1412,0,4
1529513491.089367,0.221291,1392,0,2
1522888894.035487,11.5438,1412,0,1
1522886706.230254,17.4268,1412,0,1
1522928744.236066,38.7944,1294,0,4
1522886699.797765,10.9943,1412,0,1
1522928739.05037,33.6088,1294,0,4
1529513491.338917,0.470841,1392,0,2
1522868693.385017,8.42717,1412,0,1
1522842700.519825,16.7287,1412,0,1
1527924755.405891,104.871,101,1,0
1529564287.725422,2.65358,1412,0,2
1522953993.981295,2.55377,1412,0,4
1522940275.27333,20.2789,74,1,4
1522918720.137812,19.7758,1412,0,4
1522981581.304586,23.4398,1412,0,4
1522954035.14176,43.7142,1412,0,4
1522928738.920904,33.4793,1294,0,4
1522943046.977073,0.549184,930,0,4
1522853102.962174,3.90558,1412,0,1
1522964099.24362,60.2992,1412,0,4
1522886710.38754,21.5841,1412,0,1
1522943082.729267,36.3014,1412,0,4
1522928739.049687,33.6081,74,1,4
1522956026.05534,6.35491,1412,0,4
1522763867.012181,21.9887,98,0,1
1522859387.975019,11.3162,1412,0,1
1522928717.697219,12.2556,74,1,4
1522865358.530513,11.5604,1412,0,1
1522964063.899291,24.9549,1412,0,4
1529564285.778624,0.706787,1412,0,2
1522888894.224554,11.7328,1412,0,1
1522768773.315029,22.4837,100,0,1
1522842701.68452,17.8934,1412,0,1
1522928715.423894,9.98228,74,1,4
1522918753.223183,52.8612,1412,0,4
1522943063.111486,16.6836,1412,0,4
1527850987.066397,25.5026,236,0,0
1522918702.376589,2.01458,1412,0,4
1522943052.366997,5.93911,1412,0,4
1522868694.172272,9.21443,1412,0,1
1527993580.333671,84.6808,258,1,0
1522943096.279599,49.8517,1412,0,4
1522940274.25177,19.2573,74,1,4
1522928738.992991,33.5514,1294,0,4
1522865359.136698,12.1665,1412,0,1
1529564287.888196,2.81636,1412,0,2
1522964063.797511,24.8531,1412,0,4
1522853105.217737,6.16114,119,1,1
1522981558.739884,0.875081,1412,0,4
1529554551.929328,0.3794,1412,0,2
1527924719.585449,69.0508,104,0,0
1529564288.009759,2.93792,468,0,2
1529515408.16589,0.685122,1412,0,2
1522964083.93783,44.9935,1412,0,4
1529478747.767998,1.14439,1412,0,2
1522865358.926285,11.9561,1412,0,1
1522853105.539343,6.48275,1412,0,1
1527741763.624158,45.7217,92,0,0
1522763857.72755,12.7041,1412,1,1
1522842707.920818,24.1297,104,1,1
1522861277.645926,8.93704,1412,0,1
1522940261.542428,6.54797,74,1,4
1522922683.184763,39.7992,1392,0,4
1522917983.558749,17.2431,1412,0,4
1522956065.029101,45.3287,107,1,4
1522763854.384355,9.36087,1412,1,1
1522928709.650502,4.20888,74,1,4
1522918720.304249,19.9422,1412,0,4
1522981606.81543,48.9506,1412,0,4
1522868693.782163,8.82432,1412,0,1
1522886697.710039,8.90661,1412,0,1
1529645506.922985,0.730516,1412,0,2
1522964099.88475,60.9404,125,1,4
1529513491.154955,0.286879,1392,0,2
1522928753.303863,47.8622,74,1,4
1522943052.379362,5.95147,1412,0,4
1522888894.427497,11.9358,1412,0,1
1522928706.063903,0.622286,1294,0,4
1529478747.494258,0.87065,1412,0,2
1522940280.678652,25.6842,1294,0,4
1522956038.66765,18.9672,1412,0,4
1528083069.341407,12.2662,87,0,0
1522859388.126108,11.4673,1412,0,1
1522956038.835996,19.1356,1412,0,4
1522954026.624816,35.1973,1412,0,4
1522842708.187871,24.3968,101,1,1
1522918024.536242,58.2206,1412,0,4
1522954003.088813,11.6613,1412,0,4
1522956069.32805,49.6276,1412,0,4
1522956038.672522,18.9721,1412,0,4
1522763858.052774,13.0293,1412,1,1
1529515408.447903,0.967135,1412,0,2
1522886710.955614,22.1522,101,1,1
1522868693.978034,9.02019,1412,0,1
1522861277.915286,9.2064,1412,0,1
1522928723.124631,17.683,74,1,4
1529478747.111033,0.487425,1412,0,2
1522956026.036773,6.33634,1412,0,4
1522865358.692199,11.722,1412,0,1
1529513491.392516,0.52444,1392,0,2
1529554552.160045,0.610117,1412,0,2
1522842694.963038,11.172,104,1,1
1522859388.025403,11.3666,1412,0,1
1522940303.762781,48.7683,1294,0,4
1529515408.403862,0.923094,1412,0,2
1522964084.003806,45.0594,1412,0,4
1522865359.098584,12.1284,1412,0,1
1522861278.100482,9.3916,1412,0,1
1522853100.846279,1.78968,1412,0,1
1522763864.936306,19.9128,1412,1,1
1527850973.604585,12.0408,1412,1,0
1529554552.899576,1.34965,1412,0,2
1522928709.611685,4.17007,86,1,4
1522964058.628893,19.6845,1412,0,4
1527987807.564685,87.1601,98,1,0
1529554552.960714,1.41079,1412,0,2
1522886699.472724,10.6693,1412,0,1
1522928709.649373,4.20776,1294,0,4
1522918702.472658,2.11064,1412,0,4
1522859388.630773,11.9719,1412,0,1
1529626612.711201,0.72387,1412,0,2
1522654307.239981,6.14865,175,1,3
1522940280.665467,25.671,1294,0,4
1522964051.494909,12.5505,1412,0,4
1522888894.135759,11.644,1412,0,1
1522861277.910301,9.20142,1412,0,1
1529564285.409637,0.3378,1412,0,2
1522865358.658618,11.6885,1412,0,1
1522922645.275075,1.88952,1392,0,4
1522768775.594108,24.7628,1412,1,1
1522868693.334698,8.37685,1412,0,1
1522943082.796058,36.3682,1412,0,4
1522981572.229966,14.3652,1412,0,4
1529564286.363643,1.29181,1412,0,2
1522940275.248396,20.2539,1294,0,4
1522768771.747891,20.9166,1412,1,1
1522859388.35074,11.6919,1412,0,1
1529634881.317478,0.908515,1412,0,2
1529644963.059473,0.297569,1412,0,2
1522922645.275282,1.88973,106,1,4
1522943106.868302,60.4404,1412,0,4
1522928722.94374,17.5021,74,1,4
1522922662.137476,18.7519,1392,0,4
1522981563.904348,6.03954,1412,0,4
1529564286.296539,1.2247,1412,0,2
1522859388.506757,11.8479,1412,0,1
1529626612.223764,0.236433,1412,0,2
1522922645.252084,1.86653,1392,0,4
1529564287.981098,2.90926,1412,0,2
1529554552.851761,1.30183,1412,0,2
1522853100.413451,1.35686,1412,0,1
1529515408.177818,0.69705,1412,0,2
1529645507.52108,1.32861,1412,0,2
1527851033.133182,71.5694,230,0,0
1522922645.347083,1.96153,1392,0,4
1522842706.887667,23.0966,1412,0,1
1529478747.19185,0.568242,1412,0,2
1522868693.637856,8.68001,1412,0,1
1529645508.001564,1.8091,1412,0,2
1522865358.911879,11.9417,1412,0,1
1522943057.439323,11.0114,1412,0,4
1529644963.383626,0.621722,1412,0,2
1522922645.130068,1.74452,1392,0,4
1529554551.570863,0.0209351,1412,0,2
1522943097.146666,50.7188,1412,0,4
1522868694.00747,9.04962,1412,0,1
1529541635.754386,0.236676,125,1,2
1522954003.251627,11.8241,1412,0,4
1522954026.686429,35.2589,1412,0,4
1522956047.040935,27.3405,1412,0,4
1522868693.49038,8.53254,1412,0,1
1522861278.353869,9.64498,125,1,1
1522888894.834771,12.3431,1412,0,1
1522953998.738428,7.3109,1412,0,4
1522943063.128369,16.7005,1412,0,4
1522943063.092912,16.665,1412,0,4
1522964095.696414,56.752,1412,0,4
1522853105.065644,6.00905,1412,0,1
1529541636.400282,0.882572,1412,0,2
1522964039.397818,0.453447,1412,0,4
1529634880.813,0.404037,1412,0,2
1522647188.907422,7.06065,1294,1,3
1529645507.428421,1.23595,1412,0,2
1522853103.130116,4.07352,1412,0,1
1529541636.242009,0.724299,1412,0,2
1529513491.356136,0.48806,1392,0,2
1522956038.827412,19.127,1412,0,4
1522981606.668499,48.8037,1412,0,4
1522922669.613791,26.2282,1392,0,4
1527791953.247494,31.7756,100,1,0
1522956053.173594,33.4732,1412,0,4
1522922696.577772,53.1922,1392,0,4
1522928747.853307,42.4117,74,1,4
1522964075.654533,36.7102,327,1,4
1522956047.07742,27.377,1412,0,4
1522964058.729301,19.7849,1412,0,4
1528085170.37568,6.60505,1412,0,0
1522943100.969842,54.542,1412,0,4
1527924651.035893,0.501237,1412,0,0
1522888894.393249,11.9015,1412,0,1
1529554551.569677,0.0197492,1412,0,2
1529515408.525848,1.04508,1412,0,2
1522922662.134093,18.7485,106,1,4
1522842705.11067,21.3196,1412,0,1
1522953994.810943,3.38341,1412,0,4
1522865358.86912,11.899,1412,0,1
1522922677.835701,34.4501,1392,0,4
1522943101.138278,54.7104,293,1,4
1529513491.356011,0.487935,1392,0,2
1529478747.145263,0.521655,1412,0,2
1522943057.559017,11.1311,1412,0,4
1522964058.709303,19.7649,1412,0,4
1522928705.666689,0.225072,74,1,4
1522954035.160828,43.7333,1412,0,4
1529644962.974767,0.212863,1412,0,2
1522763855.929188,10.9057,1412,1,1
1522918739.217506,38.8555,1412,0,4
1522956019.805005,0.104575,1412,0,4
1522859387.855811,11.197,1412,0,1
1529626613.061304,1.07397,1412,0,2
1529564287.298195,2.22636,1412,0,2
1522865359.25021,12.2801,1412,0,1
1522954026.733157,35.3056,1412,0,4
1522928723.11394,17.6723,1294,0,4
1522886702.13218,13.3287,101,1,1
1522956046.904399,27.204,1412,0,4
1522768765.149609,14.3183,1412,1,1
1529645507.129486,0.937017,125,1,2
1522940294.255443,39.261,1294,0,4
1529478747.172768,0.54916,1412,0,2
1529478747.494678,0.87107,1412,0,2
1522940274.210389,19.2159,1294,0,4
1522662270.696061,0.805162,74,1,3
1522853102.481495,3.4249,1412,0,1
1522940285.867212,30.8727,1294,0,4
1522964095.226824,56.2825,1412,0,4
1522865358.852423,11.8823,1412,0,1
1522886710.446774,21.6433,1412,0,1
1522964051.352115,12.4077,1412,0,4
1522964040.753748,1.80938,125,1,4
1522956065.582446,45.882,1412,0,4
1529626612.078577,0.0912461,1412,0,2
1529554552.502747,0.952819,1412,0,2
1522964051.508889,12.5645,1412,0,4
1522853102.564131,3.50754,1412,0,1
1522886704.007295,15.2039,101,1,1
1522956056.439091,36.7387,1412,0,4
1522853104.195603,5.13901,119,1,1
1529515408.550147,1.06938,1412,0,2
1528083086.721138,29.6459,92,0,0
1522868694.103387,9.14554,1412,0,1
1522868694.313273,9.35543,1412,0,1
1522853103.873717,4.81712,1412,0,1
1522953994.482595,3.05506,1412,0,4
1522861277.249323,8.54044,1412,0,1
1522943046.967504,0.539615,1412,0,4
1522886706.545295,17.7419,1412,0,1
1527760586.263686,73.0254,98,1,0
1528085253.119201,89.3486,92,0,0
1522888893.917277,11.4256,1412,0,1
1522859388.326563,11.6677,1412,0,1
1529554551.675337,0.125409,1412,0,2
1529478747.506353,0.882745,1412,0,2
1522842693.364314,9.57324,1355,0,1
1522842695.247706,11.4566,1412,0,1
1522888894.890082,12.3984,1412,0,1
1522940256.178079,1.18362,74,1,4
1522928739.086772,33.6452,1294,0,4
1522853100.978585,1.92199,1412,0,1
1522853101.84662,2.79002,1412,0,1
1522853100.508687,1.45209,1412,0,1
1529564286.398024,1.32619,126,1,2
1522886697.936925,9.13349,101,1,1
1528083163.32822,106.253,422,0,0
1522964040.814297,1.86993,1412,0,4
1522918739.22285,38.8608,1412,0,4
1529513491.19373,0.325654,1392,0,2
1522861277.0066,8.29771,1412,0,1
1522853105.127602,6.07101,113,1,1
1527741752.469857,34.5674,266,0,0
1522928723.057141,17.6155,1294,0,4
1529626612.383082,0.395751,1412,0,2
1529564286.744154,1.67232,1412,0,2
1522842698.593333,14.8023,101,1,1
1522861277.701806,8.99292,1412,0,1
1529554552.892453,1.34253,1412,0,2
1529515408.20851,0.727742,1412,0,2
1522861277.661236,8.95235,1412,0,1
1522865358.443306,11.4731,1412,0,1
1527993504.338536,8.68567,87,0,0
1522868693.829104,8.87126,1412,0,1
1522888894.575513,12.0838,125,1,1
1529626612.957568,0.970237,1412,0,2
1529513491.905925,1.03785,1392,0,2
1527924707.569795,57.0351,101,1,0
1527993596.113209,100.46,107,1,0
1522953998.781719,7.35419,126,1,4
1522853104.027613,4.97102,119,1,1
1529515408.062454,0.581686,1412,0,2
1522861277.640929,8.93204,1412,0,1
1522853102.461881,3.40529,1412,0,1
1522888894.298594,11.8069,1412,0,1
1522943097.029486,50.6016,1412,0,4
1522853104.807213,5.75062,1412,0,1
1522842698.806466,15.0154,1412,0,1
1522940275.200355,20.2059,1294,0,4
1522859387.782084,11.1233,1412,0,1
1522943082.734607,36.3067,1412,0,4
1522953999.115837,7.68831,930,0,4
1522928753.416347,47.9747,1294,0,4
1529644963.467034,0.70513,1412,0,2
1522928731.495523,26.0539,74,1,4
1522842707.667831,23.8768,104,1,1
1522928715.607999,10.1664,74,1,4
1522886702.916147,14.1127,101,1,1
1522928706.173901,0.732284,1294,0,4
1522956025.972824,6.27239,1412,0,4
1522888894.857696,12.366,1412,0,1
1522943078.448753,32.0209,125,1,4
1522918733.888345,33.5263,1412,0,4
1522918702.398657,2.03664,1412,0,4
1522981568.234719,10.3699,125,1,4
1528083116.376184,59.301,92,0,0
1522940274.249343,19.2549,74,1,4
1528083087.20924,30.134,92,0,0
1522956025.927851,6.22742,1412,0,4
1522861278.295516,9.58663,1412,0,1
1527851047.572422,86.0087,168,0,0
1522886701.469096,12.6657,101,1,1
1529554551.712365,0.162437,1412,0,2
1522853105.223056,6.16646,1412,0,1
1529478746.819167,0.195559,1412,0,2
1528085205.281011,41.5104,325,0,0
1522922683.267825,39.8823,1392,0,4
1522943063.106995,16.6791,1412,0,4
1529541635.842504,0.324794,1412,0,2
1522981572.091541,14.2267,1412,0,4
1522928715.606455,10.1648,74,1,4
1529513491.565677,0.697601,1392,0,2
1522861278.370289,9.6614,1412,0,1
1527987774.531424,54.1269,376,1,0
1522981563.815889,5.95109,1412,0,4
1527792005.826475,84.3545,268,1,0
1529515408.231653,0.750885,126,1,2
1522943078.588885,32.161,1412,0,4
1522763866.366441,21.343,112,0,1
1529564287.847195,2.77536,580,1,2
1522861278.225193,9.51631,1412,0,1
1529554552.307387,0.757459,1412,0,2
1529634881.945496,1.53653,1412,0,2
1522954003.208471,11.7809,1412,0,4
1522842704.734283,20.9432,1412,0,1
1522943106.156183,59.7283,1412,0,4
1522964076.524116,37.5797,1412,0,4
1522868694.708768,9.75092,1412,0,1
1522842709.737951,25.9469,104,1,1
1522964076.243098,37.2987,1412,0,4
1522842708.738727,24.9476,1412,0,1
1522964043.006552,4.06218,1412,0,4
1522868694.616423,9.65858,1412,0,1
1522842692.089437,8.29836,1412,0,1
1529626612.582061,0.59473,1412,0,2
1522861277.066132,8.35725,1412,0,1
1522763862.296095,17.2726,1412,1,1
1522956076.932332,57.2319,1412,0,4
1522859387.915119,11.2563,1412,0,1
1522888894.805433,12.3137,1412,0,1
1522922692.358914,48.9734,1392,0,4
1522853102.950581,3.89399,1412,0,1
1522940275.222021,20.2276,74,1,4
1527987814.518156,94.1136,1412,1,0
1522954035.205139,43.7776,1412,0,4
1522954003.21481,11.7873,1412,0,4
1522922652.578932,9.19338,1392,0,4
1529644963.107774,0.34587,1412,0,2
1522928722.979222,17.5376,1294,0,4
1529634881.818572,1.40961,1412,0,2
1522713580.789404,8.38599,74,1,3
1522922646.495126,3.10957,1392,0,4
1522940302.998789,48.0043,1294,0,4
1522956031.634063,11.9336,1412,0,4
1522922656.001259,12.6157,106,1,4
1522964042.97941,4.03504,1412,0,4
1529564285.808076,0.736239,1412,0,2
1522888894.72072,12.229,1412,0,1
1522859388.240635,11.5818,1412,0,1
1529626612.376335,0.389004,1412,0,2
1522953993.993223,2.56569,1412,0,4
1522928715.446047,10.0044,1294,0,4
1529478747.614885,0.991277,1412,0,2
1522842692.996937,9.20586,172,1,1
1522922655.946617,12.5611,106,1,4
1527745322.16875,97.0916,87,0,0
1529634881.941333,1.53237,1412,0,2
1522886702.905367,14.1019,1412,0,1
1529515408.784953,1.30419,1412,0,2
1522842694.051736,10.2607,1412,0,1
1522928709.756729,4.31511,1294,0,4
1522943057.474288,11.0464,1412,0,4
1529626612.411841,0.42451,1412,0,2
1522662277.209448,7.31855,74,1,3
1522886711.475725,22.6723,98,1,1
1527850989.447451,27.8837,103,1,0
1522964082.80074,43.8564,1412,0,4
1522956047.031524,27.3311,1412,0,4
1529626612.944812,0.957481,87,0,2
1522853099.878119,0.821524,1412,0,1
1522922696.565564,53.18,1392,0,4
1522940303.143743,48.1493,1294,0,4
1522853105.277323,6.22073,1412,0,1
1522956070.342451,50.642,1412,0,4
1522940261.550358,6.5559,1294,0,4
1522953992.085353,0.657823,1412,0,4
1529564286.325014,1.25318,1412,0,2
1522853103.089836,4.03324,1412,0,1
1522859387.924747,11.2659,1412,0,1
1522922662.068163,18.6826,642,1,4
1527741797.880516,79.978,233,0,0
1522886712.594401,23.791,1412,0,1
1522943106.477538,60.0496,1412,0,4
1529626612.966859,0.979528,1412,0,2
1522842694.501094,10.71,101,1,1
1527760537.351782,24.1135,101,1,0
1528085261.800642,98.03,92,0,0
1529554552.775755,1.22583,1412,0,2
1522768768.782162,17.9508,1412,1,1
1522956064.910178,45.2097,113,1,4
1522868694.7051,9.74726,1412,0,1
1529644964.189818,1.42791,1412,0,2
1527741828.187049,110.285,148,0,0
1529478747.867481,1.24387,1412,0,2
1522953992.639206,1.21168,1412,0,4
1522943097.054612,50.6267,199,1,4
1529515408.114382,0.633614,1412,0,2
1529478746.953238,0.32963,1412,0,2
1522956070.501195,50.8008,1412,0,4
1522956065.537169,45.8367,230,1,4
1522940289.001825,34.0074,1294,0,4
1527741806.389724,88.4872,98,1,0
1522956065.254754,45.5543,1412,0,4
1529645507.191821,0.999352,1412,0,2
1522715511.307861,7.2922,1294,0,3
1522940261.628259,6.6338,1294,0,4
1522928722.974201,17.5326,1294,0,4
1522886700.157625,11.3542,1412,0,1
1522842706.048526,22.2574,1412,0,1
1527851029.165702,67.6019,394,1,0
1522853105.866013,6.80942,1412,0,1
1529564285.508998,0.437161,1412,0,2
1529626612.64342,0.656089,1412,0,2
1529634881.745987,1.33702,1412,0,2
1522859388.458066,11.7992,1412,0,1
1522861277.517214,8.80833,125,1,1
1522853105.011714,5.95512,1412,0,1
1522861278.190037,9.48115,1412,0,1
1522763865.517966,20.4945,95,0,1
1522964063.899044,24.9547,1412,0,4
1529644963.894823,1.13292,1412,0,2
1522956056.524506,36.8241,1412,0,4
1529634882.048628,1.63967,117,1,2
1522865359.256987,12.2868,1412,0,1
1527745256.606654,31.5295,256,1,0
1529513490.980148,0.112072,1392,0,2
1522981572.273878,14.4091,1412,0,4
1522940261.487427,6.49296,74,1,4
1522635945.22353,4.15927,74,0,3
1529515408.075717,0.594949,1412,0,2
1529541635.905048,0.387338,1412,0,2
1522940270.048326,15.0539,1294,0,4
1522956031.497569,11.7971,1412,0,4
1529645507.215946,1.02348,1412,0,2
1522953998.642218,7.21469,1412,0,4
1522940313.1966,58.2021,1294,0,4
1522964058.625947,19.6816,1412,0,4
1522865358.619786,11.6496,1412,0,1
1522861277.67164,8.96275,1412,0,1
1522888893.911934,11.4202,1412,0,1
1522928709.421284,3.97967,1294,0,4
1529564285.818102,0.746265,1412,0,2
1522842691.976959,8.18588,1412,0,1
1529634881.073527,0.664564,1412,0,2
1522953993.270934,1.8434,126,1,4
1529634881.111479,0.702516,126,1,2
1529645506.455335,0.262866,100,1,2
1529513491.960178,1.0921,1392,0,2
1522964095.163385,56.219,1412,0,4
1529634880.92955,0.520587,1412,0,2
1522886712.783519,23.9801,1412,0,1
1522928731.517324,26.0757,1294,0,4
1522928715.535805,10.0942,1294,0,4
1529626613.013493,1.02616,1412,0,2
1529515408.402912,0.922144,1412,0,2
1527760622.960864,109.723,87,0,0
1522964070.316498,31.3721,1412,0,4
1522940304.038782,49.0443,1294,0,4
1529478746.926266,0.302658,119,1,2
1522953994.710933,3.2834,1412,0,4
1529564285.639242,0.567405,1412,0,2
1522763853.823328,8.79985,1412,1,1
1522763855.68008,10.6566,1412,1,1
1522940275.188629,20.1942,1294,0,4
1522954026.713924,35.2864,1412,0,4
1522861278.368692,9.65981,1412,0,1
1522940280.694369,25.6999,1294,0,4
1529634881.347308,0.938345,1412,0,2
1529515408.382321,0.901553,125,1,2
1522940275.272007,20.2775,74,1,4
1529644962.868248,0.106344,1412,0,2
1522964039.641208,0.696837,1412,0,4
1522917999.551464,33.2358,1412,0,4
1529554552.496248,0.94632,1412,0,2
1529478746.946271,0.322663,1412,0,2
1522956020.551712,0.851282,126,1,4
1522763853.501835,8.47835,95,0,1
1522715510.957267,6.94161,86,1,3
1522940256.05005,1.05559,1294,0,4
1522928709.531982,4.09036,1294,0,4
1522928729.309216,23.8676,1294,0,4
1522888894.359763,11.868,1412,0,1
1522859387.681842,11.023,1412,0,1
1529515408.75783,1.27706,1412,0,2
1522928709.690845,4.24923,1294,0,4
1522888894.494361,12.0026,1412,0,1
1522853101.253086,2.19649,1412,0,1
1522763862.840314,17.8168,1412,1,1
1522981563.836664,5.97186,1412,0,4
1522888894.456984,11.9653,1412,0,1
1529554552.199307,0.649379,1412,0,2
1529515408.355768,0.875,125,1,2
1529478746.670288,0.04668,100,1,2
1522922655.913712,12.5282,1392,0,4
1522922669.642145,26.2566,1392,0,4
1522768767.468493,16.6372,1412,1,1
1529626612.355661,0.36833,1412,0,2
1522964095.76846,56.8241,355,1,4
1527924691.979824,41.4452,469,1,0
1522918739.290517,38.9285,1412,0,4
1522981558.248337,0.383534,1412,0,4
1522859388.114136,11.4553,119,1,1
1522964099.257108,60.3127,1412,0,4
1522853100.929358,1.87276,116,1,1
1527745253.248076,28.171,101,1,0
1522868694.487889,9.53004,1412,0,1
1522928709.564144,4.12253,86,1,4
1522940261.657987,6.66352,1294,0,4
1522943088.528826,42.1009,1412,0,4
1522865359.442342,12.4722,1412,0,1
1522865359.484223,12.5141,1412,0,1
1522842702.85392,19.0628,1412,0,1
1522928739.012627,33.571,1294,0,4
1522886708.881089,20.0777,1412,0,1
1522842702.01676,18.2257,1412,0,1
1522928709.441461,3.99984,1294,0,4
1522964076.288395,37.344,339,1,4
1522943096.958885,50.531,1412,0,4
1522918739.29642,38.9344,126,1,4
1522922696.640927,53.2554,106,1,4
1522928738.937749,33.4961,74,1,4
1522918739.252486,38.8905,1412,0,4
1522715506.658056,2.6424,188,1,3
1522886699.518505,10.7151,1412,0,1
1522768758.646027,7.81469,103,1,1
1522886710.926938,22.1235,1412,0,1
1522842698.00115,14.2101,1412,0,1
1522763866.601838,21.5784,1412,1,1
1522853102.245032,3.18844,1412,0,1
1529644963.054647,0.292743,1412,0,2
1522763860.204992,15.1815,1412,1,1
1522886706.402189,17.5988,1412,0,1
1522768775.009939,24.1786,1412,1,1
1522956031.510682,11.8103,1412,0,4
1528083062.985026,5.90983,87,0,0
1522859387.765459,11.1066,1412,0,1
1522886699.228366,10.4249,1412,0,1
1522918733.890896,33.5289,1412,0,4
1529626612.344698,0.357367,1412,0,2
1522953995.139993,3.71246,1412,0,4
1522956026.093846,6.39342,1412,0,4
1522964063.964333,25.02,1412,0,4
1529541635.769325,0.251615,1412,0,2
1522954003.132444,11.7049,1412,0,4
1522928722.949393,17.5078,1294,0,4
1522842709.91816,26.1271,1412,0,1
1522981606.305988,48.4412,151,1,4
1522928738.981537,33.5399,1294,0,4
1529564287.965872,2.89404,1412,0,2
1522956038.762289,19.0619,1412,0,4
1522943096.697391,50.2695,1412,0,4
1529478746.991754,0.368146,1412,0,2
1528085260.622645,96.852,104,1,0
1522888894.292173,11.8005,1412,0,1
1522763858.720623,13.6971,1412,1,1
1522928739.064779,33.6232,1294,0,4
1529478746.878164,0.254556,125,1,2
1522964040.57727,1.6329,930,0,4
1522865358.856818,11.8867,1412,0,1
1522768763.006674,12.1753,97,0,1
1522763861.100328,16.0768,1412,1,1
1522859387.9545,11.2957,1412,0,1
1522763859.460039,14.4366,95,0,1
1522886707.907352,19.1039,1412,0,1
1522635952.729144,11.6649,104,0,3
1522647189.880457,8.03368,74,0,3
1522865358.05127,11.0811,1412,0,1
1522768764.959209,14.1279,1412,1,1
1529564287.662176,2.59034,1412,0,2
1529513492.042633,1.17456,920,0,2
1529541636.388984,0.871274,1412,0,2
1522953994.493881,3.06635,126,1,4
1522964051.445437,12.5011,1412,0,4
1529644964.306484,1.54458,814,0,2
1529634881.742283,1.33332,1412,0,2
1529554552.945153,1.39523,1412,0,2
1529554552.203062,0.653134,1412,0,2
1529554551.833375,0.283447,1412,0,2
1522768764.941453,14.1101,1412,1,1
1522964063.946607,25.0022,1412,0,4
1522964039.612246,0.667875,1412,0,4
1529541636.571666,1.05396,1412,0,2
1527741800.051571,82.1491,148,0,0
1522865358.208452,11.2383,1412,0,1
1522928747.657916,42.2163,1294,0,4
1522928758.751914,53.3103,74,1,4
1529644963.585076,0.823172,87,0,2
1522763864.091461,19.068,1412,1,1
1529478747.465215,0.841607,1412,0,2
1522763853.563397,8.53991,1412,1,1
1522886706.565784,17.7624,1412,0,1
1527760516.414414,3.1761,92,0,0
1522964058.566117,19.6217,1412,0,4
1522943107.295563,60.8677,119,1,4
1527745280.64387,55.5668,107,1,0
1522654301.579427,0.488097,1294,0,3
1529634881.074257,0.665294,1412,0,2
1522954013.98599,22.5585,1412,0,4
1529554552.480719,0.930791,1412,0,2
1522956077.617834,57.9174,107,1,4
1527745326.004194,100.927,92,0,0
1522918702.450591,2.08858,1412,0,4
1529634882.014431,1.60547,1412,0,2
1522943082.693649,36.2658,1412,0,4
1522943096.819914,50.392,1412,0,4
1522768764.014849,13.1835,1412,1,1
1522954026.619948,35.1924,1412,0,4
1522964076.459145,37.5148,1412,0,4
1529554552.232712,0.682784,1412,0,2
1522886706.460238,17.6568,1412,0,1
1522940294.383127,39.3887,1294,0,4
1522647189.331516,7.48474,1294,1,3
1522768766.314008,15.4827,100,0,1
1522928731.620844,26.1792,1294,0,4
1529644963.369532,0.607628,1412,0,2
1522954026.74982,35.3223,1412,0,4
1522928723.087865,17.6462,1294,0,4
1522853103.555337,4.49874,125,1,1
1522928738.92731,33.4857,1294,0,4
1527791932.401585,10.9296,94,1,0
1522954045.32623,53.8987,1412,0,4
1529541636.714962,1.19725,1412,0,2
1522886709.789531,20.9861,101,1,1
1522768764.237532,13.4062,97,0,1
1522859388.844931,12.1861,1412,0,1
1522956038.933067,19.2326,1412,0,4
1522940263.759722,8.76526,1294,0,4
1522940303.373994,48.3795,1294,0,4
1522888894.969347,12.4776,1412,0,1
1522853105.214703,6.15811,122,1,1
1527741719.998563,2.09608,110,1,0
1529645506.869713,0.677244,1412,0,2
1522940256.186062,1.1916,1294,0,4
1529478746.793978,0.17037,1412,0,2
1522940280.542538,25.5481,1294,0,4
1529478747.122258,0.49865,119,1,2
1528085198.205318,34.4347,389,1,0
1529513490.984346,0.11627,80,1,2
1529634881.538513,1.12955,1412,0,2
1529645507.938711,1.74624,1412,0,2
1528085257.359243,93.5886,87,0,0
1522928731.740237,26.2986,1294,0,4
1529626612.378898,0.391567,1412,0,2
1522861278.30859,9.5997,1412,0,1
1522943052.204311,5.77642,1412,0,4
1522940285.719357,30.7249,1294,0,4
1522865358.599507,11.6293,1412,0,1
1522768768.460076,17.6287,1412,1,1
1522865358.213581,11.2434,1412,0,1
1522868693.838789,8.88094,1412,0,1
1522918753.025526,52.6635,289,1,4
1522928739.050217,33.6086,74,1,4
1529541636.395394,0.877684,1412,0,2
1522886713.4568,24.6534,1412,0,1
1522865358.893076,11.9229,1412,0,1
1522928752.901247,47.4596,1294,0,4
1522928706.074906,0.633289,1294,0,4
1522768771.109747,20.2784,1412,1,1
1522956056.548596,36.8482,1412,0,4
1529634881.353766,0.944803,1412,0,2
1522763859.75211,14.7286,98,0,1
1522861277.23089,8.52201,1412,0,1
1522853101.9639,2.90731,1412,0,1
1522981563.883864,6.01906,1412,0,4
1522956069.305131,49.6047,1412,0,4
1522918733.892229,33.5302,1412,0,4
1522861277.699256,8.99037,1412,0,1
1529645506.566292,0.373823,1412,0,2
1522842705.631505,21.8404,1412,0,1
1522928731.678534,26.2369,74,1,4
1522842704.837169,21.0461,1412,0,1
1529541635.908761,0.391051,1412,0,2
1522861277.065041,8.35616,1412,0,1
1522954013.995381,22.5679,1412,0,4
1522956019.78601,0.0855801,1412,0,4
1529513491.806256,0.93818,1392,0,2
1528085236.574069,72.8034,87,0,0
1522768772.002399,21.1711,1412,1,1
1522853103.717448,4.66085,1412,0,1
1529554552.356756,0.806828,1412,0,2
1522868693.823948,8.8661,1412,0,1
1522842709.528702,25.7376,1412,0,1
1522842706.097925,22.3068,1412,0,1
1522953992.13882,0.71129,1412,0,4
1522954045.268231,53.8407,1412,0,4
1529645507.207754,1.01529,1412,0,2
1522842710.611988,26.8209,1412,0,1
1522842710.826999,27.0359,1412,0,1
1527760577.358026,64.1197,328,0,0
1522956031.450154,11.7497,1412,0,4
1522865358.294952,11.3248,1412,0,1
1522842703.788385,19.9973,1412,0,1
1529513491.673104,0.805028,1392,0,2
1529634881.592632,1.18367,117,1,2
1522964095.222416,56.278,255,1,4
1529645507.207111,1.01464,1412,0,2
1522940294.228549,39.2341,74,1,4
1522943106.297736,59.8698,1412,0,4
1522888894.042122,11.5504,1412,0,1
1522918752.703325,52.3413,1412,0,4
1522954045.258229,53.8307,1412,0,4
1522865358.684138,11.714,1412,0,1
1522716072.559414,0.0341358,74,1,3
1522940285.763746,30.7693,1294,0,4
1522943101.450178,55.0223,1412,0,4
1522861277.425231,8.71635,1412,0,1
1522928753.115006,47.6734,74,1,4
1522768770.010309,19.179,1412,1,1
1529513491.319542,0.451466,1392,0,2
1522943052.339321,5.91143,1412,0,4
1527924663.912425,13.3778,87,0,0
1527924732.192279,81.6576,98,1,0
1522716080.424091,7.89881,1294,0,3
1522964058.557605,19.6132,125,1,4
1527987808.775989,88.3714,101,1,0
1529644963.050973,0.289069,1412,0,2
1522888894.037556,11.5458,1412,0,1
1522842700.804604,17.0135,1412,0,1
1522964095.004375,56.06,1412,0,4
1522943100.916147,54.4883,1412,0,4
1529554552.155367,0.605439,1412,0,2
1522917972.797572,6.48191,1412,0,4
1522861278.23654,9.52766,1412,0,1
1529554551.904698,0.35477,1412,0,2
1522956038.767361,19.0669,1412,0,4
1522928731.551345,26.1097,1294,0,4
1522964070.301684,31.3573,1412,0,4
1522763857.715635,12.6922,1412,1,1
1522981572.096153,14.2313,1412,0,4
1522940280.489472,25.495,1294,0,4
1522859388.047139,11.3883,1412,0,1
1522861277.296002,8.58712,930,0,1
1522888894.144544,11.6528,930,0,1
1527850973.502492,11.9387,261,0,0
1522964083.669746,44.7254,1412,0,4
1529626612.324193,0.336862,1412,0,2
1529645507.46364,1.27117,1412,0,2
1522928748.497017,43.0554,74,1,4
1522918720.331049,19.969,1412,0,4
1529541636.38711,0.8694,1412,0,2
1528085245.492758,81.7221,263,1,0
1522888893.891478,11.3998,1412,0,1
1529634881.796388,1.38742,1412,0,2
1522928748.198165,42.7565,86,1,4
1522928731.702374,26.2608,1294,0,4
1522956069.408339,49.7079,1412,0,4
1522981605.804264,47.9395,1412,0,4
1522918720.322279,19.9603,1412,0,4
1522964095.513404,56.569,1412,0,4
1522886709.686899,20.8835,1412,0,1
1522943082.749684,36.3218,1412,0,4
1522865358.545713,11.5756,1412,0,1
1522859388.534586,11.8758,1412,0,1
1522768766.916249,16.0849,100,0,1
1522768771.580988,20.7497,100,0,1
1522956069.377368,49.6769,107,1,4
1522928715.53746,10.0958,74,1,4
1522940261.652387,6.65792,1294,0,4
1522981606.672897,48.8081,153,1,4
1522859388.334066,11.6752,1412,0,1
1522943057.469926,11.042,1412,0,4
1522940314.157805,59.1633,1294,0,4
1522763861.691708,16.6682,1412,1,1
1522859388.223377,11.5645,1412,0,1
1522853103.911013,4.85442,1412,0,1
1529626612.660788,0.673457,126,1,2
1529478747.562216,0.938608,1412,0,2
1522956077.173161,57.4727,1412,0,4
1522918720.328795,19.9668,1412,0,4
1527741818.582375,100.68,104,1,0
1522981606.560124,48.6953,1412,0,4
1522940261.673907,6.67944,74,1,4
1522763863.123749,18.1003,1412,1,1
1529478747.415926,0.792318,1412,0,2
1522940256.133782,1.13932,1294,0,4
1522917999.550859,33.2352,1412,0,4
1522964058.620881,19.6765,1412,0,4
1522956046.931669,27.2312,1412,0,4
1527760625.827547,112.589,104,1,0
1522853103.526589,4.46999,110,1,1
1522922677.844394,34.4588,1392,0,4
1529478747.77551,1.1519,1412,0,2
1529634880.700797,0.291834,1412,0,2
1522865358.104578,11.1344,1412,0,1
1522842709.241886,25.4508,101,1,1
1522859388.376479,11.7176,1412,0,1
1522763854.949477,9.92599,1412,1,1
1522842710.280838,26.4898,1412,0,1
1522868693.717147,8.7593,1412,0,1
1522763861.733069,16.7096,98,0,1
1529564286.266621,1.19478,1412,0,2
1522940302.471854,47.4774,1294,0,4
1522861277.186672,8.47779,1412,0,1
1522943046.772927,0.345038,1412,0,4
1522956053.179923,33.4795,1412,0,4
1522956047.074795,27.3744,1412,0,4
1522956038.818246,19.1178,1412,0,4
1522943088.475325,42.0474,1412,0,4
1522853104.065573,5.00898,119,1,1
1522954013.978431,22.5509,1412,0,4
1522768774.760322,23.929,1412,1,1
1522964039.385783,0.441412,1412,0,4
1522964040.560271,1.6159,1412,0,4
1522928744.382819,38.9412,1294,0,4
1529645508.157535,1.96507,125,1,2
1529564287.61648,2.54464,1412,0,2
1522940270.04013,15.0457,74,1,4
1522940313.919683,58.9252,74,1,4
1522956077.157772,57.4573,1412,0,4
1522964083.40748,44.4631,1412,0,4
1522768773.33359,22.5023,1412,1,1
1529644963.358879,0.596975,1412,0,2
1522861277.809862,9.10098,1412,0,1
1522865359.281363,12.3112,1412,0,1
1529513491.82911,0.961034,1392,0,2
1522842701.281993,17.4909,1412,0,1
1529541636.671473,1.15376,1412,0,2
1529564287.68299,2.61115,1412,0,2
1522956026.094056,6.39363,126,1,4
1522654302.24057,1.14924,210,0,3
1522928748.375489,42.9339,1294,0,4
1529634881.809976,1.40101,1412,0,2
1522868693.859784,8.90194,1412,0,1
1522861277.630302,8.92142,1412,0,1
1522943101.762197,55.3343,1412,0,4
1522763853.503493,8.48001,1412,1,1
1522918700.951516,0.589502,1412,0,4
1522768770.735615,19.9043,1412,1,1
1528083170.177489,113.102,235,0,0
1522842694.470082,10.679,1412,0,1
1522888894.24575,11.754,1412,0,1
1529515408.188928,0.70816,1412,0,2
1522861278.046238,9.33735,1412,0,1
1529626612.646115,0.658784,1412,0,2
